latitude,longitude,brightness,scan,track,acq_date,acq_time,satellite,instrument,confidence,version,bright_t31,frp,daynight,type
-14.2922,-67.6215,309.7,1.5,1.2,2023-01-01,0307,Terra,MODIS,78,61.03,289.8,14.4,N,0
0.9042,-74.5017,306.3,1,1,2023-01-01,0311,Terra,MODIS,62,61.03,288.2,6.3,N,0
0.8042,-74.3628,308,1,1,2023-01-01,0311,Terra,MODIS,43,61.03,290.4,8,N,0
0.5987,-75.5575,303.8,1,1,2023-01-01,0311,Terra,MODIS,57,61.03,292.1,4.6,N,0
0.7953,-74.3616,324.2,1,1,2023-01-01,0311,Terra,MODIS,100,61.03,291.5,21.9,N,0
0.7965,-74.3526,315.7,1,1,2023-01-01,0311,Terra,MODIS,68,61.03,291.4,13.4,N,0
0.5508,-75.3721,301.4,1,1,2023-01-01,0311,Terra,MODIS,38,61.03,289.5,3.2,N,0
0.7864,-74.3544,313.5,1,1,2023-01-01,0311,Terra,MODIS,87,61.03,289.3,10.7,N,0
0.8078,-74.7896,303.1,1,1,2023-01-01,0311,Terra,MODIS,53,61.03,286.9,4.9,N,0
0.6821,-75.8188,308.2,1,1,2023-01-01,0311,Terra,MODIS,74,61.03,291.7,7.9,N,0
0.9131,-74.503,326,1,1,2023-01-01,0311,Terra,MODIS,100,61.03,288.1,23.7,N,0
2.8113,-73.5085,312.1,1.1,1,2023-01-01,0312,Terra,MODIS,84,61.03,293.6,11.9,N,0
2.9398,-74.2991,308.6,1,1,2023-01-01,0312,Terra,MODIS,75,61.03,291,8.2,N,0
2.5555,-74.5455,317.5,1,1,2023-01-01,0312,Terra,MODIS,95,61.03,292.2,14.8,N,0
2.9385,-74.3083,303.1,1,1,2023-01-01,0312,Terra,MODIS,53,61.03,291.2,4.8,N,0
-9.3045,-50.1429,310.4,3.9,1.8,2023-01-01,1631,Aqua,MODIS,27,61.03,292.4,42.7,D,0
-2.5991,-49.2265,314.2,2.6,1.6,2023-01-01,1632,Aqua,MODIS,69,61.03,293.4,35.5,D,2
-2.7328,-49.3204,310.8,2.7,1.6,2023-01-01,1632,Aqua,MODIS,57,61.03,292.8,25.1,D,0
-17.0396,-64.862,316.6,1,1,2023-01-01,1807,Aqua,MODIS,50,61.03,298,6.6,D,0
-18.4077,-58.8656,319.7,1.5,1.2,2023-01-01,1807,Aqua,MODIS,0,61.03,292.4,14.2,D,0
-18.8278,-63.1252,324.4,1,1,2023-01-01,1807,Aqua,MODIS,68,61.03,303.4,9.4,D,0
-18.6274,-63.137,323.1,1,1,2023-01-01,1807,Aqua,MODIS,71,61.03,302.6,9.4,D,0
-17.6222,-57.1816,330.6,2,1.4,2023-01-01,1807,Aqua,MODIS,69,61.03,292.7,45,D,0
-18.2408,-61.8252,337.9,1,1,2023-01-01,1807,Aqua,MODIS,87,61.03,292.9,35,D,0
-18.2423,-61.835,326.1,1,1,2023-01-01,1807,Aqua,MODIS,74,61.03,291.7,18,D,0
-18.2331,-61.8366,332.2,1,1,2023-01-01,1807,Aqua,MODIS,78,61.03,292.3,26.9,D,0
-18.3457,-62.6552,326.8,1,1,2023-01-01,1807,Aqua,MODIS,63,61.03,296.3,14.4,D,0
-18.3353,-62.6472,344.2,1,1,2023-01-01,1807,Aqua,MODIS,92,61.03,303,40.4,D,0
-18.3367,-62.6567,396.9,1,1,2023-01-01,1807,Aqua,MODIS,100,61.03,305.6,227.3,D,0
-18.3381,-62.6661,321.8,1,1,2023-01-01,1807,Aqua,MODIS,44,61.03,296.3,8.9,D,0
-18.3705,-63.2741,328.2,1,1,2023-01-01,1807,Aqua,MODIS,61,61.03,304.5,12.8,D,0
-18.306,-63.2076,329.7,1,1,2023-01-01,1807,Aqua,MODIS,79,61.03,306.2,9.8,D,0
-17.1951,-64.5884,315.9,1,1,2023-01-01,1807,Aqua,MODIS,41,61.03,296.6,6.1,D,0
-15.1609,-66.995,310.8,1.2,1.1,2023-01-01,1808,Aqua,MODIS,48,61.03,294.5,8.7,D,0
-14.2953,-67.6235,318.2,1.3,1.1,2023-01-01,1808,Aqua,MODIS,71,61.03,296.5,16.5,D,0
-13.4668,-64.4897,327.4,1,1,2023-01-01,1808,Aqua,MODIS,79,61.03,298.5,16.2,D,0
-13.4578,-64.491,316.6,1,1,2023-01-01,1808,Aqua,MODIS,62,61.03,298.5,5.5,D,0
-13.2891,-66.3619,323.9,1.1,1,2023-01-01,1808,Aqua,MODIS,76,61.03,298.3,13.9,D,0
-13.2797,-66.3633,324.2,1.1,1,2023-01-01,1808,Aqua,MODIS,77,61.03,298.7,14.7,D,0
-12.4421,-63.9599,332.1,1,1,2023-01-01,1808,Aqua,MODIS,85,61.03,296.9,24.4,D,0
-12.4331,-63.9612,315.1,1,1,2023-01-01,1808,Aqua,MODIS,55,61.03,296.6,6,D,0
-12.3722,-63.8642,330.7,1,1,2023-01-01,1808,Aqua,MODIS,51,61.03,306.3,21.1,D,0
-7.4421,-61.4238,313.2,1.5,1.2,2023-01-01,1810,Aqua,MODIS,46,61.03,292.4,10.4,D,0
-6.7681,-59.4061,314,2.2,1.4,2023-01-01,1810,Aqua,MODIS,53,61.03,293.1,19,D,0
-6.6839,-59.1319,312.9,2.3,1.5,2023-01-01,1810,Aqua,MODIS,43,61.03,290.9,16.5,D,0
-6.6873,-59.1525,314.5,2.3,1.5,2023-01-01,1810,Aqua,MODIS,52,61.03,292.2,21.6,D,0
-6.6862,-59.1389,317.6,2.3,1.5,2023-01-01,1810,Aqua,MODIS,58,61.03,293.2,29.3,D,0
-1.4661,-70.2893,313.4,1.3,1.1,2023-01-01,1811,Aqua,MODIS,0,61.03,296.8,11.7,D,0
0.7908,-74.3497,323.4,2.5,1.5,2023-01-01,1812,Aqua,MODIS,77,61.03,290.9,55.2,D,0
0.7875,-74.3717,342.7,2.5,1.5,2023-01-01,1812,Aqua,MODIS,93,61.03,291.3,159.5,D,0
0.7988,-74.3578,328.5,2.5,1.5,2023-01-01,1812,Aqua,MODIS,73,61.03,293,76.3,D,0
0.732,-74.7908,314.9,2.7,1.6,2023-01-01,1812,Aqua,MODIS,36,61.03,290.1,35.9,D,0
5.0569,-67.885,316.7,1,1,2023-01-01,1813,Aqua,MODIS,38,61.03,296.4,6.7,D,0
2.9264,-72.7031,322.8,1.7,1.3,2023-01-01,1813,Aqua,MODIS,79,61.03,295.7,25.9,D,0
2.94,-72.6898,318.8,1.7,1.3,2023-01-01,1813,Aqua,MODIS,51,61.03,294.6,16.4,D,0
2.9377,-72.7048,331.5,1.7,1.3,2023-01-01,1813,Aqua,MODIS,86,61.03,294.5,47.1,D,0
3.0806,-72.0483,334.5,1.5,1.2,2023-01-01,1813,Aqua,MODIS,88,61.03,296.6,46.6,D,0
3.0914,-72.0499,319.5,1.5,1.2,2023-01-01,1813,Aqua,MODIS,61,61.03,295.8,16.5,D,0
3.0851,-72.0408,325.1,1.5,1.2,2023-01-01,1813,Aqua,MODIS,81,61.03,296.9,25.9,D,0
3.083,-72.0541,325.4,1.5,1.2,2023-01-01,1813,Aqua,MODIS,81,61.03,296.7,27.5,D,0
3.3541,-71.8399,313.6,1.4,1.2,2023-01-01,1813,Aqua,MODIS,48,61.03,292.3,10.6,D,0
3.9103,-70.5727,320.3,1.2,1.1,2023-01-01,1813,Aqua,MODIS,68,61.03,294.6,13.2,D,0
3.9088,-70.5832,318.9,1.2,1.1,2023-01-01,1813,Aqua,MODIS,57,61.03,296.5,10.3,D,0
4.2623,-70.6173,328.3,1.2,1.1,2023-01-01,1813,Aqua,MODIS,82,61.03,290.9,23.9,D,0
4.2673,-70.6502,319.1,1.2,1.1,2023-01-01,1813,Aqua,MODIS,64,61.03,287.6,12.7,D,0
4.2636,-70.8779,312,1.2,1.1,2023-01-01,1813,Aqua,MODIS,0,61.03,287.3,8.4,D,0
4.3418,-70.9072,319.7,1.2,1.1,2023-01-01,1813,Aqua,MODIS,66,61.03,283.8,15.4,D,0
4.3402,-70.918,318.1,1.2,1.1,2023-01-01,1813,Aqua,MODIS,68,61.03,283.7,13.9,D,0
4.5858,-69.6099,323.7,1.1,1,2023-01-01,1813,Aqua,MODIS,51,61.03,301.7,9.1,D,0
4.8141,-68.2286,316.9,1,1,2023-01-01,1813,Aqua,MODIS,64,61.03,295.4,7.7,D,0
4.8128,-68.2375,335.7,1,1,2023-01-01,1813,Aqua,MODIS,87,61.03,295.3,29.8,D,0
4.4664,-71.0382,312.3,1.2,1.1,2023-01-01,1813,Aqua,MODIS,21,61.03,283.6,7.8,D,0
4.8659,-69.8441,321.3,1.1,1,2023-01-01,1813,Aqua,MODIS,63,61.03,293.3,8.9,D,0
4.6658,-71.755,311.8,1.4,1.2,2023-01-01,1813,Aqua,MODIS,52,61.03,290.3,8.5,D,0
4.664,-71.7671,326.9,1.4,1.2,2023-01-01,1813,Aqua,MODIS,82,61.03,291.5,31.7,D,0
5.2808,-67.9364,328.1,1,1,2023-01-01,1813,Aqua,MODIS,46,61.03,295.2,15.3,D,0
5.2795,-67.9453,345.8,1,1,2023-01-01,1813,Aqua,MODIS,93,61.03,299.7,43.7,D,0
4.7469,-71.7615,315.9,1.4,1.2,2023-01-01,1813,Aqua,MODIS,49,61.03,288.2,14.7,D,0
4.9314,-70.8737,312.9,1.2,1.1,2023-01-01,1813,Aqua,MODIS,44,61.03,289.7,7,D,0
5.4236,-67.5771,315.7,1,1,2023-01-01,1813,Aqua,MODIS,26,61.03,295.7,5.2,D,0
4.989,-71.652,311.2,1.3,1.1,2023-01-01,1813,Aqua,MODIS,44,61.03,287.3,9.1,D,0
5.9649,-67.6551,321.8,1,1,2023-01-01,1813,Aqua,MODIS,55,61.03,299.5,8.2,D,0
5.9636,-67.6642,329.3,1,1,2023-01-01,1813,Aqua,MODIS,80,61.03,299.4,17.1,D,0
5.9726,-67.6655,339.9,1,1,2023-01-01,1813,Aqua,MODIS,89,61.03,299.2,31.3,D,0
5.5928,-70.6701,314,1.1,1.1,2023-01-01,1813,Aqua,MODIS,41,61.03,287.7,8.9,D,0
5.8001,-69.3134,320.1,1,1,2023-01-01,1813,Aqua,MODIS,53,61.03,294.8,9.9,D,0
-6.5785,-51.0904,302.3,1.1,1,2023-01-02,0456,Aqua,MODIS,48,61.03,289.9,4.6,N,2
-6.5678,-51.0986,302,1.1,1,2023-01-02,0456,Aqua,MODIS,46,61.03,290.3,4.6,N,2
-6.5771,-51.1002,316.8,1.1,1,2023-01-02,0456,Aqua,MODIS,94,61.03,289.8,16.3,N,2
-18.227,-61.8472,303.3,3.8,1.8,2023-01-02,0500,Aqua,MODIS,42,61.03,287.5,29.3,N,0
-18.2384,-61.8204,318.5,3.8,1.8,2023-01-02,0500,Aqua,MODIS,97,61.03,288.2,104.7,N,0
-18.218,-61.8079,309,3.8,1.8,2023-01-02,0500,Aqua,MODIS,76,61.03,287.6,55.3,N,0
-18.2342,-61.8116,323.4,3.8,1.8,2023-01-02,0500,Aqua,MODIS,100,61.03,288,140.5,N,0
3.84,-72.41,304.1,1,1,2023-01-02,0632,Aqua,MODIS,58,61.03,288.1,7,N,0
-12.5533,-51.9481,313.3,3,1.7,2023-01-02,1259,Terra,MODIS,40,61.03,293.1,28.9,D,0
-12.5579,-51.9284,312.7,3,1.7,2023-01-02,1259,Terra,MODIS,42,61.03,293.2,26.5,D,0
5.3105,-70.4045,350.3,2,1.4,2023-01-02,1433,Terra,MODIS,95,61.03,296.6,157.6,D,0
4.5487,-69.8844,318.7,1.8,1.3,2023-01-02,1433,Terra,MODIS,61,61.03,296.5,18.4,D,0
4.5466,-69.8686,328.6,1.8,1.3,2023-01-02,1433,Terra,MODIS,82,61.03,296.8,43.6,D,0
-11.9573,-63.6733,314,1.6,1.2,2023-01-02,1437,Terra,MODIS,72,61.03,288.8,15.4,D,0
-16.0736,-60.8734,309.7,3,1.6,2023-01-02,1438,Terra,MODIS,52,61.03,290.6,25.6,D,0
-18.2364,-61.8181,334.8,2.7,1.6,2023-01-02,1439,Terra,MODIS,88,61.03,286.1,135.8,D,0
-18.2265,-61.8238,322.7,2.7,1.6,2023-01-02,1439,Terra,MODIS,79,61.03,285.8,72.1,D,0
-19.5703,-59.3121,313.3,4.4,1.9,2023-01-02,1439,Terra,MODIS,68,61.03,283.7,58.8,D,0
-19.5725,-59.3191,312.7,4.4,1.9,2023-01-02,1439,Terra,MODIS,67,61.03,284,54.5,D,0
-20.6968,-59.5748,314.5,4.3,1.9,2023-01-02,1440,Terra,MODIS,52,61.03,286.2,69.7,D,0
-20.6995,-59.5802,316.9,4.3,1.9,2023-01-02,1440,Terra,MODIS,65,61.03,287.1,87.9,D,0
-20.9393,-49.1255,311.1,1,1,2023-01-02,1710,Aqua,MODIS,21,61.03,289.8,5.1,D,0
-18.4432,-56.7293,320.8,2.6,1.5,2023-01-02,1711,Aqua,MODIS,67,61.03,297.6,31.7,D,0
-18.2255,-56.388,331.2,2.4,1.5,2023-01-02,1711,Aqua,MODIS,64,61.03,294.1,78.5,D,0
-17.6375,-54.7823,316.7,1.8,1.3,2023-01-02,1711,Aqua,MODIS,37,61.03,294.8,16.2,D,0
-17.6158,-57.4749,329.9,2.8,1.6,2023-01-02,1711,Aqua,MODIS,70,61.03,293.7,101.4,D,0
-17.6136,-57.4826,323.4,2.8,1.6,2023-01-02,1711,Aqua,MODIS,62,61.03,291.8,63.2,D,0
-17.5286,-57.6614,322.7,2.9,1.6,2023-01-02,1711,Aqua,MODIS,0,61.03,292,82.4,D,0
-9.8619,-53.8826,319.8,1.2,1.1,2023-01-02,1713,Aqua,MODIS,59,61.03,300.3,14.8,D,0
-2.8773,-54.5395,313.8,1.1,1,2023-01-02,1715,Aqua,MODIS,59,61.03,295.3,8.3,D,0
-3.2916,-58.6593,311.4,2.1,1.4,2023-01-02,1715,Aqua,MODIS,0,61.03,293.8,19,D,0
-3.0754,-59.9425,311.2,2.7,1.6,2023-01-02,1715,Aqua,MODIS,22,61.03,289.3,26.9,D,2
-3.0711,-59.9479,311.9,2.7,1.6,2023-01-02,1715,Aqua,MODIS,29,61.03,289.7,30.2,D,2
-1.7605,-53.4159,311.9,1,1,2023-01-02,1715,Aqua,MODIS,45,61.03,291.9,5.6,D,0
3.9469,-59.7592,316.9,2,1.4,2023-01-02,1717,Aqua,MODIS,64,61.03,294.1,20.3,D,0
4.5131,-59.584,312.1,1.9,1.3,2023-01-02,1717,Aqua,MODIS,58,61.03,282.9,18.2,D,0
-11.4549,-74.4756,321.9,1,1,2023-01-02,1851,Aqua,MODIS,77,61.03,298,9.2,D,0
-13.3122,-72.1486,322.5,1.2,1.1,2023-01-02,1851,Aqua,MODIS,71,61.03,305.4,11.4,D,0
-11.4856,-74.4328,337,1,1,2023-01-02,1851,Aqua,MODIS,89,61.03,300,30.6,D,0
-10.9248,-74.8829,318.2,1,1,2023-01-02,1852,Aqua,MODIS,57,61.03,300.7,9.1,D,2
-7.1843,-76.3885,327.3,1,1,2023-01-02,1853,Aqua,MODIS,63,61.03,290.4,19.4,D,0
-5.5351,-78.5008,332.2,1.1,1,2023-01-02,1853,Aqua,MODIS,84,61.03,304.7,25.2,D,0
-5.5365,-78.511,331.5,1.1,1,2023-01-02,1853,Aqua,MODIS,83,61.03,305.9,23,D,0
3.6281,-71.4039,317.6,2.6,1.6,2023-01-02,1855,Aqua,MODIS,68,61.03,289.7,33.9,D,0
3.6328,-71.4094,317.5,2.6,1.6,2023-01-02,1855,Aqua,MODIS,74,61.03,289.2,32.4,D,0
3.8684,-74.9554,311.8,1.4,1.2,2023-01-02,1856,Aqua,MODIS,31,61.03,284.7,9.1,D,0
4.6077,-69.8395,331.4,3.6,1.8,2023-01-02,1856,Aqua,MODIS,73,61.03,286.3,155.7,D,0
4.5995,-69.8436,313.1,3.6,1.8,2023-01-02,1856,Aqua,MODIS,30,61.03,285.1,36.9,D,0
4.6155,-69.8457,329.5,3.6,1.8,2023-01-02,1856,Aqua,MODIS,72,61.03,286.4,142.5,D,0
4.7782,-70.6781,346.7,3.1,1.7,2023-01-02,1856,Aqua,MODIS,94,61.03,292.5,247.4,D,0
4.7931,-70.6802,326.2,3.1,1.7,2023-01-02,1856,Aqua,MODIS,80,61.03,292.8,79.9,D,0
5.0258,-71.1896,313,2.9,1.6,2023-01-02,1856,Aqua,MODIS,49,61.03,290.4,25.4,D,0
5.2482,-70.3543,321.5,3.4,1.7,2023-01-02,1856,Aqua,MODIS,75,61.03,292,72.2,D,0
5.3007,-70.3966,322,3.4,1.7,2023-01-02,1856,Aqua,MODIS,75,61.03,291.6,73.8,D,0
5.2976,-70.4041,323,3.4,1.7,2023-01-02,1856,Aqua,MODIS,70,61.03,292.2,75.1,D,0
4.6958,-76.0271,311.4,1.2,1.1,2023-01-02,1856,Aqua,MODIS,57,61.03,292.3,8.4,D,0
3.9861,-71.5073,305.5,1,1,2023-01-03,0256,Terra,MODIS,65,61.03,290.6,4.9,N,0
4.1595,-72.2376,303.7,1,1,2023-01-03,0256,Terra,MODIS,56,61.03,291.5,4.3,N,0
4.1582,-72.2465,305.8,1,1,2023-01-03,0256,Terra,MODIS,66,61.03,291.4,5.8,N,0
4.9446,-69.9935,313.7,1.1,1,2023-01-03,0256,Terra,MODIS,88,61.03,292.9,11.4,N,0
4.9514,-69.9903,313,1.1,1,2023-01-03,0256,Terra,MODIS,73,61.03,292.8,11.1,N,0
4.9501,-70.0001,312.6,1.1,1,2023-01-03,0256,Terra,MODIS,85,61.03,292.4,11,N,0
-12.3739,-63.8657,311.4,4,1.9,2023-01-03,1341,Terra,MODIS,45,61.03,288.2,43.3,D,0
5.6003,-71.2999,320.7,1.4,1.2,2023-01-03,1514,Terra,MODIS,74,61.03,294.3,17.4,D,0
4.0442,-72.2581,315.6,1.3,1.1,2023-01-03,1514,Terra,MODIS,45,61.03,291.2,9.1,D,0
3.8669,-72.5069,334,1.2,1.1,2023-01-03,1514,Terra,MODIS,86,61.03,300.9,32.1,D,0
3.8653,-72.4962,325.2,1.2,1.1,2023-01-03,1514,Terra,MODIS,78,61.03,298.5,17.5,D,0
3.7597,-72.605,323.7,1.2,1.1,2023-01-03,1514,Terra,MODIS,77,61.03,297,18.3,D,0
3.7581,-72.5944,321.4,1.2,1.1,2023-01-03,1514,Terra,MODIS,74,61.03,296.4,15.4,D,0
3.7233,-72.6487,319.5,1.2,1.1,2023-01-03,1514,Terra,MODIS,68,61.03,299,11.1,D,0
3.7217,-72.6381,322.3,1.2,1.1,2023-01-03,1514,Terra,MODIS,76,61.03,298.4,14.7,D,0
3.2207,-72.366,328,1.3,1.1,2023-01-03,1515,Terra,MODIS,81,61.03,295.4,28.8,D,0
3.0123,-72.3399,328.5,1.3,1.1,2023-01-03,1515,Terra,MODIS,82,61.03,294.4,27.4,D,0
-2.4577,-78.1675,308.1,1.1,1,2023-01-03,1516,Terra,MODIS,45,61.03,289,5.1,D,0
-4.7709,-80.2933,327.2,1.3,1.1,2023-01-03,1517,Terra,MODIS,77,61.03,301.1,18.5,D,0
-4.7726,-80.2818,343.1,1.3,1.1,2023-01-03,1517,Terra,MODIS,91,61.03,301.4,52.5,D,0
-4.7618,-80.5507,321,1.4,1.2,2023-01-03,1517,Terra,MODIS,48,61.03,299.5,10.9,D,0
-9.0611,-77.7954,314.8,1,1,2023-01-03,1518,Terra,MODIS,43,61.03,290,9.3,D,0
-9.0624,-77.7865,313.9,1,1,2023-01-03,1518,Terra,MODIS,44,61.03,289.5,9.7,D,0
-12.599,-69.2052,312.2,2.9,1.6,2023-01-03,1755,Aqua,MODIS,35,61.03,292.4,28,D,2
-12.6896,-65.6031,319.3,1.5,1.2,2023-01-03,1755,Aqua,MODIS,68,61.03,290.9,21.2,D,0
-12.6914,-65.6172,330.6,1.5,1.2,2023-01-03,1755,Aqua,MODIS,85,61.03,294.2,44.8,D,0
-12.2905,-66.8427,312.9,1.9,1.3,2023-01-03,1755,Aqua,MODIS,53,61.03,291.4,17.9,D,0
-12.6008,-69.1981,312.1,2.9,1.6,2023-01-03,1755,Aqua,MODIS,42,61.03,292.3,29.1,D,2
-12.6949,-65.6245,317.2,1.6,1.2,2023-01-03,1755,Aqua,MODIS,45,61.03,294.5,15,D,0
-10.8694,-66.2013,314.3,1.6,1.2,2023-01-03,1756,Aqua,MODIS,40,61.03,296.2,14.9,D,0
-5.7162,-63.5444,316.4,1,1,2023-01-03,1757,Aqua,MODIS,0,61.03,297.8,9.6,D,0
-2.5187,-66.0959,310.5,1.2,1.1,2023-01-03,1758,Aqua,MODIS,44,61.03,292.2,7.1,D,2
-3.3531,-64.719,316.3,1.1,1,2023-01-03,1758,Aqua,MODIS,42,61.03,296.7,8.8,D,2
-3.3518,-64.7095,316.8,1.1,1,2023-01-03,1758,Aqua,MODIS,0,61.03,296.8,9.3,D,2
3.0913,-60.777,320.8,1.4,1.2,2023-01-03,1759,Aqua,MODIS,74,61.03,293.4,14.7,D,0
3.9688,-59.5062,316.8,1.8,1.3,2023-01-03,1759,Aqua,MODIS,52,61.03,293.9,14.3,D,0
3.3418,-60.4562,332.4,1.5,1.2,2023-01-03,1759,Aqua,MODIS,85,61.03,299.9,39.7,D,0
3.9059,-60.5184,321.9,1.5,1.2,2023-01-03,1759,Aqua,MODIS,57,61.03,298,16.8,D,0
3.9603,-60.8519,321.2,1.4,1.2,2023-01-03,1759,Aqua,MODIS,35,61.03,298.6,14.7,D,0
3.0791,-60.788,330.8,1.4,1.2,2023-01-03,1759,Aqua,MODIS,84,61.03,296.4,33.5,D,0
3.7336,-59.6212,315.5,1.8,1.3,2023-01-03,1759,Aqua,MODIS,31,61.03,289.7,12.6,D,0
3.0895,-60.7895,329.8,1.4,1.2,2023-01-03,1759,Aqua,MODIS,83,61.03,296.2,30.9,D,0
4.0298,-72.1406,321,2.7,1.6,2023-01-03,1800,Aqua,MODIS,63,61.03,293.4,45.3,D,0
3.8764,-71.5253,319,2.4,1.5,2023-01-03,1800,Aqua,MODIS,73,61.03,293.5,40.5,D,0
4.0182,-70.6673,317.3,2,1.4,2023-01-03,1800,Aqua,MODIS,71,61.03,293.3,23.7,D,0
3.8724,-71.5314,327,2.4,1.5,2023-01-03,1800,Aqua,MODIS,81,61.03,293.3,71.4,D,0
3.8852,-71.8005,319.3,2.5,1.5,2023-01-03,1800,Aqua,MODIS,67,61.03,290.3,37.8,D,0
3.8988,-71.8026,326.2,2.5,1.5,2023-01-03,1800,Aqua,MODIS,78,61.03,293.4,64.4,D,0
4.0688,-70.7756,317.4,2.1,1.4,2023-01-03,1800,Aqua,MODIS,70,61.03,293.8,26,D,0
4.0439,-71.629,313.7,2.4,1.5,2023-01-03,1800,Aqua,MODIS,46,61.03,289.8,25.6,D,0
4.0335,-72.117,343.4,2.7,1.6,2023-01-03,1800,Aqua,MODIS,92,61.03,294.2,171.7,D,0
4.0474,-72.1192,322,2.7,1.6,2023-01-03,1800,Aqua,MODIS,76,61.03,294.3,48.8,D,0
4.0382,-72.1227,339,2.7,1.6,2023-01-03,1800,Aqua,MODIS,90,61.03,294.6,137.6,D,0
4.0559,-72.1014,319.3,2.6,1.6,2023-01-03,1800,Aqua,MODIS,57,61.03,293.7,37.6,D,0
4.1711,-71.7269,349.2,2.5,1.5,2023-01-03,1800,Aqua,MODIS,95,61.03,294.5,202.9,D,0
5.954,-70.305,326.7,1.8,1.3,2023-01-03,1800,Aqua,MODIS,78,61.03,298,37.5,D,0
5.9704,-70.2755,320.1,1.8,1.3,2023-01-03,1800,Aqua,MODIS,68,61.03,298.9,21.2,D,0
-4.6455,-79.9065,320,2.8,1.6,2023-01-03,1936,Aqua,MODIS,64,61.03,288.8,49.9,D,0
-9.9586,-58.0228,302.1,1.4,1.2,2023-01-04,0155,Terra,MODIS,47,61.03,273.5,12.4,N,0
-3.0527,-51.7364,301.5,1.5,1.2,2023-01-04,0157,Terra,MODIS,23,61.03,282.9,6.8,N,0
-3.0497,-51.7427,305.8,1.5,1.2,2023-01-04,0157,Terra,MODIS,66,61.03,282.2,11.3,N,0
-3.0516,-51.7561,300.4,1.5,1.2,2023-01-04,0157,Terra,MODIS,8,61.03,281.6,5.8,N,0
4.312,-60.6175,301.7,1.3,1.1,2023-01-04,0159,Terra,MODIS,43,61.03,278.1,7.5,N,0
-5.9125,-78.9799,304.7,1,1,2023-01-04,0335,Terra,MODIS,61,61.03,286.4,7.8,N,0
-5.8793,-79.0685,300.9,1,1,2023-01-04,0335,Terra,MODIS,35,61.03,285.8,5.7,N,0
-5.8806,-79.0778,302.7,1,1,2023-01-04,0335,Terra,MODIS,51,61.03,286.3,6.7,N,0
-2.0072,-78.3329,328.2,1.2,1.1,2023-01-04,0336,Terra,MODIS,100,61.03,273.8,39.4,N,1
-2.0088,-78.3443,338.4,1.2,1.1,2023-01-04,0336,Terra,MODIS,100,61.03,272.4,57.9,N,1
-1.9934,-78.3679,320,3.4,1.7,2023-01-04,0621,Aqua,MODIS,100,61.03,271.4,132.8,N,1
-1.9992,-78.3294,333.3,3.4,1.7,2023-01-04,0621,Aqua,MODIS,100,61.03,277.1,222.4,N,1
-1.993,-78.3383,304.5,3.4,1.7,2023-01-04,0621,Aqua,MODIS,60,61.03,273,61.1,N,1
-2.0093,-78.3354,339.5,3.4,1.7,2023-01-04,0621,Aqua,MODIS,100,61.03,277,279.3,N,1
-9.6388,-65.7419,308.5,1.9,1.3,2023-01-04,0622,Aqua,MODIS,75,61.03,287.9,20.4,N,0
-9.6412,-65.7248,310.1,1.9,1.3,2023-01-04,0622,Aqua,MODIS,79,61.03,288,23.3,N,0
-9.6466,-65.7308,315.2,1.9,1.3,2023-01-04,0622,Aqua,MODIS,91,61.03,288.2,32.2,N,0
-13.5018,-66.0068,318.4,1.1,1,2023-01-04,1422,Terra,MODIS,69,61.03,287.3,11.9,D,0
-13.5003,-66.0163,328.6,1.1,1,2023-01-04,1422,Terra,MODIS,82,61.03,287.7,24.3,D,0
-12.2206,-63.6303,315.9,1,1,2023-01-04,1422,Terra,MODIS,71,61.03,284.8,8.9,D,0
-13.3637,-52.4325,309.2,1.8,1.3,2023-01-04,1659,Aqua,MODIS,44,61.03,290,14.4,D,0
-12.9259,-52.1114,314.3,1.7,1.3,2023-01-04,1659,Aqua,MODIS,36,61.03,295.5,15.1,D,0
-12.4245,-51.7667,312.7,1.6,1.2,2023-01-04,1659,Aqua,MODIS,31,61.03,286.6,16.2,D,0
-12.2427,-52.6746,317.4,1.8,1.3,2023-01-04,1659,Aqua,MODIS,69,61.03,295,30,D,0
-11.7383,-52.828,312,1.8,1.3,2023-01-04,1659,Aqua,MODIS,43,61.03,294.1,16.2,D,0
-11.6627,-52.8039,310.8,1.8,1.3,2023-01-04,1659,Aqua,MODIS,41,61.03,292.4,15.1,D,0
-11.6691,-52.808,310.7,1.8,1.3,2023-01-04,1659,Aqua,MODIS,57,61.03,293.1,16.2,D,0
-10.7597,-52.9373,311.7,1.8,1.3,2023-01-04,1700,Aqua,MODIS,29,61.03,293.8,16.8,D,0
-10.6866,-56.3222,311.1,3.3,1.7,2023-01-04,1700,Aqua,MODIS,61,61.03,288.6,41.8,D,0
-4.4431,-49.0072,331.7,1,1,2023-01-04,1701,Aqua,MODIS,84,61.03,297.6,23.3,D,0
-1.8087,-54.9228,308.5,1.9,1.3,2023-01-04,1702,Aqua,MODIS,53,61.03,287.9,12,D,0
-3.3226,-49.0256,312.7,1,1,2023-01-04,1702,Aqua,MODIS,43,61.03,296.5,5.2,D,0
-3.3318,-50.1092,312.4,1,1,2023-01-04,1702,Aqua,MODIS,46,61.03,292.4,6.6,D,0
-3.3331,-50.1183,311.4,1,1,2023-01-04,1702,Aqua,MODIS,27,61.03,293.8,5.7,D,0
-3.0717,-49.071,342.9,1,1,2023-01-04,1702,Aqua,MODIS,86,61.03,297.2,42.3,D,0
-3.0615,-49.0634,349.9,1,1,2023-01-04,1702,Aqua,MODIS,95,61.03,297.7,55.7,D,0
-3.0627,-49.0723,341.4,1,1,2023-01-04,1702,Aqua,MODIS,91,61.03,297.1,39.8,D,0
-2.8522,-49.1424,312.4,1,1,2023-01-04,1702,Aqua,MODIS,24,61.03,292.9,4.4,D,0
-3.2383,-53.957,311.6,1.7,1.3,2023-01-04,1702,Aqua,MODIS,45,61.03,295.4,12.5,D,0
-2.5062,-49.0445,335.2,1,1,2023-01-04,1702,Aqua,MODIS,87,61.03,296.4,26.5,D,0
-2.5562,-49.3913,318.2,1,1,2023-01-04,1702,Aqua,MODIS,71,61.03,295.8,10.2,D,0
-3.3545,-54.9132,311,2,1.4,2023-01-04,1702,Aqua,MODIS,18,61.03,293.5,19.8,D,0
-3.2933,-54.7456,310.5,1.9,1.4,2023-01-04,1702,Aqua,MODIS,66,61.03,293,13.9,D,0
-1.9074,-49.429,315.8,1,1,2023-01-04,1702,Aqua,MODIS,67,61.03,296.4,8.2,D,0
-1.7917,-53.452,318.7,1.5,1.2,2023-01-04,1702,Aqua,MODIS,0,61.03,294.9,16.5,D,0
-13.025,-66.91,318.7,1.6,1.3,2023-01-04,1838,Aqua,MODIS,70,61.03,277.9,26.2,D,0
-13.0248,-66.9002,313.1,1.6,1.3,2023-01-04,1838,Aqua,MODIS,57,61.03,277.5,18.7,D,0
-13.0272,-66.9152,310.6,1.6,1.3,2023-01-04,1838,Aqua,MODIS,39,61.03,277.7,14.5,D,0
-8.564,-75.3808,331.5,1.2,1.1,2023-01-04,1839,Aqua,MODIS,85,61.03,294.9,33.7,D,0
-8.2344,-74.9997,317.5,1.1,1.1,2023-01-04,1839,Aqua,MODIS,66,61.03,294.4,11.8,D,0
-8.1513,-75.0586,335.9,1.1,1.1,2023-01-04,1839,Aqua,MODIS,83,61.03,288.8,38.1,D,0
-7.7522,-72.9059,323.1,1,1,2023-01-04,1839,Aqua,MODIS,71,61.03,292.8,14.1,D,0
-7.3325,-76.0636,315.7,1.3,1.1,2023-01-04,1839,Aqua,MODIS,58,61.03,296.2,10.9,D,0
-7.2228,-76.0854,318.2,1.3,1.1,2023-01-04,1839,Aqua,MODIS,73,61.03,294.8,13.9,D,0
-7.2429,-76.2982,314.8,1.3,1.1,2023-01-04,1839,Aqua,MODIS,41,61.03,292.5,8.7,D,0
-7.208,-76.196,313.8,1.3,1.1,2023-01-04,1839,Aqua,MODIS,66,61.03,294.5,10.4,D,0
-7.1446,-76.4031,331.7,1.3,1.1,2023-01-04,1840,Aqua,MODIS,85,61.03,297.7,32.1,D,0
-7.0607,-76.3194,323.6,1.3,1.1,2023-01-04,1840,Aqua,MODIS,76,61.03,296.2,19.5,D,0
-7.0628,-76.3245,317.9,1.3,1.1,2023-01-04,1840,Aqua,MODIS,51,61.03,296.5,11.2,D,0
-6.9906,-76.3234,358,1.3,1.1,2023-01-04,1840,Aqua,MODIS,99,61.03,301.5,103,D,0
-6.9922,-76.3349,320.7,1.3,1.1,2023-01-04,1840,Aqua,MODIS,48,61.03,298.9,11.9,D,0
-6.865,-76.2292,323.1,1.3,1.1,2023-01-04,1840,Aqua,MODIS,76,61.03,292.6,18,D,0
-6.8666,-76.2409,326.2,1.3,1.1,2023-01-04,1840,Aqua,MODIS,78,61.03,296.9,22.7,D,0
-6.8564,-76.2367,350.8,1.3,1.1,2023-01-04,1840,Aqua,MODIS,96,61.03,294.6,79.7,D,0
-6.7787,-76.4882,318.9,1.3,1.1,2023-01-04,1840,Aqua,MODIS,75,61.03,295.9,14.1,D,0
-6.7551,-76.4677,330.6,1.3,1.1,2023-01-04,1840,Aqua,MODIS,85,61.03,295.7,32.7,D,0
-6.5232,-76.9341,318.9,1.4,1.2,2023-01-04,1840,Aqua,MODIS,67,61.03,271.9,29,D,0
-6.3138,-78.1845,309,1.7,1.3,2023-01-04,1840,Aqua,MODIS,62,61.03,290.3,12.3,D,0
-6.3159,-78.1908,318.8,1.7,1.3,2023-01-04,1840,Aqua,MODIS,76,61.03,290.2,29.2,D,0
-5.9214,-78.6397,320.9,1.8,1.3,2023-01-04,1840,Aqua,MODIS,56,61.03,304.5,20.8,D,0
-5.8181,-78.5611,320.7,1.8,1.3,2023-01-04,1840,Aqua,MODIS,45,61.03,296.1,20.3,D,0
-5.8012,-78.6114,324.4,1.8,1.3,2023-01-04,1840,Aqua,MODIS,80,61.03,305.3,29.2,D,0
-5.5142,-78.8694,332.6,1.9,1.3,2023-01-04,1840,Aqua,MODIS,86,61.03,299.6,60.7,D,0
-5.3349,-78.8089,323.6,1.8,1.3,2023-01-04,1840,Aqua,MODIS,79,61.03,302.7,25.2,D,0
-4.8802,-79.0528,317.6,1.9,1.3,2023-01-04,1840,Aqua,MODIS,74,61.03,295.8,26.7,D,0
-3.9011,-73.7781,310.9,1,1,2023-01-04,1840,Aqua,MODIS,24,61.03,294.5,5.1,D,0
-3.3419,-71.7008,316.5,1.1,1.1,2023-01-04,1840,Aqua,MODIS,64,61.03,293.5,9.3,D,0
-3.5118,-77.8013,313.3,1.5,1.2,2023-01-04,1841,Aqua,MODIS,44,61.03,296.4,12.1,D,0
0.4614,-74.2419,367.8,1,1,2023-01-04,1841,Aqua,MODIS,100,61.03,302.4,101.3,D,0
1.6231,-73.848,317.7,1,1,2023-01-04,1842,Aqua,MODIS,64,61.03,298.2,7.1,D,0
0.0036,-79.3982,311.9,1.7,1.3,2023-01-04,1842,Aqua,MODIS,59,61.03,293.8,13.1,D,0
0.7779,-74.3487,344.9,1,1,2023-01-04,1842,Aqua,MODIS,93,61.03,294.2,41.5,D,0
0.7932,-74.3691,336,1,1,2023-01-04,1842,Aqua,MODIS,66,61.03,295.3,26.1,D,0
0.7112,-75.1279,338.5,1,1,2023-01-04,1842,Aqua,MODIS,89,61.03,295.2,33.3,D,0
0.71,-75.1368,349.9,1,1,2023-01-04,1842,Aqua,MODIS,95,61.03,297.3,54.5,D,0
0.9489,-74.3766,381.6,1,1,2023-01-04,1842,Aqua,MODIS,100,61.03,302.6,150.6,D,0
0.9642,-74.3333,333.5,1,1,2023-01-04,1842,Aqua,MODIS,67,61.03,296.9,25.1,D,0
0.9578,-74.3779,441.5,1,1,2023-01-04,1842,Aqua,MODIS,100,61.03,317.7,601.6,D,0
0.9566,-74.3868,374.4,1,1,2023-01-04,1842,Aqua,MODIS,100,61.03,300.1,123.9,D,0
0.9732,-74.3346,333.9,1,1,2023-01-04,1842,Aqua,MODIS,77,61.03,295.6,24.3,D,0
0.9719,-74.3435,388.7,1,1,2023-01-04,1842,Aqua,MODIS,100,61.03,302.3,181.4,D,0
0.9706,-74.3524,375.4,1,1,2023-01-04,1842,Aqua,MODIS,100,61.03,300.2,123.1,D,0
1.2546,-74.239,331.6,1,1,2023-01-04,1842,Aqua,MODIS,83,61.03,299.4,21.9,D,0
1.5815,-73.9445,331.8,1,1,2023-01-04,1842,Aqua,MODIS,83,61.03,300.6,23.6,D,0
1.6218,-73.8571,320.8,1,1,2023-01-04,1842,Aqua,MODIS,70,61.03,298.5,10.2,D,0
1.3692,-75.6103,319.5,1,1,2023-01-04,1842,Aqua,MODIS,69,61.03,298.8,8.4,D,0
1.3679,-75.6193,319.7,1,1,2023-01-04,1842,Aqua,MODIS,69,61.03,300,8.8,D,0
0.966,-79.4845,320.3,1.6,1.3,2023-01-04,1842,Aqua,MODIS,77,61.03,294.5,22.7,D,0
0.9637,-79.4995,319.6,1.6,1.3,2023-01-04,1842,Aqua,MODIS,76,61.03,295.6,21.7,D,0
1.0467,-79.3223,322.2,1.6,1.2,2023-01-04,1842,Aqua,MODIS,79,61.03,296.7,22.7,D,0
1.0497,-79.315,316.4,1.6,1.2,2023-01-04,1842,Aqua,MODIS,36,61.03,295.9,11.4,D,0
1.0475,-79.329,318.7,1.6,1.2,2023-01-04,1842,Aqua,MODIS,59,61.03,296.9,16,D,0
1.9024,-74.4666,336.4,1,1,2023-01-04,1842,Aqua,MODIS,87,61.03,302.6,27.4,D,0
1.9011,-74.4755,321.4,1,1,2023-01-04,1842,Aqua,MODIS,71,61.03,300.1,8.3,D,0
2.0509,-73.9501,331.3,1,1,2023-01-04,1842,Aqua,MODIS,82,61.03,302.7,21.7,D,0
2.0639,-73.9239,337.2,1,1,2023-01-04,1842,Aqua,MODIS,87,61.03,302.9,28.9,D,0
1.6281,-77.2046,315,1.1,1.1,2023-01-04,1842,Aqua,MODIS,68,61.03,300.8,8.1,D,0
2.1959,-75.6295,318.1,1,1,2023-01-04,1842,Aqua,MODIS,69,61.03,300.3,8.6,D,2
2.9488,-72.5093,324.2,1.2,1.1,2023-01-04,1842,Aqua,MODIS,76,61.03,299.1,16,D,0
2.9418,-75.2512,316.4,1,1,2023-01-04,1842,Aqua,MODIS,62,61.03,297,7.5,D,2
3.4997,-71.9548,353.8,1.3,1.1,2023-01-04,1842,Aqua,MODIS,97,61.03,298.5,90.3,D,0
3.4965,-71.9599,336.1,1.3,1.1,2023-01-04,1842,Aqua,MODIS,81,61.03,296.4,38.1,D,0
3.5083,-71.9494,332.1,1.3,1.1,2023-01-04,1842,Aqua,MODIS,51,61.03,296.7,25.4,D,0
3.0022,-76.4849,312.8,1,1,2023-01-04,1842,Aqua,MODIS,45,61.03,297.3,5.5,D,2
3.7368,-71.4353,321.9,1.4,1.2,2023-01-04,1842,Aqua,MODIS,73,61.03,298.3,20.2,D,0
4.0341,-70.5529,345.8,1.7,1.3,2023-01-04,1842,Aqua,MODIS,93,61.03,297.3,94.8,D,0
4.0319,-70.5681,334.4,1.7,1.3,2023-01-04,1842,Aqua,MODIS,85,61.03,294.6,53.9,D,0
4.1037,-70.5373,319.8,1.7,1.3,2023-01-04,1842,Aqua,MODIS,65,61.03,297.1,18.4,D,0
3.892,-72.3463,323.3,1.3,1.1,2023-01-04,1842,Aqua,MODIS,65,61.03,299.3,15,D,0
3.9913,-72.1567,316.1,1.3,1.1,2023-01-04,1842,Aqua,MODIS,50,61.03,294.5,10.1,D,0
4.0317,-72.0909,325.8,1.3,1.1,2023-01-04,1842,Aqua,MODIS,76,61.03,296.7,21.7,D,0
4.0287,-72.0961,319,1.3,1.1,2023-01-04,1842,Aqua,MODIS,41,61.03,296,11.4,D,0
4.1728,-71.1198,327,1.6,1.2,2023-01-04,1842,Aqua,MODIS,0,61.03,284.3,33.1,D,0
4.0389,-72.0975,325.1,1.3,1.1,2023-01-04,1842,Aqua,MODIS,76,61.03,296.6,20.5,D,0
4.1393,-71.6783,328.9,1.4,1.2,2023-01-04,1842,Aqua,MODIS,80,61.03,298.3,28.1,D,0
4.4143,-70.1988,314.9,1.8,1.3,2023-01-04,1842,Aqua,MODIS,50,61.03,291.7,12.9,D,0
4.2135,-71.6568,316,1.4,1.2,2023-01-04,1842,Aqua,MODIS,44,61.03,294.7,8.8,D,0
3.7333,-75.0613,317,1,1,2023-01-04,1842,Aqua,MODIS,44,61.03,298.6,5,D,0
4.399,-70.5666,321.8,1.7,1.3,2023-01-04,1842,Aqua,MODIS,71,61.03,297,22.4,D,0
4.3969,-70.5818,339.7,1.7,1.3,2023-01-04,1842,Aqua,MODIS,89,61.03,298,74.6,D,0
4.4105,-70.5682,332.7,1.7,1.3,2023-01-04,1842,Aqua,MODIS,84,61.03,298.2,49.6,D,0
4.4084,-70.5834,332.3,1.7,1.3,2023-01-04,1842,Aqua,MODIS,83,61.03,297.7,48.6,D,0
4.3434,-72.2667,337.3,1.3,1.1,2023-01-04,1842,Aqua,MODIS,82,61.03,297.9,43.2,D,0
4.5197,-72.1728,333.9,1.3,1.1,2023-01-04,1842,Aqua,MODIS,85,61.03,297.3,37.5,D,0
4.518,-72.1846,344.7,1.3,1.1,2023-01-04,1842,Aqua,MODIS,87,61.03,296.4,63.8,D,0
4.5315,-72.1624,321.8,1.3,1.1,2023-01-04,1842,Aqua,MODIS,57,61.03,296.5,16.3,D,0
4.5299,-72.1742,328.1,1.3,1.1,2023-01-04,1842,Aqua,MODIS,80,61.03,292.6,26.9,D,0
4.5282,-72.186,329.8,1.3,1.1,2023-01-04,1842,Aqua,MODIS,77,61.03,293.7,29.2,D,0
5.2048,-71.6264,317.1,1.5,1.2,2023-01-04,1843,Aqua,MODIS,66,61.03,296.8,13.7,D,0
5.1495,-71.9143,337,1.4,1.2,2023-01-04,1843,Aqua,MODIS,83,61.03,296.3,53,D,0
-18.243,-61.8193,301.9,1,1,2023-01-05,0234,Terra,MODIS,42,61.03,290.6,4.3,N,0
-19.078,-62.432,337.1,1,1,2023-01-05,0234,Terra,MODIS,100,61.03,277.8,40.5,N,0
-19.0794,-62.4414,311,1,1,2023-01-05,0234,Terra,MODIS,81,61.03,276.9,12,N,0
-19.0807,-62.4509,301.9,1,1,2023-01-05,0234,Terra,MODIS,36,61.03,276.1,6.3,N,0
-19.0575,-62.4161,328.4,1,1,2023-01-05,0234,Terra,MODIS,100,61.03,274.7,29.6,N,0
-19.0588,-62.4255,316.7,1,1,2023-01-05,0234,Terra,MODIS,94,61.03,273.9,17.1,N,0
-19.0767,-62.4226,328,1,1,2023-01-05,0234,Terra,MODIS,100,61.03,277,28.6,N,0
0.9639,-74.3282,303.4,2.6,1.6,2023-01-05,0239,Terra,MODIS,27,61.03,289.7,14.8,N,0
0.9606,-74.3512,303.1,2.6,1.6,2023-01-05,0239,Terra,MODIS,39,61.03,289.7,14.4,N,0
0.97,-74.3356,309.4,2.6,1.6,2023-01-05,0239,Terra,MODIS,77,61.03,289.9,30.1,N,0
0.7904,-74.3618,305.5,2.7,1.6,2023-01-05,0239,Terra,MODIS,64,61.03,289.3,22.1,N,0
0.7821,-74.3672,304,2.7,1.6,2023-01-05,0239,Terra,MODIS,58,61.03,289.2,18.5,N,0
4.3921,-70.5713,310,1.2,1.1,2023-01-05,0240,Terra,MODIS,79,61.03,292.5,9.7,N,0
4.4228,-70.5648,308,1.2,1.1,2023-01-05,0240,Terra,MODIS,73,61.03,292.1,8.7,N,0
4.4877,-70.5478,315.2,1.2,1.1,2023-01-05,0240,Terra,MODIS,91,61.03,292.6,16.3,N,0
4.4445,-71.1915,305.9,1.3,1.1,2023-01-05,0240,Terra,MODIS,66,61.03,291.8,8.2,N,0
4.4374,-71.6541,302.2,1.4,1.2,2023-01-05,0240,Terra,MODIS,47,61.03,291.4,6.3,N,0
4.5183,-71.3167,303.2,1.3,1.1,2023-01-05,0240,Terra,MODIS,22,61.03,291.3,5.4,N,0
4.5166,-71.3287,305.3,1.3,1.2,2023-01-05,0240,Terra,MODIS,51,61.03,291.5,7.3,N,0
4.6548,-70.4378,305.6,1.2,1.1,2023-01-05,0240,Terra,MODIS,65,61.03,292.3,6.9,N,0
4.5285,-71.3182,308.6,1.3,1.1,2023-01-05,0240,Terra,MODIS,62,61.03,291.3,10.3,N,0
4.5244,-72.1594,305.1,1.5,1.2,2023-01-05,0240,Terra,MODIS,26,61.03,290.6,8.9,N,0
4.8737,-69.9928,305.5,1.1,1.1,2023-01-05,0240,Terra,MODIS,64,61.03,292.9,5.9,N,0
4.9974,-69.5132,317.7,1.1,1,2023-01-05,0240,Terra,MODIS,96,61.03,293.8,15.2,N,0
4.996,-69.5227,310.6,1.1,1,2023-01-05,0240,Terra,MODIS,80,61.03,293.4,8.7,N,0
4.8191,-70.7312,307.1,1.2,1.1,2023-01-05,0240,Terra,MODIS,23,61.03,292.4,7.1,N,0
4.8175,-70.7421,311.1,1.2,1.1,2023-01-05,0240,Terra,MODIS,82,61.03,292.2,11.3,N,0
4.8288,-70.7326,306.5,1.2,1.1,2023-01-05,0240,Terra,MODIS,16,61.03,292.3,6.5,N,0
4.8418,-70.7124,305.8,1.2,1.1,2023-01-05,0240,Terra,MODIS,14,61.03,292.2,6.4,N,0
4.8711,-70.7167,302.8,1.2,1.1,2023-01-05,0240,Terra,MODIS,51,61.03,291.6,5.4,N,0
4.998,-71.1101,302,1.3,1.1,2023-01-05,0240,Terra,MODIS,46,61.03,291.5,5,N,0
5.388,-68.9742,308.7,1,1,2023-01-05,0240,Terra,MODIS,75,61.03,293.4,6.8,N,0
5.397,-68.9755,308.8,1,1,2023-01-05,0240,Terra,MODIS,76,61.03,293.5,7,N,0
4.9882,-69.5119,303.7,1.1,1,2023-01-05,0240,Terra,MODIS,50,61.03,293.3,4,N,0
2.9621,-72.2262,303,1.6,1.3,2023-01-05,0240,Terra,MODIS,53,61.03,291,7,N,0
2.9733,-72.2278,304.3,1.6,1.3,2023-01-05,0240,Terra,MODIS,60,61.03,291.1,8.6,N,0
3.1964,-71.8854,317.5,1.5,1.2,2023-01-05,0240,Terra,MODIS,95,61.03,291.3,26.7,N,0
3.2072,-71.8869,315.3,1.5,1.2,2023-01-05,0240,Terra,MODIS,91,61.03,291.2,23.1,N,0
3.4818,-71.8212,304.7,1.5,1.2,2023-01-05,0240,Terra,MODIS,61,61.03,291.5,8.8,N,0
3.5865,-72.037,304.6,1.6,1.2,2023-01-05,0240,Terra,MODIS,61,61.03,291.6,8,N,0
3.5845,-72.0507,303.4,1.6,1.2,2023-01-05,0240,Terra,MODIS,49,61.03,291.6,6.9,N,0
3.8446,-71.524,313.9,1.4,1.2,2023-01-05,0240,Terra,MODIS,88,61.03,291.8,18.5,N,0
4.0399,-70.9477,303.5,1.3,1.1,2023-01-05,0240,Terra,MODIS,55,61.03,292.1,5,N,0
4.1245,-70.5801,302.9,1.2,1.1,2023-01-05,0240,Terra,MODIS,50,61.03,291,4.4,N,0
3.8727,-72.3627,310.3,1.6,1.3,2023-01-05,0240,Terra,MODIS,80,61.03,291.4,16.5,N,0
3.8839,-72.3643,302.9,1.6,1.3,2023-01-05,0240,Terra,MODIS,52,61.03,291.3,7,N,0
4.3823,-70.5699,308.9,1.2,1.1,2023-01-05,0240,Terra,MODIS,75,61.03,292.8,9,N,0
5.6661,-68.4404,306.6,1,1,2023-01-05,0241,Terra,MODIS,69,61.03,293.2,6,N,0
5.9011,-69.5717,302.2,1.1,1,2023-01-05,0241,Terra,MODIS,48,61.03,291,4.6,N,0
-6.5762,-51.0932,304.4,1.9,1.3,2023-01-05,0525,Aqua,MODIS,60,61.03,285.6,15.6,N,2
-19.0748,-62.4206,317.3,1.2,1.1,2023-01-05,0529,Aqua,MODIS,95,61.03,286.7,22.9,N,0
-19.0729,-62.4321,308.7,1.2,1.1,2023-01-05,0529,Aqua,MODIS,75,61.03,285.2,13.6,N,0
0.786,-74.3557,302.2,1.9,1.3,2023-01-05,0702,Aqua,MODIS,48,61.03,290,9.6,N,0
-6.5743,-51.0918,313.2,1.2,1.1,2023-01-05,1323,Terra,MODIS,61,61.03,292.6,8.3,D,2
4.9415,-70.8782,332.2,1,1,2023-01-05,1458,Terra,MODIS,84,61.03,297.1,25.3,D,0
4.9352,-70.8971,337.9,1,1,2023-01-05,1458,Terra,MODIS,88,61.03,297.3,32.9,D,0
4.9339,-70.8883,376.9,1,1,2023-01-05,1458,Terra,MODIS,100,61.03,298.5,134.2,D,0
4.9326,-70.8795,346.4,1,1,2023-01-05,1458,Terra,MODIS,93,61.03,297.1,48.4,D,0
4.9266,-70.9134,339.5,1,1,2023-01-05,1458,Terra,MODIS,89,61.03,297.3,35.6,D,0
4.9254,-70.9046,338.6,1,1,2023-01-05,1458,Terra,MODIS,89,61.03,296.6,34.7,D,0
4.9241,-70.8957,313.2,1,1,2023-01-05,1458,Terra,MODIS,40,61.03,295.2,5.6,D,0
4.6462,-69.4452,323.9,1.1,1,2023-01-05,1458,Terra,MODIS,67,61.03,297.2,13.9,D,0
4.6371,-69.4465,320.3,1.1,1,2023-01-05,1458,Terra,MODIS,27,61.03,296.5,10.4,D,0
4.8437,-70.9766,324,1,1,2023-01-05,1458,Terra,MODIS,76,61.03,295.5,14.9,D,0
4.6977,-70.5365,318.4,1,1,2023-01-05,1458,Terra,MODIS,44,61.03,299.9,6.2,D,0
4.5151,-69.6786,323.2,1.1,1,2023-01-05,1458,Terra,MODIS,34,61.03,296.9,13.2,D,0
4.8881,-72.3576,322.2,1,1,2023-01-05,1458,Terra,MODIS,74,61.03,299.1,11.9,D,0
4.5244,-71.3171,316.6,1,1,2023-01-05,1458,Terra,MODIS,44,61.03,294.2,6.8,D,0
4.2248,-71.6579,319.6,1,1,2023-01-05,1458,Terra,MODIS,70,61.03,297.2,9.4,D,0
4.1864,-71.7151,330.7,1,1,2023-01-05,1458,Terra,MODIS,83,61.03,299.8,21.1,D,0
4.1775,-71.7164,325.9,1,1,2023-01-05,1458,Terra,MODIS,78,61.03,299.9,14.6,D,0
3.9998,-71.763,320.4,1,1,2023-01-05,1458,Terra,MODIS,52,61.03,298.6,10,D,0
4.0363,-72.0772,325.8,1,1,2023-01-05,1458,Terra,MODIS,72,61.03,299.7,14.5,D,0
4.0313,-72.1056,322.5,1,1,2023-01-05,1458,Terra,MODIS,69,61.03,297.7,10.7,D,0
4.0274,-72.0785,322.2,1,1,2023-01-05,1458,Terra,MODIS,68,61.03,298.7,11.1,D,0
3.8106,-70.9752,312.1,1,1,2023-01-05,1458,Terra,MODIS,50,61.03,279.1,5.4,D,0
5.0297,-70.9132,325.4,1,1,2023-01-05,1458,Terra,MODIS,77,61.03,297.1,16.5,D,0
5.9498,-69.9591,316.9,1,1,2023-01-05,1458,Terra,MODIS,61,61.03,298.8,6.9,D,0
5.7351,-68.7703,319.7,1.1,1.1,2023-01-05,1458,Terra,MODIS,69,61.03,297.3,11.4,D,0
5.7336,-68.7603,325.5,1.1,1.1,2023-01-05,1458,Terra,MODIS,77,61.03,295.3,19.4,D,0
5.9913,-73.3669,309,1.2,1.1,2023-01-05,1458,Terra,MODIS,56,61.03,294.2,7,D,0
5.0403,-69.1218,325.9,1.1,1,2023-01-05,1458,Terra,MODIS,78,61.03,288.6,18.4,D,0
5.0389,-69.1121,327.7,1.1,1,2023-01-05,1458,Terra,MODIS,80,61.03,288.4,20.9,D,0
5.0328,-69.119,329.1,1.1,1,2023-01-05,1458,Terra,MODIS,75,61.03,289,23.9,D,0
5.101,-70.3995,376.8,1,1,2023-01-05,1458,Terra,MODIS,100,61.03,303,132.7,D,0
5.0997,-70.3905,331.6,1,1,2023-01-05,1458,Terra,MODIS,83,61.03,299.7,21.3,D,0
5.0339,-70.6328,319,1,1,2023-01-05,1458,Terra,MODIS,69,61.03,295.9,10.1,D,0
4.9427,-70.8871,342.4,1,1,2023-01-05,1458,Terra,MODIS,91,61.03,296.8,40.6,D,0
3.8334,-71.5032,349.1,1,1,2023-01-05,1459,Terra,MODIS,95,61.03,295.7,50.6,D,0
3.7217,-71.1835,314.9,1,1,2023-01-05,1459,Terra,MODIS,63,61.03,288.2,5.9,D,0
3.7517,-71.5753,321.6,1,1,2023-01-05,1459,Terra,MODIS,61,61.03,297.7,10.4,D,0
3.8423,-71.502,325.1,1,1,2023-01-05,1459,Terra,MODIS,51,61.03,296.1,12.3,D,0
3.7429,-71.5765,338.7,1,1,2023-01-05,1459,Terra,MODIS,89,61.03,298.5,32.3,D,0
3.7331,-71.584,328.3,1,1,2023-01-05,1459,Terra,MODIS,81,61.03,297.2,18.9,D,0
3.648,-71.4968,310.5,1,1,2023-01-05,1459,Terra,MODIS,35,61.03,290.1,3.6,D,0
3.5608,-71.3446,311.4,1,1,2023-01-05,1459,Terra,MODIS,36,61.03,282.3,5.4,D,0
3.605,-72.0316,326.3,1,1,2023-01-05,1459,Terra,MODIS,79,61.03,299,15.6,D,0
3.5895,-71.9881,326.8,1,1,2023-01-05,1459,Terra,MODIS,80,61.03,296,17.2,D,0
3.5194,-71.9434,320.3,1,1,2023-01-05,1459,Terra,MODIS,57,61.03,299.7,9.3,D,0
3.3678,-72.2395,314.2,1,1,2023-01-05,1459,Terra,MODIS,60,61.03,296,5.4,D,0
3.4235,-72.8114,327.2,1.1,1,2023-01-05,1459,Terra,MODIS,80,61.03,299.1,18.1,D,0
3.4221,-72.802,317.4,1.1,1,2023-01-05,1459,Terra,MODIS,66,61.03,297,7.2,D,0
3.2979,-71.948,320.8,1,1,2023-01-05,1459,Terra,MODIS,73,61.03,298.4,10.3,D,0
3.2966,-71.9391,326.2,1,1,2023-01-05,1459,Terra,MODIS,80,61.03,298.8,16.3,D,0
3.4049,-73.0063,317.8,1.1,1,2023-01-05,1459,Terra,MODIS,25,61.03,297.3,7.4,D,0
3.4036,-72.9969,339.3,1.1,1,2023-01-05,1459,Terra,MODIS,89,61.03,296.6,36.5,D,0
3.386,-72.9957,326.7,1.1,1,2023-01-05,1459,Terra,MODIS,79,61.03,298.1,18.6,D,0
3.159,-72.8954,317,1.1,1,2023-01-05,1459,Terra,MODIS,65,61.03,296.2,8.1,D,0
3.0006,-72.2518,325,1,1,2023-01-05,1459,Terra,MODIS,78,61.03,301.2,15.1,D,0
2.9058,-72.2346,314,1,1,2023-01-05,1459,Terra,MODIS,37,61.03,297.8,5.5,D,0
2.7981,-72.5045,317.7,1,1,2023-01-05,1459,Terra,MODIS,69,61.03,298.8,6.9,D,0
2.7994,-72.5136,319.3,1,1,2023-01-05,1459,Terra,MODIS,71,61.03,297.1,9.1,D,0
-3.5544,-69.3209,305.9,1.4,1.2,2023-01-05,1500,Terra,MODIS,0,61.03,289.1,5.3,D,0
-2.3416,-71.1564,311.1,1.1,1,2023-01-05,1500,Terra,MODIS,0,61.03,295.1,6.5,D,0
-4.4739,-73.4885,312.3,1,1,2023-01-05,1501,Terra,MODIS,58,61.03,294,7.5,D,0
-18.6429,-63.0481,319.4,2.1,1.4,2023-01-05,1740,Aqua,MODIS,61,61.03,297.4,26.4,D,0
-4.0937,-63.142,317.7,1.3,1.1,2023-01-05,1744,Aqua,MODIS,63,61.03,296.9,13.4,D,2
-3.8361,-63.4945,312.4,1.4,1.2,2023-01-05,1744,Aqua,MODIS,0,61.03,296.6,11.4,D,0
-3.1134,-65.2223,307.7,1.8,1.3,2023-01-05,1745,Aqua,MODIS,41,61.03,290.4,10.3,D,0
3.2101,-59.899,324.1,1.1,1,2023-01-05,1746,Aqua,MODIS,78,61.03,292.6,16,D,0
3.9151,-67.0498,328.5,1.9,1.4,2023-01-05,1747,Aqua,MODIS,80,61.03,294.9,50.5,D,0
3.9125,-67.067,323.4,1.9,1.4,2023-01-05,1747,Aqua,MODIS,69,61.03,295.2,35.3,D,0
3.9099,-67.0843,317.1,2,1.4,2023-01-05,1747,Aqua,MODIS,14,61.03,294.2,20.3,D,0
3.9075,-67.0557,322,1.9,1.4,2023-01-05,1747,Aqua,MODIS,39,61.03,294.6,31.7,D,0
3.9169,-67.0748,328.6,1.9,1.4,2023-01-05,1747,Aqua,MODIS,64,61.03,295.1,49.6,D,0
3.4794,-71.8266,313.8,4.7,2,2023-01-05,1747,Aqua,MODIS,44,61.03,287,66.4,D,0
3.4787,-71.8301,314.5,4.7,2,2023-01-05,1747,Aqua,MODIS,66,61.03,287.1,78,D,0
3.5117,-71.965,311.3,4.8,2,2023-01-05,1747,Aqua,MODIS,54,61.03,287.6,52.2,D,0
3.5107,-71.9726,309,4.8,2,2023-01-05,1747,Aqua,MODIS,34,61.03,286.9,39.4,D,0
4.3583,-69.0618,309.7,2.8,1.6,2023-01-05,1747,Aqua,MODIS,42,61.03,289.2,16.3,D,0
4.5082,-69.6824,321.4,3.1,1.7,2023-01-05,1747,Aqua,MODIS,76,61.03,293.3,55.6,D,0
4.5074,-69.6874,322.8,3.1,1.7,2023-01-05,1747,Aqua,MODIS,78,61.03,293.7,61.9,D,0
4.5765,-69.925,320.2,3.2,1.7,2023-01-05,1747,Aqua,MODIS,73,61.03,291.3,61.4,D,0
4.5795,-69.9036,311.3,3.2,1.7,2023-01-05,1747,Aqua,MODIS,25,61.03,289.2,22.1,D,0
4.575,-69.9317,315.7,3.2,1.7,2023-01-05,1747,Aqua,MODIS,60,61.03,291,39.8,D,0
4.6884,-69.9838,313,3.2,1.7,2023-01-05,1747,Aqua,MODIS,42,61.03,292.1,29.1,D,0
5.0663,-69.542,327,2.9,1.6,2023-01-05,1747,Aqua,MODIS,57,61.03,289.6,79,D,0
5.3525,-68.0355,318.4,2.2,1.4,2023-01-05,1747,Aqua,MODIS,26,61.03,296,22.8,D,0
5.4619,-71.1566,316.4,3.8,1.8,2023-01-05,1747,Aqua,MODIS,65,61.03,290.5,64,D,0
5.4529,-71.162,317.4,3.8,1.8,2023-01-05,1747,Aqua,MODIS,67,61.03,289.3,73.1,D,0
5.6695,-70.7025,318.4,3.5,1.8,2023-01-05,1747,Aqua,MODIS,52,61.03,290.3,75.2,D,0
-4.8532,-80.7405,318.4,1.3,1.2,2023-01-05,1923,Aqua,MODIS,38,61.03,290.4,12.1,D,0
-4.7733,-80.2821,319.8,1.5,1.2,2023-01-05,1923,Aqua,MODIS,67,61.03,289.5,16.1,D,0
-1.8269,-54.5387,305.4,1.2,1.1,2023-01-06,0141,Terra,MODIS,64,61.03,291.6,6.3,N,0
-2.005,-78.3372,327.7,1.1,1,2023-01-06,0320,Terra,MODIS,100,61.03,273.8,34.9,N,1
0.7888,-74.3729,348.5,1.3,1.1,2023-01-06,0320,Terra,MODIS,100,61.03,277.9,85.5,N,0
0.7872,-74.3842,305.5,1.3,1.1,2023-01-06,0320,Terra,MODIS,54,61.03,276.4,10.1,N,0
3.5053,-71.9621,314,2.1,1.4,2023-01-06,0321,Terra,MODIS,88,61.03,290.2,34.4,N,0
3.5029,-71.9806,314.7,2.1,1.4,2023-01-06,0321,Terra,MODIS,90,61.03,289.8,36.3,N,0
3.5944,-72.0736,328.4,2.1,1.4,2023-01-06,0321,Terra,MODIS,100,61.03,290.8,72.6,N,0
3.6068,-72.0753,307,2.1,1.4,2023-01-06,0321,Terra,MODIS,70,61.03,290.3,17.4,N,0
3.8866,-71.5589,307.6,2.3,1.5,2023-01-06,0321,Terra,MODIS,72,61.03,289.9,23.1,N,0
3.8845,-71.5651,307.7,2.3,1.5,2023-01-06,0321,Terra,MODIS,53,61.03,290,21.6,N,0
4.0646,-71.9806,302.2,2.1,1.4,2023-01-06,0321,Terra,MODIS,47,61.03,290.7,11.3,N,0
4.736,-70.8999,301.8,2.7,1.6,2023-01-06,0321,Terra,MODIS,44,61.03,289.6,14.2,N,0
4.7415,-70.9071,302.6,2.7,1.6,2023-01-06,0321,Terra,MODIS,50,61.03,289.6,17.1,N,0
5.4919,-68.0204,301.7,4.6,2,2023-01-06,0321,Terra,MODIS,26,61.03,285.4,39.9,N,0
3.6266,-72.069,307.5,2.5,1.5,2023-01-06,0606,Aqua,MODIS,45,61.03,289.4,28,N,0
3.5996,-72.0728,305.9,2.5,1.5,2023-01-06,0606,Aqua,MODIS,41,61.03,289.1,23.3,N,0
3.5966,-72.0511,302.2,2.4,1.5,2023-01-06,0606,Aqua,MODIS,12,61.03,289.4,14.1,N,0
-17.4921,-71.3518,307.4,1.1,1,2023-01-06,0612,Aqua,MODIS,71,61.03,284,11.4,N,2
3.6376,-59.6127,322.6,1.2,1.1,2023-01-06,1401,Terra,MODIS,49,61.03,292.5,14.1,D,0
4.3466,-60.3651,317.6,1.4,1.2,2023-01-06,1401,Terra,MODIS,74,61.03,283.8,18.2,D,0
4.348,-60.3591,315.6,1.4,1.2,2023-01-06,1401,Terra,MODIS,70,61.03,283.7,15.7,D,0
3.6682,-59.6193,334.4,1.2,1.1,2023-01-06,1401,Terra,MODIS,75,61.03,290.6,33.4,D,0
3.6488,-59.622,351.3,1.2,1.1,2023-01-06,1401,Terra,MODIS,96,61.03,292.5,71,D,0
3.6473,-59.6114,359.2,1.2,1.1,2023-01-06,1401,Terra,MODIS,99,61.03,294.4,96.6,D,0
2.7558,-59.5151,321.6,1.2,1.1,2023-01-06,1402,Terra,MODIS,54,61.03,294.9,12.6,D,0
2.7506,-59.512,326.7,1.2,1.1,2023-01-06,1402,Terra,MODIS,81,61.03,295.5,21.3,D,0
2.7396,-59.5031,324.2,1.2,1.1,2023-01-06,1402,Terra,MODIS,78,61.03,293.9,18.2,D,0
-3.1472,-54.5493,309.7,1.4,1.2,2023-01-06,1403,Terra,MODIS,49,61.03,293.4,9.6,D,0
-14.0508,-65.3978,313.8,1.6,1.2,2023-01-06,1406,Terra,MODIS,42,61.03,297.7,10.6,D,0
-18.2276,-61.837,343.9,1,1,2023-01-06,1407,Terra,MODIS,92,61.03,302.4,41.9,D,0
-18.2289,-61.8277,368.4,1,1,2023-01-06,1407,Terra,MODIS,100,61.03,307,101.6,D,0
-18.2303,-61.8184,341,1,1,2023-01-06,1407,Terra,MODIS,90,61.03,305.5,35.8,D,0
-18.2365,-61.8384,331.2,1,1,2023-01-06,1407,Terra,MODIS,83,61.03,303.6,21.5,D,0
-18.2378,-61.8291,328.4,1,1,2023-01-06,1407,Terra,MODIS,63,61.03,305.1,16.9,D,0
-18.2392,-61.8198,330,1,1,2023-01-06,1407,Terra,MODIS,82,61.03,305.2,19.7,D,0
-18.2406,-61.8104,321,1,1,2023-01-06,1407,Terra,MODIS,42,61.03,302,9.9,D,0
-19.0886,-62.3717,317,1,1,2023-01-06,1407,Terra,MODIS,56,61.03,304.4,5.8,D,0
-19.5668,-59.3026,316.6,1.2,1.1,2023-01-06,1407,Terra,MODIS,67,61.03,301.3,10.7,D,0
-20.0403,-63.5198,320.2,1.1,1,2023-01-06,1408,Terra,MODIS,48,61.03,306.5,8.4,D,2
4.6681,-71.4716,315.1,4.3,1.9,2023-01-06,1539,Terra,MODIS,49,61.03,289.6,61.4,D,0
4.1093,-71.1409,316,4.7,2,2023-01-06,1539,Terra,MODIS,59,61.03,286.9,77.8,D,0
4.1084,-71.1464,315.6,4.7,2,2023-01-06,1539,Terra,MODIS,64,61.03,286.9,81.1,D,0
3.6018,-72.0863,347.2,4.1,1.9,2023-01-06,1540,Terra,MODIS,94,61.03,290.1,378.5,D,0
3.5957,-72.0923,340.3,4.1,1.9,2023-01-06,1540,Terra,MODIS,91,61.03,289.9,282.4,D,0
3.2593,-73.217,311.8,3.3,1.7,2023-01-06,1540,Terra,MODIS,63,61.03,291.5,24,D,0
2.8386,-72.7732,313.9,3.7,1.8,2023-01-06,1540,Terra,MODIS,69,61.03,291,39,D,0
2.8455,-72.7787,316.8,3.7,1.8,2023-01-06,1540,Terra,MODIS,74,61.03,291.4,56.7,D,0
0.7859,-74.3772,409.6,3,1.6,2023-01-06,1540,Terra,MODIS,100,61.03,294.5,1501.2,D,0
0.7819,-74.3513,334.1,3,1.6,2023-01-06,1540,Terra,MODIS,88,61.03,291.7,132,D,0
0.7841,-74.383,396.8,3,1.6,2023-01-06,1540,Terra,MODIS,100,61.03,293.4,1108.7,D,0
0.7803,-74.357,360.1,3,1.6,2023-01-06,1540,Terra,MODIS,100,61.03,292.2,389.8,D,0
0.7657,-74.359,322.9,3,1.6,2023-01-06,1540,Terra,MODIS,76,61.03,288.4,67.7,D,0
0.7159,-75.1171,318.7,2.6,1.5,2023-01-06,1540,Terra,MODIS,75,61.03,292.5,41.9,D,0
0.709,-75.1238,315.4,2.6,1.5,2023-01-06,1540,Terra,MODIS,70,61.03,292.1,32.8,D,0
-1.0967,-80.4444,310,1.1,1.1,2023-01-06,1541,Terra,MODIS,23,61.03,280.2,6.1,D,0
-1.1652,-80.1731,314.7,1.2,1.1,2023-01-06,1541,Terra,MODIS,74,61.03,282.5,13.1,D,0
-3.5248,-80.3477,316.6,1.2,1.1,2023-01-06,1542,Terra,MODIS,39,61.03,295.2,8.1,D,0
-4.2657,-79.9513,321.9,1.3,1.1,2023-01-06,1542,Terra,MODIS,70,61.03,294.8,21.1,D,0
-4.2235,-49.1171,347,1.3,1.1,2023-01-06,1648,Aqua,MODIS,94,61.03,297.8,75.9,D,0
-4.2251,-49.1291,323.8,1.3,1.1,2023-01-06,1648,Aqua,MODIS,63,61.03,295.5,23.3,D,0
-4.2169,-49.1236,345.8,1.3,1.1,2023-01-06,1648,Aqua,MODIS,94,61.03,297.3,72.6,D,0
-3.2351,-49.4777,309.5,1.4,1.2,2023-01-06,1649,Aqua,MODIS,30,61.03,292.1,6.6,D,0
-2.9662,-49.5211,315.9,1.4,1.2,2023-01-06,1649,Aqua,MODIS,60,61.03,296.2,12.2,D,0
-2.968,-49.5333,314.6,1.4,1.2,2023-01-06,1649,Aqua,MODIS,54,61.03,295.9,10.7,D,0
-2.9386,-49.5499,315.1,1.4,1.2,2023-01-06,1649,Aqua,MODIS,59,61.03,295.2,12.4,D,0
-3.0518,-51.5762,312.4,2,1.4,2023-01-06,1649,Aqua,MODIS,65,61.03,295,20.4,D,0
-2.7229,-49.3239,319.2,1.3,1.1,2023-01-06,1649,Aqua,MODIS,34,61.03,301.4,17.5,D,0
-2.5022,-49.0628,316,1.3,1.1,2023-01-06,1649,Aqua,MODIS,70,61.03,300.4,10.8,D,0
-2.3542,-49.3889,319.2,1.3,1.1,2023-01-06,1649,Aqua,MODIS,74,61.03,297.3,17.4,D,0
-2.3559,-49.4006,313,1.3,1.1,2023-01-06,1649,Aqua,MODIS,53,61.03,296.8,9.3,D,0
-2.0727,-54.465,327,3.2,1.7,2023-01-06,1649,Aqua,MODIS,0,61.03,290.6,120.1,D,0
-2.0753,-54.4696,310.4,3.2,1.7,2023-01-06,1649,Aqua,MODIS,38,61.03,290.5,34.7,D,0
-1.8455,-54.1456,327.3,3,1.6,2023-01-06,1649,Aqua,MODIS,83,61.03,288.7,106.1,D,0
-1.8454,-54.1504,322.8,3,1.6,2023-01-06,1649,Aqua,MODIS,79,61.03,289,80.7,D,0
-0.0155,-51.2705,313.5,1.6,1.3,2023-01-06,1649,Aqua,MODIS,68,61.03,294.5,15,D,0
0.5922,-51.5057,312.8,1.7,1.3,2023-01-06,1650,Aqua,MODIS,67,61.03,294.9,15.4,D,0
-20.3596,-64.3592,324,1.1,1.1,2023-01-06,1822,Aqua,MODIS,57,61.03,301.7,17.9,D,0
-18.712,-64.1662,328.6,1.2,1.1,2023-01-06,1823,Aqua,MODIS,77,61.03,301.7,25.6,D,0
-15.6791,-69.0834,323.1,1,1,2023-01-06,1824,Aqua,MODIS,73,61.03,306.4,8.7,D,0
-15.3181,-68.279,326.2,1,1,2023-01-06,1824,Aqua,MODIS,79,61.03,301.6,16.6,D,0
-14.1702,-66.9117,333.6,1,1,2023-01-06,1824,Aqua,MODIS,85,61.03,300.8,27.3,D,0
-12.9816,-64.6674,322,1.4,1.2,2023-01-06,1824,Aqua,MODIS,73,61.03,297.3,17.7,D,0
-0.1928,-76.6451,310.5,1.9,1.3,2023-01-06,1828,Aqua,MODIS,55,61.03,287.5,12.9,D,2
-0.3103,-74.6221,315.2,1.3,1.1,2023-01-06,1828,Aqua,MODIS,66,61.03,294.3,13.4,D,0
-0.3121,-74.634,323.2,1.3,1.1,2023-01-06,1828,Aqua,MODIS,79,61.03,294.5,24.9,D,0
-0.2183,-74.6895,328.9,1.3,1.1,2023-01-06,1828,Aqua,MODIS,84,61.03,297,33.4,D,0
-0.1946,-74.8909,324.4,1.4,1.2,2023-01-06,1828,Aqua,MODIS,75,61.03,294.8,26.4,D,0
-0.1964,-74.9032,331.7,1.4,1.2,2023-01-06,1828,Aqua,MODIS,65,61.03,295.9,40.8,D,0
0.3813,-75.0678,321.5,1.4,1.2,2023-01-06,1828,Aqua,MODIS,76,61.03,294.4,20.8,D,0
0.3917,-75.0693,328,1.4,1.2,2023-01-06,1828,Aqua,MODIS,82,61.03,292.6,32,D,0
0.4339,-76.1196,313.5,1.7,1.3,2023-01-06,1828,Aqua,MODIS,64,61.03,293.3,17.7,D,0
0.6465,-74.7974,316.8,1.3,1.1,2023-01-06,1828,Aqua,MODIS,62,61.03,296.4,12.8,D,0
0.6448,-74.8092,366,1.3,1.1,2023-01-06,1828,Aqua,MODIS,100,61.03,300,148.5,D,0
0.7611,-74.3539,337.6,1.2,1.1,2023-01-06,1828,Aqua,MODIS,89,61.03,298.1,43.5,D,0
0.771,-74.3553,340.1,1.2,1.1,2023-01-06,1828,Aqua,MODIS,90,61.03,300.3,48.2,D,0
0.7904,-74.2909,320.1,1.2,1.1,2023-01-06,1828,Aqua,MODIS,74,61.03,291.7,15.9,D,0
0.7888,-74.3018,313.6,1.2,1.1,2023-01-06,1828,Aqua,MODIS,49,61.03,291.8,8.6,D,0
0.7793,-74.3678,341,1.2,1.1,2023-01-06,1828,Aqua,MODIS,91,61.03,298.2,48.1,D,0
0.7777,-74.3789,361.7,1.2,1.1,2023-01-06,1828,Aqua,MODIS,100,61.03,300.5,112.2,D,0
0.7891,-74.3692,332.1,1.2,1.1,2023-01-06,1828,Aqua,MODIS,71,61.03,295.4,30.4,D,0
0.7876,-74.3803,376.4,1.2,1.1,2023-01-06,1828,Aqua,MODIS,94,61.03,296.2,179,D,0
0.786,-74.3914,325.7,1.3,1.1,2023-01-06,1828,Aqua,MODIS,57,61.03,296.4,21.5,D,0
0.9033,-74.5004,315.8,1.3,1.1,2023-01-06,1828,Aqua,MODIS,59,61.03,297.9,10,D,0
0.9558,-74.3494,322.9,1.2,1.1,2023-01-06,1828,Aqua,MODIS,37,61.03,298.8,14.5,D,0
0.9912,-74.2436,351.9,1.2,1.1,2023-01-06,1828,Aqua,MODIS,96,61.03,300.2,78.7,D,0
0.9897,-74.2544,358.8,1.2,1.1,2023-01-06,1828,Aqua,MODIS,99,61.03,300,101.1,D,0
0.9724,-74.3743,341.1,1.2,1.1,2023-01-06,1828,Aqua,MODIS,91,61.03,297.9,48.9,D,0
0.9708,-74.3853,328.4,1.2,1.1,2023-01-06,1828,Aqua,MODIS,82,61.03,298.6,25.2,D,0
0.8077,-75.9195,338.2,1.6,1.2,2023-01-06,1829,Aqua,MODIS,89,61.03,293.1,66,D,0
0.8057,-75.9336,317.8,1.6,1.2,2023-01-06,1829,Aqua,MODIS,65,61.03,291.9,17.5,D,0
1.0624,-74.4616,317.2,1.3,1.1,2023-01-06,1829,Aqua,MODIS,61,61.03,296.1,8.9,D,0
1.0608,-74.4727,334.6,1.3,1.1,2023-01-06,1829,Aqua,MODIS,87,61.03,300.4,37.3,D,0
1.2089,-74.305,317.7,1.2,1.1,2023-01-06,1829,Aqua,MODIS,52,61.03,291.3,14.4,D,0
1.259,-74.2354,313.7,1.2,1.1,2023-01-06,1829,Aqua,MODIS,55,61.03,277,13.3,D,0
1.2488,-74.4446,317.6,1.2,1.1,2023-01-06,1829,Aqua,MODIS,63,61.03,298.1,9.8,D,0
2.4658,-72.1974,320.3,1,1,2023-01-06,1829,Aqua,MODIS,76,61.03,291.9,12.2,D,0
0.9997,-74.613,313.2,1.3,1.1,2023-01-06,1829,Aqua,MODIS,33,61.03,293.9,7.1,D,0
2.5892,-72.4283,317.9,1,1,2023-01-06,1829,Aqua,MODIS,41,61.03,296.2,7.7,D,0
3.1312,-70.1958,305.9,1.1,1,2023-01-06,1829,Aqua,MODIS,32,61.03,277.7,5.6,D,0
2.8315,-72.7857,319.7,1,1,2023-01-06,1829,Aqua,MODIS,35,61.03,300.2,8.8,D,0
2.8405,-72.787,329.1,1,1,2023-01-06,1829,Aqua,MODIS,82,61.03,302.3,18.8,D,0
3.0467,-72.2549,320.8,1,1,2023-01-06,1829,Aqua,MODIS,73,61.03,300.9,7.1,D,0
3.1238,-72.6164,321.9,1,1,2023-01-06,1829,Aqua,MODIS,53,61.03,293.8,12.5,D,0
3.1225,-72.6254,317.2,1,1,2023-01-06,1829,Aqua,MODIS,26,61.03,294.8,7.2,D,0
3.9277,-67.8235,312.7,1.5,1.2,2023-01-06,1829,Aqua,MODIS,38,61.03,292.4,8,D,0
3.3526,-72.0451,333.7,1,1,2023-01-06,1829,Aqua,MODIS,85,61.03,295.6,22.5,D,0
3.5016,-71.5282,322.9,1,1,2023-01-06,1829,Aqua,MODIS,47,61.03,300.1,7.6,D,0
3.4579,-71.9581,315.4,1,1,2023-01-06,1829,Aqua,MODIS,0,61.03,293,7.1,D,0
3.5752,-71.3982,323.7,1,1,2023-01-06,1829,Aqua,MODIS,56,61.03,300,9.1,D,0
3.499,-73.0719,323.5,1,1,2023-01-06,1829,Aqua,MODIS,61,61.03,302.8,12,D,0
3.97,-71.2772,322.5,1,1,2023-01-06,1829,Aqua,MODIS,66,61.03,299,8,D,0
3.9687,-71.2863,324.1,1,1,2023-01-06,1829,Aqua,MODIS,63,61.03,301.2,10,D,0
4.0124,-71.3018,347.3,1,1,2023-01-06,1829,Aqua,MODIS,93,61.03,300.7,47.6,D,0
3.9774,-72.1884,329.8,1,1,2023-01-06,1829,Aqua,MODIS,76,61.03,294.9,19.3,D,0
4.1819,-71.7306,328.5,1,1,2023-01-06,1829,Aqua,MODIS,61,61.03,298.6,16.4,D,0
4.2788,-71.1828,361,1,1,2023-01-06,1829,Aqua,MODIS,100,61.03,299,81.7,D,0
4.6648,-69.2535,318,1.3,1.1,2023-01-06,1829,Aqua,MODIS,55,61.03,295.1,12.1,D,0
3.8596,-74.9896,316.9,1.2,1.1,2023-01-06,1829,Aqua,MODIS,73,61.03,292.5,11,D,0
4.3784,-71.9625,322.8,1,1,2023-01-06,1829,Aqua,MODIS,66,61.03,292.1,12.5,D,0
4.2584,-73.0461,330.2,1,1,2023-01-06,1829,Aqua,MODIS,81,61.03,301.9,20.1,D,0
4.5304,-71.4782,327,1,1,2023-01-06,1829,Aqua,MODIS,77,61.03,297.5,15.7,D,0
4.6617,-71.4633,328.5,1,1,2023-01-06,1829,Aqua,MODIS,78,61.03,300.4,17.1,D,0
3.8735,-77.0057,312.6,1.7,1.3,2023-01-06,1829,Aqua,MODIS,45,61.03,293.2,13.9,D,2
4.8244,-71.1011,323,1,1,2023-01-06,1829,Aqua,MODIS,43,61.03,300.9,10.4,D,0
5.5812,-65.9181,321.2,2.3,1.5,2023-01-06,1829,Aqua,MODIS,76,61.03,292.5,37.2,D,0
4.8661,-71.0692,323.5,1,1,2023-01-06,1829,Aqua,MODIS,72,61.03,300.9,12.2,D,0
4.8647,-71.0785,324.6,1,1,2023-01-06,1829,Aqua,MODIS,74,61.03,299.7,13.4,D,0
5.5779,-65.9227,324.2,2.3,1.5,2023-01-06,1829,Aqua,MODIS,76,61.03,292.9,46.1,D,0
5.0174,-70.3154,323.8,1.1,1.1,2023-01-06,1829,Aqua,MODIS,48,61.03,294.3,14.5,D,0
4.8404,-71.566,326.8,1,1,2023-01-06,1829,Aqua,MODIS,77,61.03,300.7,15.6,D,0
5.0268,-70.3167,328.4,1.1,1.1,2023-01-06,1829,Aqua,MODIS,71,61.03,296.4,19.5,D,0
5.4322,-68.0695,335,1.5,1.2,2023-01-06,1829,Aqua,MODIS,74,61.03,298.1,44.1,D,0
5.0334,-71.3091,319.5,1,1,2023-01-06,1829,Aqua,MODIS,64,61.03,297.9,8.7,D,0
5.5903,-69.2841,315.3,1.3,1.1,2023-01-06,1830,Aqua,MODIS,0,61.03,293.4,7.1,D,0
5.9844,-67.6319,341.3,1.7,1.3,2023-01-06,1830,Aqua,MODIS,90,61.03,295.1,71.3,D,0
5.8743,-70.3194,361.8,1.1,1.1,2023-01-06,1830,Aqua,MODIS,100,61.03,297.9,96.4,D,0
5.8729,-70.3295,346,1.1,1.1,2023-01-06,1830,Aqua,MODIS,92,61.03,296.9,51.5,D,0
5.8838,-70.3207,379.4,1.1,1.1,2023-01-06,1830,Aqua,MODIS,100,61.03,298.6,167.8,D,0
5.8823,-70.3309,336.1,1.1,1.1,2023-01-06,1830,Aqua,MODIS,78,61.03,298.5,30.5,D,0
5.8947,-70.312,328.5,1.1,1.1,2023-01-06,1830,Aqua,MODIS,77,61.03,296.1,20,D,0
5.2514,-74.8353,317.3,1.2,1.1,2023-01-06,1830,Aqua,MODIS,72,61.03,293.9,11.5,D,0
5.2554,-74.8309,315.9,1.2,1.1,2023-01-06,1830,Aqua,MODIS,61,61.03,293.7,11,D,0
5.2539,-74.8413,314,1.2,1.1,2023-01-06,1830,Aqua,MODIS,57,61.03,295,9,D,0
5.7518,-71.7594,319.2,1,1,2023-01-06,1830,Aqua,MODIS,43,61.03,300.5,6.7,D,0
5.6855,-76.659,312.8,1.5,1.2,2023-01-06,1830,Aqua,MODIS,58,61.03,292.6,15.1,D,2
-20.7608,-59.6166,316.9,1,1,2023-01-07,0217,Terra,MODIS,94,61.03,294.2,14.8,N,0
-19.287,-56.0681,305.7,1.2,1.1,2023-01-07,0218,Terra,MODIS,65,61.03,292.9,7.7,N,0
-19.8426,-60.4462,307.2,1.1,1,2023-01-07,0218,Terra,MODIS,71,61.03,294.3,7.9,N,0
-19.8439,-60.4565,306.7,1.1,1,2023-01-07,0218,Terra,MODIS,69,61.03,294.2,7.4,N,0
-19.5605,-59.3039,317.7,1,1,2023-01-07,0218,Terra,MODIS,96,61.03,293.4,15.1,N,0
-19.5515,-59.3053,304.8,1,1,2023-01-07,0218,Terra,MODIS,62,61.03,292.7,5.6,N,0
-19.5611,-63.0331,323,1.5,1.2,2023-01-07,0218,Terra,MODIS,100,61.03,293.1,36,N,0
-19.5627,-63.0471,305.7,1.5,1.2,2023-01-07,0218,Terra,MODIS,65,61.03,292.6,10.3,N,0
-19.5563,-63.0261,311.9,1.5,1.2,2023-01-07,0218,Terra,MODIS,84,61.03,291.7,18.2,N,0
-19.558,-63.04,317.2,1.5,1.2,2023-01-07,0218,Terra,MODIS,95,61.03,292.7,26.1,N,0
-18.4752,-62.3466,300.9,1.3,1.1,2023-01-07,0218,Terra,MODIS,35,61.03,288.2,5.5,N,0
-18.4654,-62.3413,330.1,1.3,1.1,2023-01-07,0218,Terra,MODIS,100,61.03,287.7,42.4,N,0
-18.467,-62.3535,321.1,1.3,1.1,2023-01-07,0218,Terra,MODIS,100,61.03,286.9,27.4,N,0
-18.2363,-61.8083,315.7,1.2,1.1,2023-01-07,0218,Terra,MODIS,92,61.03,292.3,16.9,N,0
-18.2377,-61.8196,317.5,1.2,1.1,2023-01-07,0218,Terra,MODIS,95,61.03,293.8,18.9,N,0
-18.3479,-62.8103,309.1,1.4,1.2,2023-01-07,0218,Terra,MODIS,51,61.03,287.9,13,N,0
-18.3508,-62.8026,305.2,1.4,1.2,2023-01-07,0218,Terra,MODIS,46,61.03,287.4,9.3,N,0
-18.3524,-62.8155,308.4,1.4,1.2,2023-01-07,0218,Terra,MODIS,73,61.03,288.3,12.7,N,0
-18.1513,-61.9416,318.2,1.2,1.1,2023-01-07,0218,Terra,MODIS,96,61.03,292.5,21,N,0
-18.149,-61.9366,313.2,1.2,1.1,2023-01-07,0218,Terra,MODIS,87,61.03,292.3,15.1,N,0
-18.1505,-61.948,311.6,1.2,1.1,2023-01-07,0218,Terra,MODIS,83,61.03,292.2,13.4,N,0
-18.1392,-61.938,333.9,1.2,1.1,2023-01-07,0218,Terra,MODIS,100,61.03,293.1,45.1,N,0
-18.1406,-61.9494,322.1,1.2,1.1,2023-01-07,0218,Terra,MODIS,100,61.03,292.3,25.9,N,0
-18.1655,-62.6397,345.1,1.3,1.1,2023-01-07,0218,Terra,MODIS,100,61.03,286.8,79.9,N,0
-18.167,-62.6523,380.7,1.3,1.1,2023-01-07,0218,Terra,MODIS,100,61.03,290.4,240.7,N,0
-18.1686,-62.6649,312,1.3,1.2,2023-01-07,0218,Terra,MODIS,84,61.03,285.4,16.1,N,0
-18.1552,-62.6411,337.8,1.3,1.1,2023-01-07,0218,Terra,MODIS,100,61.03,286.1,60.3,N,0
-18.1568,-62.6537,362.7,1.3,1.1,2023-01-07,0218,Terra,MODIS,100,61.03,287.5,144.4,N,0
-18.1583,-62.6663,306.1,1.3,1.2,2023-01-07,0218,Terra,MODIS,49,61.03,285.1,9.8,N,0
-16.771,-60.9618,307.2,1.1,1,2023-01-07,0218,Terra,MODIS,71,61.03,292,8.1,N,0
-16.7723,-60.9716,302.7,1.1,1,2023-01-07,0218,Terra,MODIS,51,61.03,292.6,5,N,0
-16.6477,-60.5878,305.7,1,1,2023-01-07,0218,Terra,MODIS,65,61.03,292,6.4,N,0
-16.649,-60.5974,323.9,1,1,2023-01-07,0218,Terra,MODIS,100,61.03,292.6,22.5,N,0
-16.6399,-60.5987,308.7,1,1,2023-01-07,0218,Terra,MODIS,75,61.03,291.8,8.7,N,0
-15.5077,-64.4857,306,1.6,1.3,2023-01-07,0219,Terra,MODIS,67,61.03,293.8,11.4,N,0
-12.283,-65.7515,304.3,1.8,1.3,2023-01-07,0220,Terra,MODIS,47,61.03,290.1,13.6,N,0
-12.2851,-65.7682,312.4,1.8,1.3,2023-01-07,0220,Terra,MODIS,85,61.03,289.9,26.1,N,0
3.2871,-60.6074,317.3,1.3,1.1,2023-01-07,0224,Terra,MODIS,95,61.03,286.9,20.6,N,0
4.1857,-71.7343,329.6,3,1.6,2023-01-07,0224,Terra,MODIS,100,61.03,289.2,133.7,N,0
4.2003,-71.7365,312.5,3,1.6,2023-01-07,0224,Terra,MODIS,85,61.03,286.9,49.9,N,0
4.9564,-70.8991,304.5,2.5,1.5,2023-01-07,0225,Terra,MODIS,60,61.03,289.4,19.5,N,0
-16.6384,-60.5888,306.4,1.7,1.3,2023-01-07,0515,Aqua,MODIS,68,61.03,290.5,16.1,N,0
-16.6462,-60.5972,301.3,1.7,1.3,2023-01-07,0515,Aqua,MODIS,28,61.03,290.4,9.5,N,0
-18.4676,-62.3491,307,2.1,1.4,2023-01-07,0516,Aqua,MODIS,70,61.03,287.9,23.6,N,0
-18.1309,-61.9386,301.3,2,1.4,2023-01-07,0516,Aqua,MODIS,29,61.03,287.7,13.4,N,0
-18.1431,-61.941,302.3,2,1.4,2023-01-07,0516,Aqua,MODIS,47,61.03,286.9,15.7,N,0
-18.1484,-62.641,311.8,2.2,1.4,2023-01-07,0516,Aqua,MODIS,80,61.03,271.3,40,N,0
-18.1574,-62.6643,301.1,2.2,1.4,2023-01-07,0516,Aqua,MODIS,17,61.03,273.8,18.4,N,0
-18.1613,-62.6436,352.2,2.2,1.4,2023-01-07,0516,Aqua,MODIS,100,61.03,276.4,222,N,0
-18.1651,-62.6229,305.4,2.2,1.4,2023-01-07,0516,Aqua,MODIS,56,61.03,275.8,26.7,N,0
-18.3437,-62.8011,301.2,2.3,1.5,2023-01-07,0516,Aqua,MODIS,39,61.03,287.5,16.7,N,0
-18.466,-62.3436,314.5,2.1,1.4,2023-01-07,0516,Aqua,MODIS,89,61.03,287.8,37.8,N,0
-18.4712,-62.3297,306.8,2.1,1.4,2023-01-07,0516,Aqua,MODIS,69,61.03,288.7,23,N,0
-19.5594,-59.3041,302.4,1.2,1.1,2023-01-07,0516,Aqua,MODIS,49,61.03,291.5,7.1,N,0
-20.7597,-59.6084,305.6,1.2,1.1,2023-01-07,0516,Aqua,MODIS,65,61.03,291.7,9.5,N,0
-17.4884,-71.3466,305.5,3.4,1.7,2023-01-07,0654,Aqua,MODIS,31,61.03,288.3,48.3,N,2
4.908,-70.6494,328.6,1.4,1.2,2023-01-07,1442,Terra,MODIS,71,61.03,292.1,29.8,D,0
4.7446,-70.7398,321.1,1.4,1.2,2023-01-07,1442,Terra,MODIS,66,61.03,294.6,14.9,D,0
-13.3123,-66.2775,324.4,1.6,1.2,2023-01-07,1447,Terra,MODIS,78,61.03,299.8,29.2,D,0
-12.8933,-66.4105,313.7,1.5,1.2,2023-01-07,1447,Terra,MODIS,42,61.03,298.7,11.2,D,0
-13.3012,-66.2761,319.7,1.6,1.2,2023-01-07,1447,Terra,MODIS,48,61.03,297.9,18.2,D,0
-13.3141,-66.2629,317.1,1.6,1.2,2023-01-07,1447,Terra,MODIS,41,61.03,298.7,15.7,D,0
-13.3728,-66.524,319.1,1.5,1.2,2023-01-07,1447,Terra,MODIS,72,61.03,299.3,17.6,D,0
-15.396,-68.0669,311.1,1.3,1.1,2023-01-07,1448,Terra,MODIS,50,61.03,297.1,8,D,0
-15.8388,-67.5574,313.3,1.4,1.2,2023-01-07,1448,Terra,MODIS,64,61.03,299.2,11.2,D,2
-18.0946,-62.6607,348.9,3.6,1.8,2023-01-07,1448,Terra,MODIS,95,61.03,299.2,314.6,D,0
-18.0888,-62.6658,347.4,3.6,1.8,2023-01-07,1448,Terra,MODIS,94,61.03,299.1,298.6,D,0
-18.0919,-62.6326,319.7,3.6,1.8,2023-01-07,1448,Terra,MODIS,74,61.03,297.3,50.4,D,0
-18.152,-62.6722,319.9,3.6,1.8,2023-01-07,1448,Terra,MODIS,63,61.03,298.3,49.6,D,0
-18.1553,-62.639,345.5,3.6,1.8,2023-01-07,1448,Terra,MODIS,93,61.03,299.7,276,D,0
-18.1712,-62.6406,333.2,3.6,1.8,2023-01-07,1448,Terra,MODIS,86,61.03,299.3,144.9,D,0
-18.1487,-62.6455,318.7,3.6,1.8,2023-01-07,1448,Terra,MODIS,45,61.03,299,42.2,D,0
-18.1646,-62.6471,354.7,3.6,1.8,2023-01-07,1448,Terra,MODIS,97,61.03,299.9,399.4,D,0
-18.1677,-62.6137,316.9,3.6,1.8,2023-01-07,1448,Terra,MODIS,31,61.03,297.7,29.4,D,0
-17.4937,-71.3541,330.6,1,1,2023-01-07,1448,Terra,MODIS,47,61.03,309.3,11.4,D,2
-19.0599,-62.4433,348.8,3.8,1.8,2023-01-07,1449,Terra,MODIS,95,61.03,301.5,354.6,D,0
-19.0632,-62.4075,320.3,3.8,1.8,2023-01-07,1449,Terra,MODIS,54,61.03,300.8,65.7,D,0
-19.0959,-62.4107,318.5,3.8,1.8,2023-01-07,1449,Terra,MODIS,37,61.03,300.2,49.3,D,0
-19.0509,-62.4491,326.3,3.8,1.8,2023-01-07,1449,Terra,MODIS,81,61.03,299.6,110,D,0
-19.054,-62.4133,318.5,3.8,1.8,2023-01-07,1449,Terra,MODIS,38,61.03,299.7,55.2,D,0
-19.0672,-62.4507,335.7,3.8,1.8,2023-01-07,1449,Terra,MODIS,88,61.03,301.4,192.9,D,0
-19.0703,-62.4149,324,3.8,1.8,2023-01-07,1449,Terra,MODIS,68,61.03,301.9,91.7,D,0
-18.1804,-62.6654,328.8,3.5,1.8,2023-01-07,1727,Aqua,MODIS,82,61.03,295.8,98.6,D,0
-18.1645,-62.6671,339.6,3.5,1.8,2023-01-07,1727,Aqua,MODIS,90,61.03,299.7,193,D,0
-18.1008,-62.6738,322.7,3.5,1.8,2023-01-07,1727,Aqua,MODIS,75,61.03,299.8,56.9,D,0
-18.0913,-62.6818,321.8,3.5,1.8,2023-01-07,1727,Aqua,MODIS,63,61.03,300.3,45,D,0
-19.7828,-57.0732,323.4,1.4,1.2,2023-01-07,1727,Aqua,MODIS,75,61.03,299.1,25.6,D,0
-19.5314,-64.1858,311.8,4.8,2,2023-01-07,1727,Aqua,MODIS,45,61.03,293.7,69,D,0
-19.1043,-62.363,327.7,3.4,1.7,2023-01-07,1727,Aqua,MODIS,73,61.03,300.5,94.8,D,0
-19.1073,-62.3959,328.3,3.5,1.8,2023-01-07,1727,Aqua,MODIS,79,61.03,301.8,98.6,D,0
-19.1098,-62.3696,333.8,3.4,1.7,2023-01-07,1727,Aqua,MODIS,86,61.03,300.8,146.1,D,0
-19.113,-62.4025,322.4,3.5,1.8,2023-01-07,1727,Aqua,MODIS,57,61.03,302,60,D,0
-19.0846,-62.4388,341.2,3.5,1.8,2023-01-07,1727,Aqua,MODIS,90,61.03,305,207.9,D,0
-19.0688,-62.4405,357,3.5,1.8,2023-01-07,1727,Aqua,MODIS,98,61.03,305.2,414.2,D,0
-19.0719,-62.4736,336.3,3.5,1.8,2023-01-07,1727,Aqua,MODIS,87,61.03,303.7,163,D,0
-19.0723,-62.4114,325.4,3.5,1.8,2023-01-07,1727,Aqua,MODIS,53,61.03,303.8,76.3,D,0
-19.0757,-62.4443,332.5,3.5,1.8,2023-01-07,1727,Aqua,MODIS,85,61.03,305.2,129.8,D,0
-19.0598,-62.446,360.4,3.5,1.8,2023-01-07,1727,Aqua,MODIS,100,61.03,303.7,476,D,0
-19.0632,-62.4791,328.3,3.5,1.8,2023-01-07,1727,Aqua,MODIS,81,61.03,301.8,103.7,D,0
-18.0688,-54.745,321.5,1.1,1,2023-01-07,1727,Aqua,MODIS,56,61.03,303.8,14.1,D,0
-18.9784,-63.5992,311.6,4.3,1.9,2023-01-07,1727,Aqua,MODIS,49,61.03,296.3,46.3,D,0
-18.4082,-58.8478,310,1.8,1.3,2023-01-07,1727,Aqua,MODIS,24,61.03,287,13.8,D,0
-18.1699,-62.628,323.9,3.5,1.8,2023-01-07,1727,Aqua,MODIS,67,61.03,296.7,61,D,0
-18.173,-62.6613,344,3.5,1.8,2023-01-07,1727,Aqua,MODIS,92,61.03,298.7,242.1,D,0
-18.1571,-62.663,331.5,3.5,1.8,2023-01-07,1727,Aqua,MODIS,84,61.03,299.4,116.5,D,0
-18.177,-62.6322,322.4,3.5,1.8,2023-01-07,1727,Aqua,MODIS,53,61.03,298.5,52.2,D,0
-16.6619,-60.6329,329.6,2.4,1.5,2023-01-07,1728,Aqua,MODIS,82,61.03,304.4,69.7,D,0
-16.0154,-61.0283,319.8,2.5,1.5,2023-01-07,1728,Aqua,MODIS,69,61.03,295.1,42.3,D,0
-16.0224,-61.0325,320.9,2.5,1.5,2023-01-07,1728,Aqua,MODIS,47,61.03,296.8,43.2,D,0
-15.2175,-57.4751,344.8,1.3,1.1,2023-01-07,1728,Aqua,MODIS,92,61.03,301.9,59.4,D,0
-15.219,-57.4874,409.8,1.3,1.1,2023-01-07,1728,Aqua,MODIS,100,61.03,311,466.4,D,0
-15.2206,-57.4998,364.9,1.3,1.1,2023-01-07,1728,Aqua,MODIS,100,61.03,308.5,139.4,D,0
-15.2103,-57.5012,394.6,1.3,1.1,2023-01-07,1728,Aqua,MODIS,100,61.03,312.1,325.9,D,0
-15.2141,-57.5061,335.6,1.3,1.1,2023-01-07,1728,Aqua,MODIS,70,61.03,307.2,40,D,0
-15.4123,-60.7175,318.1,2.3,1.5,2023-01-07,1728,Aqua,MODIS,28,61.03,302,29.2,D,0
-15.2321,-59.3346,313.9,1.8,1.3,2023-01-07,1728,Aqua,MODIS,29,61.03,297.9,11.7,D,2
-13.7912,-59.2377,314.4,1.7,1.3,2023-01-07,1728,Aqua,MODIS,55,61.03,295.6,15.6,D,0
-13.4563,-58.4811,316,1.5,1.2,2023-01-07,1729,Aqua,MODIS,29,61.03,300.2,12.6,D,0
-13.306,-58.7363,319,1.5,1.2,2023-01-07,1729,Aqua,MODIS,58,61.03,302,18.4,D,0
-2.9725,-54.5876,318.4,1.1,1.1,2023-01-07,1731,Aqua,MODIS,66,61.03,296.3,10.8,D,0
-2.6794,-54.609,324.5,1.1,1.1,2023-01-07,1731,Aqua,MODIS,67,61.03,299.4,15.5,D,0
-2.2394,-53.9225,322.4,1.2,1.1,2023-01-07,1731,Aqua,MODIS,0,61.03,294.4,16.5,D,0
-2.1586,-54.3595,334.1,1.2,1.1,2023-01-07,1731,Aqua,MODIS,0,61.03,299.2,33.1,D,0
-2.081,-54.2321,331.3,1.2,1.1,2023-01-07,1731,Aqua,MODIS,84,61.03,298.2,28,D,0
-1.5138,-53.5035,316.9,1.3,1.1,2023-01-07,1732,Aqua,MODIS,56,61.03,297.9,12,D,0
-1.6128,-54.4021,315.4,1.2,1.1,2023-01-07,1732,Aqua,MODIS,64,61.03,297.8,7.7,D,0
-1.6017,-55.541,325.3,1.1,1,2023-01-07,1732,Aqua,MODIS,80,61.03,297.6,19.6,D,0
2.1762,-55.9035,324.9,1.1,1,2023-01-07,1733,Aqua,MODIS,69,61.03,299.5,17,D,0
2.2099,-59.6985,309,1.1,1.1,2023-01-07,1733,Aqua,MODIS,59,61.03,275.3,8,D,0
3.5006,-59.6855,316.9,1.1,1,2023-01-07,1733,Aqua,MODIS,65,61.03,287.2,7,D,0
-6.1028,-79.8551,328.2,1,1,2023-01-07,1909,Aqua,MODIS,38,61.03,296.5,15.9,D,0
-5.5837,-78.7736,332,1.1,1.1,2023-01-07,1909,Aqua,MODIS,81,61.03,309.1,20.7,D,2
-5.5852,-78.7834,331.7,1.1,1.1,2023-01-07,1909,Aqua,MODIS,80,61.03,308,19.9,D,0
-20.0787,-54.2338,300.7,3.9,1.8,2023-01-08,0120,Terra,MODIS,33,61.03,289.6,28.3,N,0
-3.6729,-49.1129,303.4,1,1,2023-01-08,0125,Terra,MODIS,55,61.03,290.1,4.6,N,0
-2.1377,-54.4149,320.8,2.2,1.4,2023-01-08,0125,Terra,MODIS,100,61.03,290.7,56.5,N,0
-2.1404,-54.4342,307.2,2.2,1.4,2023-01-08,0125,Terra,MODIS,52,61.03,291,21.1,N,0
-18.2972,-63.0877,305.7,2,1.4,2023-01-08,0259,Terra,MODIS,65,61.03,291.6,16.2,N,0
-18.3005,-63.1067,304,2,1.4,2023-01-08,0259,Terra,MODIS,58,61.03,291.5,13.2,N,0
-18.2927,-63.2056,309.4,2,1.4,2023-01-08,0259,Terra,MODIS,77,61.03,291.6,21.7,N,0
-18.296,-63.2242,304.9,2,1.4,2023-01-08,0259,Terra,MODIS,62,61.03,291.6,14.1,N,0
-18.1657,-62.6452,321.5,2.2,1.4,2023-01-08,0259,Terra,MODIS,100,61.03,292.3,56.1,N,0
-18.2898,-63.2127,307.4,2,1.4,2023-01-08,0259,Terra,MODIS,31,61.03,291.4,16.2,N,0
-18.1669,-62.6514,319,2.2,1.4,2023-01-08,0259,Terra,MODIS,98,61.03,292.5,49.4,N,0
-18.1541,-62.654,307.3,2.2,1.4,2023-01-08,0259,Terra,MODIS,71,61.03,291.8,21,N,0
-16.7748,-60.9728,304.8,3.1,1.7,2023-01-08,0259,Terra,MODIS,62,61.03,291.2,30.8,N,0
-16.7766,-60.9791,302.6,3.1,1.7,2023-01-08,0259,Terra,MODIS,50,61.03,291.2,24.2,N,0
-16.0165,-61.0248,308.5,3.2,1.7,2023-01-08,0300,Terra,MODIS,75,61.03,291.8,42.1,N,0
-16.0221,-61.0541,312.7,3.2,1.7,2023-01-08,0300,Terra,MODIS,85,61.03,291.6,58,N,0
-16.0192,-61.0309,311.1,3.2,1.7,2023-01-08,0300,Terra,MODIS,82,61.03,292,54.5,N,0
-16.0246,-61.0604,306.4,3.2,1.7,2023-01-08,0300,Terra,MODIS,68,61.03,291.3,36.5,N,0
-15.785,-71.8519,305.3,1.1,1,2023-01-08,0300,Terra,MODIS,64,61.03,270.5,14.7,N,1
-15.7864,-71.862,319.4,1.1,1,2023-01-08,0300,Terra,MODIS,98,61.03,270.1,27.2,N,1
-2.011,-78.3414,347.1,1.9,1.4,2023-01-08,0304,Terra,MODIS,100,61.03,277.2,159.6,N,1
-2.0141,-78.3647,316.5,1.9,1.4,2023-01-08,0304,Terra,MODIS,93,61.03,272.1,51.2,N,1
-1.999,-78.3429,314.5,1.9,1.4,2023-01-08,0304,Terra,MODIS,89,61.03,273.6,47.4,N,1
-2.0052,-78.3476,357.2,1.9,1.4,2023-01-08,0304,Terra,MODIS,100,61.03,277.5,219.6,N,1
-15.1987,-57.4825,317.7,3,1.7,2023-01-08,0557,Aqua,MODIS,95,61.03,292.7,78.7,N,0
-15.2153,-57.4635,312.7,3,1.7,2023-01-08,0557,Aqua,MODIS,85,61.03,291,59.7,N,0
-15.2003,-57.4617,323.1,3,1.7,2023-01-08,0557,Aqua,MODIS,100,61.03,292.9,108.8,N,0
-15.1973,-57.49,306,3,1.7,2023-01-08,0557,Aqua,MODIS,67,61.03,291.5,36.8,N,0
-15.202,-57.4542,319.7,3,1.7,2023-01-08,0557,Aqua,MODIS,99,61.03,292,89,N,0
-16.7685,-60.9646,303.2,1.7,1.3,2023-01-08,0558,Aqua,MODIS,32,61.03,290.9,10.2,N,0
-16.7775,-60.9561,309,1.7,1.3,2023-01-08,0558,Aqua,MODIS,76,61.03,290.8,19.2,N,0
-18.1575,-62.6436,324.7,1.4,1.2,2023-01-08,0558,Aqua,MODIS,100,61.03,293.5,36.6,N,0
-18.168,-62.645,313.4,1.4,1.2,2023-01-08,0558,Aqua,MODIS,87,61.03,292.4,19.5,N,0
-18.2105,-62.3092,308.4,1.5,1.2,2023-01-08,0558,Aqua,MODIS,75,61.03,291.7,14.8,N,0
-16.0183,-61.0279,305,1.7,1.3,2023-01-08,0558,Aqua,MODIS,28,61.03,290.1,13.9,N,0
-16.0277,-61.0448,306.4,1.7,1.3,2023-01-08,0558,Aqua,MODIS,36,61.03,289.8,13.8,N,0
-16.0163,-61.0433,302.7,1.7,1.3,2023-01-08,0558,Aqua,MODIS,15,61.03,290,10.1,N,0
0.7414,-51.2981,314.6,1.2,1.1,2023-01-08,1346,Terra,MODIS,47,61.03,297.6,10.3,D,0
-1.2777,-53.3736,314.9,1,1,2023-01-08,1346,Terra,MODIS,64,61.03,298.7,8.6,D,0
-15.2128,-57.5712,322.1,1,1,2023-01-08,1350,Terra,MODIS,53,61.03,308.8,10,D,0
-13.854,-59.5796,320.7,1.2,1.1,2023-01-08,1350,Terra,MODIS,44,61.03,305.5,14,D,0
-14.9773,-57.4848,320.6,1,1,2023-01-08,1350,Terra,MODIS,20,61.03,307,9.9,D,0
-15.1867,-57.5012,342.2,1,1,2023-01-08,1350,Terra,MODIS,85,61.03,308.9,35.6,D,0
-15.1881,-57.492,424.7,1,1,2023-01-08,1350,Terra,MODIS,100,61.03,317.3,425.4,D,0
-15.1894,-57.4828,380.3,1,1,2023-01-08,1350,Terra,MODIS,100,61.03,312.4,142.1,D,0
-14.9638,-59.035,327.5,1.1,1.1,2023-01-08,1350,Terra,MODIS,46,61.03,312.2,18.5,D,0
-15.1983,-57.4841,343.8,1,1,2023-01-08,1350,Terra,MODIS,89,61.03,308.4,36.2,D,0
-15.2073,-57.4855,340.3,1,1,2023-01-08,1350,Terra,MODIS,68,61.03,313.5,32.1,D,0
-15.2086,-57.4763,345,1,1,2023-01-08,1350,Terra,MODIS,83,61.03,314.6,38.7,D,0
-15.21,-57.4671,341.7,1,1,2023-01-08,1350,Terra,MODIS,90,61.03,312.7,33.3,D,0
-15.6502,-59.8329,323.7,1.2,1.1,2023-01-08,1351,Terra,MODIS,73,61.03,303.9,15.1,D,0
-19.3713,-56.5835,321.6,1,1,2023-01-08,1351,Terra,MODIS,50,61.03,302.8,7.3,D,0
-19.3699,-56.5933,337.7,1,1,2023-01-08,1351,Terra,MODIS,87,61.03,303.9,28.9,D,0
-19.3608,-56.5919,325.8,1,1,2023-01-08,1351,Terra,MODIS,66,61.03,302.7,12,D,0
-18.611,-57.7882,317.1,1,1,2023-01-08,1351,Terra,MODIS,54,61.03,301.6,7.9,D,0
-18.6048,-57.7681,325.7,1,1,2023-01-08,1351,Terra,MODIS,56,61.03,305,15.6,D,0
-16.6711,-60.3789,319.5,1.2,1.1,2023-01-08,1351,Terra,MODIS,41,61.03,304.9,12.3,D,0
-17.5304,-57.6773,323.4,1,1,2023-01-08,1351,Terra,MODIS,0,61.03,305.9,13,D,0
-18.1872,-56.3659,327.9,1,1,2023-01-08,1351,Terra,MODIS,80,61.03,292.9,17,D,0
-18.1885,-56.3562,319.1,1,1,2023-01-08,1351,Terra,MODIS,49,61.03,293.6,6.8,D,0
-15.6485,-59.8439,322.5,1.2,1.1,2023-01-08,1351,Terra,MODIS,72,61.03,303.2,14,D,0
-20.3509,-53.4204,316.7,1.6,1.2,2023-01-08,1352,Terra,MODIS,54,61.03,299.5,16.1,D,0
-20.6326,-53.1632,316.1,1.7,1.3,2023-01-08,1352,Terra,MODIS,42,61.03,299.4,15.5,D,0
-20.7915,-59.9608,325.4,1.1,1,2023-01-08,1352,Terra,MODIS,70,61.03,303,12.3,D,0
-20.7931,-59.9507,326.8,1.1,1,2023-01-08,1352,Terra,MODIS,75,61.03,303.4,14,D,0
-20.3527,-53.4053,316.2,1.6,1.2,2023-01-08,1352,Terra,MODIS,42,61.03,299.3,15.3,D,0
-20.5711,-52.9047,317.4,1.7,1.3,2023-01-08,1352,Terra,MODIS,53,61.03,299,19.8,D,0
-6.0322,-76.9661,314.7,1.2,1.1,2023-01-08,1526,Terra,MODIS,22,61.03,297.9,8.1,D,2
-5.989,-77.272,310.4,1.2,1.1,2023-01-08,1526,Terra,MODIS,62,61.03,296,6.9,D,2
-5.945,-77.3082,312.9,1.2,1.1,2023-01-08,1526,Terra,MODIS,56,61.03,296.9,8.5,D,2
-5.6341,-78.5298,313.6,1,1,2023-01-08,1526,Terra,MODIS,57,61.03,297.4,6.3,D,2
-5.7063,-77.4537,314.5,1.1,1.1,2023-01-08,1526,Terra,MODIS,71,61.03,295.2,9.4,D,0
-4.723,-80.5387,326.9,1,1,2023-01-08,1526,Terra,MODIS,73,61.03,299.5,12.7,D,0
-6.4264,-79.6107,324.2,1,1,2023-01-08,1527,Terra,MODIS,61,61.03,299.4,9.8,D,0
-6.0659,-77.1717,310.9,1.2,1.1,2023-01-08,1527,Terra,MODIS,47,61.03,296.7,6.5,D,2
-6.1356,-77.0953,311.6,1.2,1.1,2023-01-08,1527,Terra,MODIS,54,61.03,296.4,6.9,D,2
-6.4277,-79.6018,328.9,1,1,2023-01-08,1527,Terra,MODIS,77,61.03,298.6,15.7,D,0
-6.7203,-79.8134,321.8,1,1,2023-01-08,1527,Terra,MODIS,70,61.03,299.4,9.6,D,0
-6.7216,-79.8046,319.8,1,1,2023-01-08,1527,Terra,MODIS,61,61.03,299.8,7.2,D,0
-7.5945,-78.2205,321.8,1.1,1,2023-01-08,1527,Terra,MODIS,75,61.03,300.6,13.4,D,0
-7.9194,-79.2358,327.5,1,1,2023-01-08,1527,Terra,MODIS,79,61.03,301.3,19.4,D,0
-8.9849,-78.4888,325.5,1.1,1,2023-01-08,1527,Terra,MODIS,70,61.03,300.7,13.9,D,0
-8.9862,-78.4791,354.3,1.1,1,2023-01-08,1527,Terra,MODIS,97,61.03,303.4,67.9,D,0
-2.7328,-49.3104,310.2,2.3,1.5,2023-01-08,1636,Aqua,MODIS,45,61.03,288.6,20,D,0
-2.7225,-49.3331,309.9,2.3,1.5,2023-01-08,1636,Aqua,MODIS,62,61.03,286.3,19.3,D,0
-0.9975,-52.97,309.9,4.3,1.9,2023-01-08,1636,Aqua,MODIS,56,61.03,288.4,53.3,D,0
-0.9943,-52.9784,309.2,4.3,1.9,2023-01-08,1636,Aqua,MODIS,66,61.03,288.9,54.9,D,0
1.2905,-50.5852,308.9,2.5,1.5,2023-01-08,1637,Aqua,MODIS,50,61.03,291.1,20.2,D,0
-19.5389,-64.194,313,1,1,2023-01-08,1810,Aqua,MODIS,43,61.03,293.8,5.3,D,0
-18.1961,-56.3792,321.1,2.5,1.5,2023-01-08,1810,Aqua,MODIS,49,61.03,300.9,29.6,D,0
-18.185,-56.3643,324.7,2.5,1.5,2023-01-08,1810,Aqua,MODIS,44,61.03,300.9,45.3,D,0
-19.0468,-63.9013,319.8,1,1,2023-01-08,1810,Aqua,MODIS,67,61.03,299.3,10.2,D,0
-19.0365,-63.8999,318.5,1,1,2023-01-08,1810,Aqua,MODIS,64,61.03,300,9.6,D,0
-17.3532,-58.6572,327.1,1.8,1.3,2023-01-08,1810,Aqua,MODIS,78,61.03,301.4,39.1,D,0
-16.8581,-62.0875,322.7,1.1,1.1,2023-01-08,1810,Aqua,MODIS,70,61.03,300.8,14.5,D,0
-16.8852,-65.3288,317.9,1,1,2023-01-08,1810,Aqua,MODIS,68,61.03,298.4,7.5,D,0
-16.8865,-65.3384,319.8,1,1,2023-01-08,1810,Aqua,MODIS,71,61.03,297.7,9.5,D,0
-16.5305,-63.3178,322.4,1,1,2023-01-08,1810,Aqua,MODIS,30,61.03,304,10.5,D,0
-16.1307,-61.1245,325.5,1.3,1.1,2023-01-08,1810,Aqua,MODIS,31,61.03,307.4,16.4,D,0
-15.6597,-59.8216,332,1.6,1.2,2023-01-08,1810,Aqua,MODIS,82,61.03,303.2,40.7,D,0
-15.6511,-59.8382,322.1,1.6,1.2,2023-01-08,1810,Aqua,MODIS,69,61.03,303.3,18.1,D,0
-15.1985,-57.4856,360.8,2.4,1.5,2023-01-08,1810,Aqua,MODIS,75,61.03,296.4,284.3,D,0
-16.5026,-65.7535,315.3,1.1,1,2023-01-08,1810,Aqua,MODIS,65,61.03,297.2,7.1,D,0
-15.1852,-57.4882,344.9,2.4,1.5,2023-01-08,1810,Aqua,MODIS,70,61.03,294.1,155.3,D,0
-15.4369,-67.5269,321.2,1.2,1.1,2023-01-08,1811,Aqua,MODIS,58,61.03,294.1,18.6,D,0
-15.2873,-66.5464,313,1.1,1,2023-01-08,1811,Aqua,MODIS,59,61.03,297.3,5.9,D,0
-15.2172,-66.9588,317.1,1.1,1.1,2023-01-08,1811,Aqua,MODIS,69,61.03,299,9.3,D,0
-15.1787,-66.8894,320.3,1.1,1.1,2023-01-08,1811,Aqua,MODIS,73,61.03,298.2,13.1,D,0
-14.9813,-66.9302,315.7,1.1,1.1,2023-01-08,1811,Aqua,MODIS,65,61.03,298.7,8.1,D,0
-15.0023,-67.0883,317.6,1.2,1.1,2023-01-08,1811,Aqua,MODIS,69,61.03,299.3,9.3,D,0
-15.0037,-67.0989,320.5,1.2,1.1,2023-01-08,1811,Aqua,MODIS,73,61.03,298.7,12.5,D,0
-14.9538,-67.1875,320.1,1.2,1.1,2023-01-08,1811,Aqua,MODIS,72,61.03,299.4,13.3,D,0
-14.662,-66.742,322.9,1.1,1,2023-01-08,1811,Aqua,MODIS,75,61.03,301.7,13.5,D,0
-14.6555,-66.7392,316.4,1.1,1,2023-01-08,1811,Aqua,MODIS,65,61.03,299.8,6.3,D,0
-14.6569,-66.7494,317.4,1.1,1,2023-01-08,1811,Aqua,MODIS,67,61.03,301.2,7.4,D,0
-13.5451,-63.7373,338.5,1,1,2023-01-08,1811,Aqua,MODIS,88,61.03,300.2,35,D,0
-12.7663,-61.9317,321.2,1.3,1.1,2023-01-08,1811,Aqua,MODIS,28,61.03,301.7,11.5,D,0
-13.6418,-68.2004,313.2,1.3,1.1,2023-01-08,1811,Aqua,MODIS,60,61.03,298.5,8,D,0
-12.8929,-66.2321,324.4,1,1,2023-01-08,1811,Aqua,MODIS,75,61.03,301.8,14.8,D,0
-12.8942,-66.2415,319,1,1,2023-01-08,1811,Aqua,MODIS,49,61.03,299.5,8.8,D,0
-12.4427,-63.6311,317.5,1.1,1,2023-01-08,1811,Aqua,MODIS,48,61.03,299.1,7.6,D,0
-12.9096,-67.1486,328.1,1.1,1,2023-01-08,1811,Aqua,MODIS,80,61.03,302.7,20.9,D,0
-12.911,-67.1587,354.3,1.1,1,2023-01-08,1811,Aqua,MODIS,97,61.03,303.3,73.9,D,0
-12.6621,-65.5068,337.5,1,1,2023-01-08,1811,Aqua,MODIS,76,61.03,304.1,29.4,D,0
-12.6635,-66.8315,316.4,1.1,1,2023-01-08,1811,Aqua,MODIS,59,61.03,302.3,6.6,D,0
-12.1579,-63.8928,343.3,1.1,1,2023-01-08,1811,Aqua,MODIS,86,61.03,296,45,D,0
-12.1528,-65.8069,326.4,1,1,2023-01-08,1812,Aqua,MODIS,79,61.03,302.8,15.8,D,0
-12.2785,-66.7043,317.4,1.1,1,2023-01-08,1812,Aqua,MODIS,56,61.03,299.5,8.5,D,0
-12.6663,-70.3813,322.3,1.7,1.3,2023-01-08,1812,Aqua,MODIS,77,61.03,295.9,31.6,D,0
-12.6685,-70.3698,314.8,1.7,1.3,2023-01-08,1812,Aqua,MODIS,55,61.03,295.6,14,D,0
-12.6706,-70.3857,316.5,1.7,1.3,2023-01-08,1812,Aqua,MODIS,66,61.03,295.5,17.1,D,0
-11.0037,-66.0768,321.9,1,1,2023-01-08,1812,Aqua,MODIS,37,61.03,304.3,12,D,2
-10.7044,-65.4018,314.1,1,1,2023-01-08,1812,Aqua,MODIS,58,61.03,297.8,6.8,D,0
-9.1197,-65.3336,313.2,1,1,2023-01-08,1812,Aqua,MODIS,19,61.03,295.7,6.4,D,0
-6.842,-76.1971,311.8,4.1,1.9,2023-01-08,1813,Aqua,MODIS,68,61.03,289.1,60.8,D,0
-6.5038,-76.3792,311.9,4.1,1.9,2023-01-08,1813,Aqua,MODIS,41,61.03,291.9,46.9,D,2
-6.4471,-76.6101,310.5,4.3,1.9,2023-01-08,1813,Aqua,MODIS,45,61.03,293.7,51.4,D,0
-6.4396,-76.5835,310.4,4.3,1.9,2023-01-08,1813,Aqua,MODIS,41,61.03,293.8,47.4,D,2
4.3826,-68.9515,312.1,1,1,2023-01-08,1816,Aqua,MODIS,40,61.03,294.9,4.8,D,0
5.7444,-68.1842,350.6,1,1,2023-01-08,1816,Aqua,MODIS,90,61.03,298.1,57.4,D,0
5.7431,-68.1934,328.9,1,1,2023-01-08,1816,Aqua,MODIS,78,61.03,296.5,19.5,D,0
5.834,-67.749,319,1.1,1,2023-01-08,1816,Aqua,MODIS,26,61.03,293.5,7.6,D,0
5.8327,-67.7585,327.9,1.1,1,2023-01-08,1816,Aqua,MODIS,74,61.03,298.6,18.8,D,0
-18.8342,-58.578,320.6,1.4,1.2,2023-01-09,0202,Terra,MODIS,100,61.03,293.7,26.7,N,0
-18.2236,-62.322,305.7,2.5,1.5,2023-01-09,0202,Terra,MODIS,65,61.03,291.2,19.8,N,0
-18.108,-62.4842,312.3,2.5,1.5,2023-01-09,0202,Terra,MODIS,85,61.03,291,38.6,N,0
-18.1104,-62.508,310.5,2.5,1.5,2023-01-09,0202,Terra,MODIS,80,61.03,290.6,34.1,N,0
-18.1152,-62.4887,317.8,2.5,1.5,2023-01-09,0202,Terra,MODIS,96,61.03,291.1,56.6,N,0
-18.1178,-62.5125,303.8,2.5,1.5,2023-01-09,0202,Terra,MODIS,57,61.03,290.4,17.2,N,0
-16.7994,-60.6374,303.6,1.8,1.3,2023-01-09,0202,Terra,MODIS,56,61.03,292.4,10.5,N,0
-16.3345,-57.1872,311.7,1.1,1,2023-01-09,0203,Terra,MODIS,83,61.03,294.9,10.3,N,0
-16.0387,-56.3555,313.5,1,1,2023-01-09,0203,Terra,MODIS,87,61.03,293.3,11.9,N,0
-16.3582,-62.2301,301.5,2.3,1.5,2023-01-09,0203,Terra,MODIS,23,61.03,275.9,23.5,N,0
-16.3584,-62.215,300.6,2.3,1.5,2023-01-09,0203,Terra,MODIS,23,61.03,275.9,19.5,N,0
-15.9887,-59.5899,305.1,1.4,1.2,2023-01-09,0203,Terra,MODIS,63,61.03,293.8,8.6,N,0
-15.6802,-61.0368,303.1,1.8,1.3,2023-01-09,0203,Terra,MODIS,35,61.03,291.1,10.1,N,2
-15.6737,-61.044,307.1,1.8,1.3,2023-01-09,0203,Terra,MODIS,58,61.03,290.3,16.8,N,0
-15.1896,-57.4826,315,1.1,1,2023-01-09,0203,Terra,MODIS,90,61.03,295.9,13.1,N,0
-15.1909,-57.4926,328.4,1.1,1,2023-01-09,0203,Terra,MODIS,100,61.03,297.5,28.6,N,0
-14.3696,-59.9005,301.7,1.4,1.2,2023-01-09,0203,Terra,MODIS,43,61.03,287.2,7.4,N,0
-13.5961,-56.1163,301.2,1,1,2023-01-09,0203,Terra,MODIS,39,61.03,290,3.6,N,0
-13.0406,-64.2846,302.5,3,1.6,2023-01-09,0204,Terra,MODIS,49,61.03,291.9,15.6,N,0
-10.3192,-58.5043,301.4,1.1,1,2023-01-09,0204,Terra,MODIS,40,61.03,290.4,3.7,N,0
2.6889,-60.1027,330.9,1,1,2023-01-09,0208,Terra,MODIS,100,61.03,292,29.2,N,0
2.6877,-60.1116,305.6,1,1,2023-01-09,0208,Terra,MODIS,65,61.03,291.4,5,N,0
3.293,-60.0679,305.8,1,1,2023-01-09,0208,Terra,MODIS,54,61.03,292.7,5.3,N,0
-15.8686,-63.164,303.7,4.8,2,2023-01-09,0502,Aqua,MODIS,57,61.03,282.2,52.9,N,0
-15.8648,-63.1712,303.6,4.8,2,2023-01-09,0502,Aqua,MODIS,56,61.03,282.4,55.7,N,0
-18.828,-58.5711,308.3,1.9,1.3,2023-01-09,0503,Aqua,MODIS,74,61.03,292.1,18.9,N,0
-18.8332,-58.5775,303.9,1.9,1.3,2023-01-09,0503,Aqua,MODIS,58,61.03,292,12,N,0
-17.4924,-71.3505,303,1.9,1.3,2023-01-09,0641,Aqua,MODIS,52,61.03,275.7,21.3,N,2
5.4299,-66.121,336.4,1.3,1.1,2023-01-09,1426,Terra,MODIS,89,61.03,296.2,45.1,D,0
5.4283,-66.1096,344.5,1.3,1.1,2023-01-09,1426,Terra,MODIS,93,61.03,295.6,64.3,D,0
3.907,-59.76,317.8,1.4,1.2,2023-01-09,1426,Terra,MODIS,47,61.03,294.5,12.6,D,0
3.9052,-59.748,317,1.4,1.2,2023-01-09,1426,Terra,MODIS,38,61.03,295.3,10.4,D,0
3.3573,-60.0519,314.5,1.3,1.1,2023-01-09,1426,Terra,MODIS,41,61.03,292.6,9.2,D,0
3.3472,-60.0534,329,1.3,1.1,2023-01-09,1427,Terra,MODIS,84,61.03,295.6,30.8,D,0
-11.9594,-62.8146,314.6,1.4,1.2,2023-01-09,1431,Terra,MODIS,37,61.03,295.7,11.1,D,0
-12.2158,-64.8893,313.7,1.1,1,2023-01-09,1431,Terra,MODIS,22,61.03,288.1,7,D,0
-12.2172,-64.8794,330.9,1.1,1,2023-01-09,1431,Terra,MODIS,84,61.03,290.5,27.6,D,0
-12.7261,-66.2887,308.8,1,1,2023-01-09,1431,Terra,MODIS,39,61.03,280.4,6.2,D,0
-13.9022,-59.645,315.6,2.6,1.6,2023-01-09,1431,Terra,MODIS,40,61.03,293.9,38.6,D,0
-13.9083,-59.6514,315.8,2.6,1.6,2023-01-09,1431,Terra,MODIS,42,61.03,293.7,37.7,D,0
-13.0655,-66.4284,336.9,1,1,2023-01-09,1431,Terra,MODIS,88,61.03,298.1,30.8,D,0
-13.0668,-66.4193,317.8,1,1,2023-01-09,1431,Terra,MODIS,40,61.03,296.9,7.5,D,0
-13.0744,-66.4297,349.9,1,1,2023-01-09,1431,Terra,MODIS,95,61.03,295.9,54.6,D,0
-13.0757,-66.4206,320.1,1,1,2023-01-09,1431,Terra,MODIS,70,61.03,295.5,9.8,D,0
-13.1589,-66.3553,326.5,1,1,2023-01-09,1431,Terra,MODIS,79,61.03,298,17,D,0
-13.1363,-66.5754,320,1,1,2023-01-09,1431,Terra,MODIS,71,61.03,298.1,10.5,D,0
-13.4142,-66.4392,323.4,1,1,2023-01-09,1431,Terra,MODIS,77,61.03,296.2,14,D,0
-13.4155,-66.43,313.4,1,1,2023-01-09,1431,Terra,MODIS,60,61.03,295.3,4.8,D,0
-13.504,-66.0668,312.6,1,1,2023-01-09,1431,Terra,MODIS,58,61.03,290.8,5.9,D,0
-13.3731,-67.4152,315.5,1,1,2023-01-09,1431,Terra,MODIS,66,61.03,294.1,8.1,D,0
-13.726,-65.9304,331.6,1,1,2023-01-09,1431,Terra,MODIS,84,61.03,295.6,24.9,D,0
-15.1973,-57.4779,339.7,4,1.9,2023-01-09,1431,Terra,MODIS,91,61.03,290.6,279.1,D,0
-15.203,-57.4839,317.3,4,1.9,2023-01-09,1431,Terra,MODIS,68,61.03,289.8,71.2,D,0
-15.1583,-59.2507,312.6,2.9,1.6,2023-01-09,1431,Terra,MODIS,58,61.03,285,34.6,D,0
-15.1598,-59.2575,309.1,2.9,1.6,2023-01-09,1431,Terra,MODIS,39,61.03,283.6,26.4,D,0
-18.9585,-57.9163,312.8,4.2,1.9,2023-01-09,1432,Terra,MODIS,25,61.03,295.3,63.3,D,0
-20.48,-59.1104,364,3.5,1.8,2023-01-09,1433,Terra,MODIS,100,61.03,297,555.5,D,0
-20.4831,-59.0769,323.3,3.6,1.8,2023-01-09,1433,Terra,MODIS,66,61.03,289,78.4,D,0
-20.4926,-59.1453,350.5,3.5,1.8,2023-01-09,1433,Terra,MODIS,95,61.03,298.2,326.6,D,0
-20.4958,-59.1119,406.9,3.5,1.8,2023-01-09,1433,Terra,MODIS,100,61.03,299.4,1785.8,D,0
-20.4989,-59.0784,328.2,3.6,1.8,2023-01-09,1433,Terra,MODIS,53,61.03,289.5,99.6,D,0
-20.4899,-59.1169,402.7,3.5,1.8,2023-01-09,1433,Terra,MODIS,100,61.03,299.9,1625.9,D,0
-20.5027,-59.1518,324.9,3.5,1.8,2023-01-09,1433,Terra,MODIS,78,61.03,298.1,85,D,0
-20.5057,-59.1184,362.3,3.5,1.8,2023-01-09,1433,Terra,MODIS,100,61.03,296.6,524.4,D,0
-20.6624,-60.5018,308.7,2.8,1.6,2023-01-09,1433,Terra,MODIS,34,61.03,284.1,27.7,D,0
-3.5869,-80.5277,316.1,3.7,1.8,2023-01-09,1607,Terra,MODIS,0,61.03,288.8,41,D,0
-20.3526,-53.4037,317.2,1.4,1.2,2023-01-09,1713,Aqua,MODIS,41,61.03,298.6,13.9,D,0
-20.6703,-56.4968,318.4,2.3,1.5,2023-01-09,1713,Aqua,MODIS,53,61.03,298.5,28.5,D,0
-19.7916,-57.0756,325.9,2.5,1.5,2023-01-09,1714,Aqua,MODIS,80,61.03,297.2,64.6,D,0
-19.7856,-57.081,326.6,2.5,1.5,2023-01-09,1714,Aqua,MODIS,80,61.03,298.7,67.7,D,0
-17.4999,-57.4266,317.7,2.5,1.5,2023-01-09,1714,Aqua,MODIS,53,61.03,296,35.4,D,0
-15.3649,-57.5732,313.1,2.4,1.5,2023-01-09,1715,Aqua,MODIS,23,61.03,291.8,19.3,D,0
-15.1985,-57.4735,323,2.3,1.5,2023-01-09,1715,Aqua,MODIS,68,61.03,296.3,41.9,D,0
-15.201,-57.4948,330.2,2.3,1.5,2023-01-09,1715,Aqua,MODIS,64,61.03,294.9,72.2,D,0
-15.1504,-57.5228,338.7,2.3,1.5,2023-01-09,1715,Aqua,MODIS,85,61.03,298.7,114.8,D,0
-15.1548,-57.5274,333.7,2.3,1.5,2023-01-09,1715,Aqua,MODIS,87,61.03,297.2,89.1,D,0
-15.1599,-59.2614,318.2,3.2,1.7,2023-01-09,1715,Aqua,MODIS,73,61.03,295.5,48.2,D,0
-15.1628,-59.2658,320.5,3.2,1.7,2023-01-09,1715,Aqua,MODIS,76,61.03,295.5,61,D,0
-14.3818,-56.3925,310.6,1.9,1.3,2023-01-09,1715,Aqua,MODIS,44,61.03,288.5,15,D,2
-14.0742,-56.5611,314.2,1.9,1.3,2023-01-09,1715,Aqua,MODIS,57,61.03,291.8,23.6,D,0
-13.8707,-59.7342,308.4,3.3,1.7,2023-01-09,1715,Aqua,MODIS,40,61.03,290,27.4,D,0
-13.5162,-59.1274,311.1,2.9,1.6,2023-01-09,1715,Aqua,MODIS,35,61.03,290.8,26.5,D,0
-12.9821,-58.1803,311,2.4,1.5,2023-01-09,1715,Aqua,MODIS,50,61.03,290.2,29.4,D,0
-12.8339,-58.9925,310.3,2.8,1.6,2023-01-09,1716,Aqua,MODIS,35,61.03,289.9,25.1,D,0
-11.5664,-52.5669,317.1,1,1,2023-01-09,1716,Aqua,MODIS,43,61.03,300,10.1,D,0
-10.9254,-54.7767,304.5,1.3,1.1,2023-01-09,1716,Aqua,MODIS,35,61.03,283.6,5.1,D,0
-8.9724,-54.5989,312.9,1.2,1.1,2023-01-09,1716,Aqua,MODIS,41,61.03,295.6,8.2,D,0
-4.0918,-54.6125,314.8,1.1,1,2023-01-09,1718,Aqua,MODIS,63,61.03,297.3,8,D,0
-4.0694,-54.5867,312,1.1,1,2023-01-09,1718,Aqua,MODIS,51,61.03,296.1,4.8,D,0
-3.988,-54.4028,318.1,1.1,1,2023-01-09,1718,Aqua,MODIS,72,61.03,298.4,10.8,D,0
-4.0138,-54.5821,315.3,1.1,1,2023-01-09,1718,Aqua,MODIS,68,61.03,297.3,7.9,D,0
-3.5722,-53.2367,314.9,1,1,2023-01-09,1718,Aqua,MODIS,65,61.03,295.4,7.8,D,0
-3.555,-53.5632,316.2,1,1,2023-01-09,1718,Aqua,MODIS,57,61.03,293.2,9.1,D,0
-3.4228,-53.1616,328.3,1,1,2023-01-09,1718,Aqua,MODIS,77,61.03,293.8,20,D,0
-3.4344,-53.3688,311.9,1,1,2023-01-09,1718,Aqua,MODIS,46,61.03,295.5,5.9,D,0
-3.4369,-53.895,316,1,1,2023-01-09,1718,Aqua,MODIS,69,61.03,297.3,8,D,0
-3.534,-54.8368,315.2,1.1,1,2023-01-09,1718,Aqua,MODIS,59,61.03,296,9.4,D,0
-3.1254,-54.6744,317.1,1.1,1,2023-01-09,1718,Aqua,MODIS,72,61.03,297.3,10.2,D,0
-2.9036,-54.1565,319.4,1,1,2023-01-09,1718,Aqua,MODIS,48,61.03,299.8,10.9,D,0
-2.9669,-54.6647,321.5,1.1,1,2023-01-09,1718,Aqua,MODIS,77,61.03,296.1,15,D,0
-2.9321,-54.6761,317.2,1.1,1,2023-01-09,1718,Aqua,MODIS,55,61.03,296.6,10.1,D,0
-2.6517,-54.7726,323.4,1.1,1,2023-01-09,1718,Aqua,MODIS,78,61.03,298.3,12,D,0
-2.2033,-54.4089,323.9,1,1,2023-01-09,1718,Aqua,MODIS,0,61.03,296.7,14,D,0
-2.2936,-55.4861,318.9,1.1,1.1,2023-01-09,1718,Aqua,MODIS,72,61.03,298.3,11.3,D,0
-1.8829,-54.0408,319.3,1,1,2023-01-09,1718,Aqua,MODIS,67,61.03,299.9,10.6,D,0
-1.8666,-54.4355,312.4,1,1,2023-01-09,1718,Aqua,MODIS,47,61.03,294.9,6.5,D,0
-1.6849,-53.9448,323.6,1,1,2023-01-09,1718,Aqua,MODIS,72,61.03,295.8,15.8,D,0
-1.8729,-55.556,325.8,1.1,1.1,2023-01-09,1718,Aqua,MODIS,70,61.03,295.8,20.6,D,0
-1.8678,-55.5872,314.6,1.1,1.1,2023-01-09,1718,Aqua,MODIS,48,61.03,295.2,7.3,D,0
-1.5896,-53.8551,314.9,1,1,2023-01-09,1718,Aqua,MODIS,43,61.03,294.5,5.6,D,0
-1.5833,-53.8742,332.5,1,1,2023-01-09,1718,Aqua,MODIS,85,61.03,298.1,24.7,D,0
-1.682,-54.7548,321,1,1,2023-01-09,1718,Aqua,MODIS,74,61.03,296.9,12.5,D,0
-1.4549,-53.5003,361.4,1,1,2023-01-09,1718,Aqua,MODIS,100,61.03,301.7,80.3,D,0
-1.4562,-53.5092,322.3,1,1,2023-01-09,1718,Aqua,MODIS,41,61.03,299.1,10.7,D,0
-1.446,-53.5016,330.7,1,1,2023-01-09,1718,Aqua,MODIS,80,61.03,298.4,19.6,D,0
-1.7555,-55.6503,325.1,1.1,1.1,2023-01-09,1718,Aqua,MODIS,80,61.03,297.9,20.7,D,0
-1.4533,-54.0601,325.5,1,1,2023-01-09,1718,Aqua,MODIS,80,61.03,297.9,16.8,D,0
-1.324,-53.4162,309.3,1,1,2023-01-09,1718,Aqua,MODIS,47,61.03,293,6.2,D,0
-1.2801,-53.3747,326.9,1,1,2023-01-09,1718,Aqua,MODIS,75,61.03,302.5,17.5,D,0
-1.2813,-53.3836,326.6,1,1,2023-01-09,1718,Aqua,MODIS,77,61.03,301.1,16.4,D,0
-1.3596,-54.1164,352.6,1,1,2023-01-09,1718,Aqua,MODIS,97,61.03,296.5,62.6,D,0
-1.2776,-53.6109,314.5,1,1,2023-01-09,1718,Aqua,MODIS,35,61.03,296.2,6.3,D,0
-1.1876,-53.684,311.6,1,1,2023-01-09,1718,Aqua,MODIS,43,61.03,293.9,5.1,D,0
2.3102,-55.9192,324.6,1.1,1,2023-01-09,1720,Aqua,MODIS,62,61.03,287.5,21.4,D,0
2.8133,-59.2241,317.1,1.6,1.3,2023-01-09,1720,Aqua,MODIS,70,61.03,291.8,15.9,D,0
2.7598,-59.5856,312.6,1.8,1.3,2023-01-09,1720,Aqua,MODIS,42,61.03,291.8,13.7,D,0
3.8831,-58.9995,315.6,1.5,1.2,2023-01-09,1720,Aqua,MODIS,70,61.03,293.9,17,D,0
3.881,-59.0131,311.3,1.5,1.2,2023-01-09,1720,Aqua,MODIS,50,61.03,294.3,10.2,D,0
-12.5909,-69.2032,316.5,2.3,1.5,2023-01-09,1854,Aqua,MODIS,0,61.03,296.4,23,D,2
-10.9062,-74.954,318.3,1,1,2023-01-09,1855,Aqua,MODIS,58,61.03,298,8.9,D,0
-10.9782,-76.0071,325.6,1,1,2023-01-09,1855,Aqua,MODIS,78,61.03,304.1,13.2,D,0
-8.8907,-76.2104,314.9,1,1,2023-01-09,1855,Aqua,MODIS,66,61.03,299.5,5.6,D,0
-8.8046,-76.1929,314.3,1,1,2023-01-09,1855,Aqua,MODIS,64,61.03,298.4,5.3,D,0
-7.223,-76.3356,336.3,1,1,2023-01-09,1856,Aqua,MODIS,83,61.03,296,29.3,D,0
-7.2116,-76.3837,351.3,1,1,2023-01-09,1856,Aqua,MODIS,96,61.03,298.5,56.6,D,0
-7.126,-76.5498,362.8,1,1,2023-01-09,1856,Aqua,MODIS,100,61.03,304.5,82,D,0
-7.1273,-76.5589,352.6,1,1,2023-01-09,1856,Aqua,MODIS,96,61.03,302.9,56.5,D,0
-7.2773,-79.2822,343.2,1.1,1.1,2023-01-09,1856,Aqua,MODIS,91,61.03,303.5,41.3,D,0
-7.2788,-79.2924,350.7,1.1,1.1,2023-01-09,1856,Aqua,MODIS,95,61.03,303.1,59,D,0
-6.7092,-77.2983,317,1,1,2023-01-09,1856,Aqua,MODIS,71,61.03,297,9.6,D,0
-6.6093,-77.5018,312.1,1,1,2023-01-09,1856,Aqua,MODIS,61,61.03,295.9,7.8,D,0
-5.9014,-76.1107,313.9,1,1,2023-01-09,1856,Aqua,MODIS,0,61.03,293.9,6,D,2
-6.0705,-77.9791,318.1,1,1,2023-01-09,1856,Aqua,MODIS,53,61.03,282.4,12.3,D,0
-6.0718,-77.988,326.4,1,1,2023-01-09,1856,Aqua,MODIS,77,61.03,291.3,21.4,D,0
-4.8475,-77.9911,319.7,1,1,2023-01-09,1856,Aqua,MODIS,75,61.03,296.9,10.8,D,0
-4.5734,-77.7482,319.1,1,1,2023-01-09,1856,Aqua,MODIS,54,61.03,296.4,11.7,D,0
-4.5747,-77.7572,315.8,1,1,2023-01-09,1856,Aqua,MODIS,21,61.03,296.4,8.3,D,0
-3.6157,-80.5308,328.4,1.2,1.1,2023-01-09,1857,Aqua,MODIS,67,61.03,298.5,17.1,D,0
-3.5814,-80.5204,321.1,1.2,1.1,2023-01-09,1857,Aqua,MODIS,69,61.03,298.9,10.2,D,0
-1.9905,-79.8299,334.3,1.1,1,2023-01-09,1857,Aqua,MODIS,83,61.03,298.5,26.3,D,0
-0.1893,-76.6452,318.6,1.1,1,2023-01-09,1858,Aqua,MODIS,58,61.03,299.9,10.6,D,2
1.1085,-74.2772,348.6,1.6,1.2,2023-01-09,1858,Aqua,MODIS,95,61.03,295,102.5,D,0
1.2128,-74.196,323.1,1.6,1.3,2023-01-09,1858,Aqua,MODIS,76,61.03,296.5,25.3,D,0
1.2042,-74.4136,325.4,1.6,1.2,2023-01-09,1858,Aqua,MODIS,71,61.03,290.8,28.8,D,0
4.6534,-71.3729,316,3.1,1.7,2023-01-09,1859,Aqua,MODIS,61,61.03,291,28.8,D,0
4.6279,-71.9077,317.1,2.8,1.6,2023-01-09,1859,Aqua,MODIS,52,61.03,291,37.3,D,0
-20.5041,-59.1288,306.3,1.8,1.3,2023-01-10,0242,Terra,MODIS,68,61.03,292.9,13.5,N,0
-20.4893,-59.1139,314.2,1.8,1.3,2023-01-10,0242,Terra,MODIS,89,61.03,293.5,26.9,N,0
-20.4923,-59.1312,317.2,1.8,1.3,2023-01-10,0242,Terra,MODIS,95,61.03,293.4,33,N,0
-19.6182,-63.1366,319.2,1.1,1,2023-01-10,0243,Terra,MODIS,92,61.03,288.3,20.1,N,0
-19.609,-63.1382,315.1,1.1,1,2023-01-10,0243,Terra,MODIS,86,61.03,282.2,16.1,N,0
-19.102,-62.4283,305.7,1.2,1.1,2023-01-10,0243,Terra,MODIS,65,61.03,293.3,6,N,0
-19.1037,-62.4395,308.4,1.2,1.1,2023-01-10,0243,Terra,MODIS,74,61.03,293.2,8.4,N,0
-19.0695,-62.4111,313.7,1.2,1.1,2023-01-10,0243,Terra,MODIS,88,61.03,293.4,13.2,N,0
-19.0712,-62.4223,313,1.2,1.1,2023-01-10,0243,Terra,MODIS,86,61.03,293.4,12.2,N,0
-19.0598,-62.4308,304.7,1.2,1.1,2023-01-10,0243,Terra,MODIS,61,61.03,293.1,5.6,N,0
-19.0615,-62.442,320.5,1.2,1.1,2023-01-10,0243,Terra,MODIS,100,61.03,294.9,21.5,N,0
-19.0501,-62.4326,318.7,1.2,1.1,2023-01-10,0243,Terra,MODIS,97,61.03,292.5,19.1,N,0
-19.0518,-62.4437,386.6,1.2,1.1,2023-01-10,0243,Terra,MODIS,100,61.03,295.2,232.8,N,0
-19.0535,-62.4548,350,1.2,1.1,2023-01-10,0243,Terra,MODIS,100,61.03,293.4,78,N,0
-18.4749,-62.8242,315.4,1.2,1.1,2023-01-10,0243,Terra,MODIS,91,61.03,291.8,15.6,N,0
-18.3774,-62.2555,300.2,1.2,1.1,2023-01-10,0243,Terra,MODIS,22,61.03,289.9,4.1,N,0
-18.3792,-62.2671,300.9,1.2,1.1,2023-01-10,0243,Terra,MODIS,36,61.03,289.9,4.7,N,0
-18.4653,-62.8259,308.3,1.2,1.1,2023-01-10,0243,Terra,MODIS,60,61.03,291.1,10.1,N,0
-18.2136,-62.3148,306.1,1.2,1.1,2023-01-10,0243,Terra,MODIS,67,61.03,286.7,8.8,N,0
-18.2116,-62.309,300.3,1.2,1.1,2023-01-10,0243,Terra,MODIS,22,61.03,286.6,4.2,N,0
-18.1438,-62.7889,308.2,1.2,1.1,2023-01-10,0243,Terra,MODIS,74,61.03,286.3,10,N,0
-18.1455,-62.7998,315.6,1.2,1.1,2023-01-10,0243,Terra,MODIS,92,61.03,287.9,17.1,N,0
-16.4074,-61.4296,305.5,1.5,1.2,2023-01-10,0244,Terra,MODIS,65,61.03,288.3,11.7,N,0
-16.4154,-61.4338,301.9,1.5,1.2,2023-01-10,0244,Terra,MODIS,45,61.03,288.1,7.9,N,0
-16.2277,-61.2573,317.1,1.6,1.2,2023-01-10,0244,Terra,MODIS,94,61.03,288.7,28.6,N,0
-16.1657,-61.0892,301.3,1.6,1.2,2023-01-10,0244,Terra,MODIS,40,61.03,284.1,8.5,N,0
-16.1657,-61.095,306,1.6,1.2,2023-01-10,0244,Terra,MODIS,66,61.03,284.5,14.6,N,0
-16.1649,-61.2299,303.6,1.6,1.2,2023-01-10,0244,Terra,MODIS,56,61.03,290.3,8.8,N,2
-16.1515,-61.2174,303.9,1.6,1.2,2023-01-10,0244,Terra,MODIS,50,61.03,290.6,8.9,N,2
-16.0181,-61.0364,311.7,1.6,1.3,2023-01-10,0244,Terra,MODIS,83,61.03,288.6,21.7,N,0
-15.9861,-61.119,307.3,1.6,1.2,2023-01-10,0244,Terra,MODIS,70,61.03,287,14.5,N,0
-15.9838,-61.1102,304.8,1.6,1.2,2023-01-10,0244,Terra,MODIS,62,61.03,287,12.5,N,0
-15.9861,-61.1246,300.3,1.6,1.2,2023-01-10,0244,Terra,MODIS,19,61.03,285.9,7.1,N,0
-2.0117,-78.3575,318.8,4,1.9,2023-01-10,0248,Terra,MODIS,98,61.03,267.7,172.4,N,1
-2.0062,-78.3707,315,4,1.9,2023-01-10,0248,Terra,MODIS,90,61.03,267.2,145.7,N,1
-15.9832,-61.1085,308.7,1.1,1,2023-01-10,0545,Aqua,MODIS,75,61.03,290.7,9.1,N,0
-15.9847,-61.0985,301.1,1.1,1,2023-01-10,0545,Aqua,MODIS,38,61.03,290.1,4.1,N,0
-15.9898,-61.1152,307.6,1.1,1,2023-01-10,0545,Aqua,MODIS,72,61.03,290.3,8.7,N,0
-15.9911,-61.1052,303.5,1.1,1,2023-01-10,0545,Aqua,MODIS,55,61.03,290.2,5.9,N,0
-16.0101,-61.0369,305.1,1.1,1,2023-01-10,0545,Aqua,MODIS,63,61.03,289.1,6.9,N,0
-16.0115,-61.027,304.7,1.1,1,2023-01-10,0545,Aqua,MODIS,61,61.03,288,6.7,N,0
-16.1594,-61.0961,300.5,1.1,1,2023-01-10,0545,Aqua,MODIS,29,61.03,287.5,4.5,N,0
-16.1608,-61.0862,301.1,1.1,1,2023-01-10,0545,Aqua,MODIS,38,61.03,288.1,4.8,N,0
-16.1664,-61.2341,306.2,1.1,1,2023-01-10,0545,Aqua,MODIS,67,61.03,281.5,8.6,N,2
-16.1678,-61.2243,300.1,1.1,1,2023-01-10,0545,Aqua,MODIS,19,61.03,282.1,4.8,N,2
-16.2203,-61.2522,308.2,1.1,1,2023-01-10,0545,Aqua,MODIS,74,61.03,280.5,10.3,N,0
-16.2217,-61.2424,331.5,1.1,1,2023-01-10,0545,Aqua,MODIS,100,61.03,281.3,34.8,N,0
-16.2295,-61.2536,321.7,1.1,1,2023-01-10,0545,Aqua,MODIS,100,61.03,279.9,22.3,N,0
-16.2309,-61.2438,312.4,1.1,1,2023-01-10,0545,Aqua,MODIS,85,61.03,280.2,13.2,N,0
-16.4049,-61.4287,302.5,1,1,2023-01-10,0545,Aqua,MODIS,50,61.03,281.7,6.9,N,0
-16.4846,-61.1283,306.8,1.1,1,2023-01-10,0545,Aqua,MODIS,69,61.03,283.4,9.4,N,0
-16.4859,-61.1184,300.8,1.1,1,2023-01-10,0545,Aqua,MODIS,34,61.03,285.2,5.4,N,0
-18.375,-62.2587,305.8,1,1,2023-01-10,0545,Aqua,MODIS,66,61.03,291.1,7.1,N,0
-18.4683,-62.8216,304.8,1,1,2023-01-10,0545,Aqua,MODIS,53,61.03,286.2,8,N,0
-18.656,-62.7959,326.3,1,1,2023-01-10,0545,Aqua,MODIS,100,61.03,271.9,25.8,N,0
-18.665,-62.7973,309.1,1,1,2023-01-10,0545,Aqua,MODIS,77,61.03,269.1,11,N,0
-19.0696,-62.4156,300.8,1,1,2023-01-10,0545,Aqua,MODIS,28,61.03,284.9,4.6,N,0
-19.1045,-62.431,303.2,1,1,2023-01-10,0545,Aqua,MODIS,54,61.03,287.9,6.1,N,0
-20.4907,-59.1212,301.6,1.5,1.2,2023-01-10,0546,Aqua,MODIS,42,61.03,283.9,8.3,N,0
-2.4442,-49.199,322,1,1,2023-01-10,1331,Terra,MODIS,68,61.03,291.6,16.6,D,0
-16.6467,-55.4704,313,1.1,1.1,2023-01-10,1335,Terra,MODIS,50,61.03,288.8,5.8,D,0
-16.6675,-60.391,313.6,2.4,1.5,2023-01-10,1335,Terra,MODIS,30,61.03,293.3,25.1,D,0
-17.5343,-57.2261,333.1,1.4,1.2,2023-01-10,1335,Terra,MODIS,86,61.03,292.7,36.7,D,0
-17.5363,-57.2136,356,1.4,1.2,2023-01-10,1335,Terra,MODIS,98,61.03,291.4,103.7,D,0
-17.5303,-57.6845,321.2,1.4,1.2,2023-01-10,1335,Terra,MODIS,0,61.03,297,21.7,D,0
-19.7148,-54.5376,330.8,1,1,2023-01-10,1336,Terra,MODIS,84,61.03,297.3,23.1,D,0
-19.898,-54.6737,317,1,1,2023-01-10,1336,Terra,MODIS,57,61.03,297.3,6.9,D,0
-20.5984,-55.0445,319.3,1,1,2023-01-10,1336,Terra,MODIS,36,61.03,300.9,8.1,D,0
-20.9825,-52.414,316.7,1.1,1,2023-01-10,1336,Terra,MODIS,31,61.03,300,9.2,D,0
-20.6135,-55.4302,321,1,1,2023-01-10,1336,Terra,MODIS,54,61.03,302.3,8.9,D,0
-20.664,-55.1601,340.1,1,1,2023-01-10,1336,Terra,MODIS,89,61.03,300,35.1,D,0
-20.6655,-55.1505,348.6,1,1,2023-01-10,1336,Terra,MODIS,94,61.03,298.1,50.4,D,0
-20.6684,-55.1312,321.8,1,1,2023-01-10,1336,Terra,MODIS,57,61.03,301.8,10,D,0
-20.673,-55.1616,338.3,1,1,2023-01-10,1336,Terra,MODIS,88,61.03,299.7,32.2,D,0
-20.6744,-55.152,355.8,1,1,2023-01-10,1336,Terra,MODIS,98,61.03,299.1,67.1,D,0
5.8099,-67.4789,320.8,2,1.4,2023-01-10,1507,Terra,MODIS,64,61.03,294.4,24,D,0
5.8072,-67.4615,318.3,2,1.4,2023-01-10,1507,Terra,MODIS,39,61.03,295,17.6,D,0
5.3488,-65.9966,310.9,2.7,1.6,2023-01-10,1507,Terra,MODIS,28,61.03,289.1,17.6,D,0
5.3449,-65.9732,312.7,2.7,1.6,2023-01-10,1507,Terra,MODIS,52,61.03,289.2,23.4,D,0
5.3395,-65.9807,314.7,2.7,1.6,2023-01-10,1507,Terra,MODIS,71,61.03,288.8,33,D,0
5.6078,-69.5327,316,1.4,1.2,2023-01-10,1507,Terra,MODIS,44,61.03,293,12.7,D,0
5.6059,-69.5203,320.1,1.4,1.2,2023-01-10,1507,Terra,MODIS,74,61.03,290.9,19.1,D,0
4.5336,-69.9534,317.6,1.4,1.2,2023-01-10,1508,Terra,MODIS,72,61.03,293.8,13.5,D,0
4.5234,-69.9549,313.2,1.4,1.2,2023-01-10,1508,Terra,MODIS,47,61.03,293.9,7.4,D,0
4.3209,-71.282,316.8,1.1,1.1,2023-01-10,1508,Terra,MODIS,42,61.03,295.7,9.1,D,0
4.3194,-71.2718,319.2,1.1,1.1,2023-01-10,1508,Terra,MODIS,60,61.03,293.8,12,D,0
4.1347,-71.2695,313.1,1.2,1.1,2023-01-10,1508,Terra,MODIS,65,61.03,294.9,6.9,D,0
3.3532,-73.6774,315,1,1,2023-01-10,1508,Terra,MODIS,67,61.03,294.5,6.3,D,0
3.1233,-72.2374,313.8,1.1,1,2023-01-10,1508,Terra,MODIS,53,61.03,292,7.9,D,0
0.4599,-78.1601,311.9,1.4,1.2,2023-01-10,1509,Terra,MODIS,51,61.03,293.9,8.9,D,0
-6.4308,-76.5324,315.4,1,1,2023-01-10,1511,Terra,MODIS,41,61.03,294,6.4,D,0
-7.2969,-76.659,326.1,1,1,2023-01-10,1511,Terra,MODIS,81,61.03,295,18.6,D,0
-19.8401,-60.1479,348.5,1,1,2023-01-10,1756,Aqua,MODIS,94,61.03,305.2,48.4,D,0
-19.1172,-63.9017,316.1,1.3,1.1,2023-01-10,1756,Aqua,MODIS,67,61.03,298,12.4,D,0
-19.0765,-63.9075,314,1.3,1.1,2023-01-10,1756,Aqua,MODIS,41,61.03,298.7,9.2,D,0
-16.9239,-60.4717,363.2,1,1,2023-01-10,1757,Aqua,MODIS,100,61.03,302.1,87.4,D,0
-18.7505,-62.7804,352.4,1.1,1.1,2023-01-10,1757,Aqua,MODIS,96,61.03,302.5,66.1,D,0
-18.746,-62.7758,333,1.1,1.1,2023-01-10,1757,Aqua,MODIS,85,61.03,299.7,25.7,D,0
-17.9381,-60.615,325.3,1,1,2023-01-10,1757,Aqua,MODIS,65,61.03,308.4,15.2,D,0
-16.9253,-60.481,328.8,1,1,2023-01-10,1757,Aqua,MODIS,82,61.03,300.1,18.9,D,0
-16.6698,-60.3715,312,1,1,2023-01-10,1757,Aqua,MODIS,36,61.03,295.3,4.4,D,0
-16.3423,-59.4717,317.7,1.1,1,2023-01-10,1757,Aqua,MODIS,66,61.03,297.9,7.8,D,0
-16.4945,-61.1292,327.1,1,1,2023-01-10,1757,Aqua,MODIS,75,61.03,298.8,16,D,0
-16.4072,-61.0954,320.4,1,1,2023-01-10,1757,Aqua,MODIS,73,61.03,300.1,11.2,D,0
-16.4086,-61.1047,316.6,1,1,2023-01-10,1757,Aqua,MODIS,61,61.03,297.9,7.4,D,0
-16.2544,-60.4311,320.2,1,1,2023-01-10,1757,Aqua,MODIS,45,61.03,301.4,8.9,D,0
-16.0722,-59.8836,319.1,1,1,2023-01-10,1757,Aqua,MODIS,21,61.03,293.9,8.3,D,0
-16.365,-62.0329,317.8,1,1,2023-01-10,1757,Aqua,MODIS,68,61.03,290.4,11.6,D,2
-16.236,-61.2549,326.9,1,1,2023-01-10,1757,Aqua,MODIS,58,61.03,300.8,15.6,D,0
-16.2257,-61.247,319.9,1,1,2023-01-10,1757,Aqua,MODIS,51,61.03,298.3,8.9,D,0
-16.227,-61.2563,324.8,1,1,2023-01-10,1757,Aqua,MODIS,73,61.03,299.6,13.8,D,0
-16.1672,-61.095,324,1,1,2023-01-10,1757,Aqua,MODIS,52,61.03,303.6,13,D,0
-16.0114,-61.037,333.8,1,1,2023-01-10,1757,Aqua,MODIS,85,61.03,296.3,26.6,D,0
-16.0498,-61.8201,322.6,1,1,2023-01-10,1757,Aqua,MODIS,51,61.03,300.6,12.5,D,0
-15.8221,-61.3818,314.6,1,1,2023-01-10,1757,Aqua,MODIS,39,61.03,295.2,7.1,D,0
-15.73,-61.7693,321.8,1,1,2023-01-10,1757,Aqua,MODIS,30,61.03,299.9,12.1,D,0
-13.082,-59.1454,312.8,1.2,1.1,2023-01-10,1758,Aqua,MODIS,40,61.03,283.4,10.7,D,0
-12.3526,-61.2587,322.4,1,1,2023-01-10,1758,Aqua,MODIS,32,61.03,302.1,11.9,D,0
-12.2849,-61.1746,320.7,1,1,2023-01-10,1758,Aqua,MODIS,53,61.03,301.4,10.2,D,0
-12.0649,-63.5688,316.3,1.1,1,2023-01-10,1758,Aqua,MODIS,25,61.03,295.6,8.8,D,2
-12.0115,-63.5032,320.7,1.1,1,2023-01-10,1758,Aqua,MODIS,74,61.03,292.5,14.1,D,0
-15.6988,-69.8684,325.2,3.2,1.7,2023-01-10,1758,Aqua,MODIS,0,61.03,295.8,89.1,D,0
-11.0165,-62.5836,332.7,1,1,2023-01-10,1759,Aqua,MODIS,87,61.03,294,26.5,D,0
-11.1202,-62.4688,308.8,1,1,2023-01-10,1759,Aqua,MODIS,45,61.03,287.2,3.5,D,0
-7.6118,-61.3383,313.4,1.1,1,2023-01-10,1759,Aqua,MODIS,32,61.03,292.3,6.7,D,0
-9.0943,-65.284,305.9,1.2,1.1,2023-01-10,1759,Aqua,MODIS,34,61.03,283.9,5.1,D,0
-11.0178,-62.5927,326.7,1,1,2023-01-10,1759,Aqua,MODIS,82,61.03,294.2,18.7,D,0
-8.5151,-70.258,312.5,2.7,1.6,2023-01-10,1800,Aqua,MODIS,63,61.03,285.8,38.1,D,0
-3.2823,-64.6864,317.4,1,1,2023-01-10,1801,Aqua,MODIS,0,61.03,298.7,10.2,D,0
2.6155,-59.4044,320.1,2,1.4,2023-01-10,1802,Aqua,MODIS,53,61.03,295.3,21.2,D,0
2.6179,-59.3868,327.2,2,1.4,2023-01-10,1802,Aqua,MODIS,82,61.03,296.3,40.6,D,0
2.6238,-59.3986,322.8,2,1.4,2023-01-10,1802,Aqua,MODIS,61,61.03,295.7,27,D,0
2.493,-59.7113,316.6,1.9,1.3,2023-01-10,1802,Aqua,MODIS,0,61.03,289.1,20.5,D,0
4.5555,-71.5997,316.3,2.1,1.4,2023-01-10,1803,Aqua,MODIS,61,61.03,292.6,21.4,D,0
5.7549,-65.683,309.4,1,1,2023-01-10,1803,Aqua,MODIS,52,61.03,282.4,5.6,D,0
5.2969,-70.4488,322.1,1.6,1.3,2023-01-10,1803,Aqua,MODIS,76,61.03,292.8,28.9,D,0
5.2946,-70.4634,309.1,1.6,1.3,2023-01-10,1803,Aqua,MODIS,34,61.03,289.6,7.7,D,0
5.0313,-66.0442,330.3,1,1,2023-01-10,1803,Aqua,MODIS,86,61.03,295.4,23.3,D,0
4.4828,-68.8009,316.6,1.3,1.1,2023-01-10,1803,Aqua,MODIS,67,61.03,293.4,13.5,D,0
4.4811,-68.8125,330.9,1.3,1.1,2023-01-10,1803,Aqua,MODIS,85,61.03,291.9,37.2,D,0
4.4809,-68.8062,327.7,1.3,1.1,2023-01-10,1803,Aqua,MODIS,82,61.03,293,29.7,D,0
4.4068,-70.1044,333.1,1.6,1.2,2023-01-10,1803,Aqua,MODIS,75,61.03,294.3,52.2,D,0
4.4179,-70.1061,321,1.6,1.2,2023-01-10,1803,Aqua,MODIS,76,61.03,293.9,26.2,D,0
5.0402,-66.0455,319.8,1,1,2023-01-10,1803,Aqua,MODIS,77,61.03,293.3,12.1,D,0
5.2547,-66.0253,310.7,1,1,2023-01-10,1803,Aqua,MODIS,65,61.03,293.1,4.2,D,0
5.3541,-66.1069,313.7,1,1,2023-01-10,1803,Aqua,MODIS,69,61.03,292.4,6,D,0
5.3773,-66.0101,316.3,1,1,2023-01-10,1803,Aqua,MODIS,46,61.03,291.8,7.5,D,0
4.5584,-71.5814,314.7,2.1,1.4,2023-01-10,1803,Aqua,MODIS,43,61.03,292.3,16.7,D,0
-18.1136,-59.6565,306.3,3.1,1.7,2023-01-11,0146,Terra,MODIS,67,61.03,287.6,35.3,N,0
-18.1153,-59.6805,306.1,3.1,1.7,2023-01-11,0146,Terra,MODIS,67,61.03,286.1,34.5,N,0
-18.1125,-59.6514,302.9,3.1,1.7,2023-01-11,0146,Terra,MODIS,50,61.03,287.8,24.5,N,0
-18.1166,-59.6856,301.6,3.1,1.7,2023-01-11,0146,Terra,MODIS,37,61.03,285.9,21.1,N,0
-17.4913,-71.351,304.2,1.5,1.2,2023-01-11,0325,Terra,MODIS,59,61.03,290.3,13.8,N,2
-17.4915,-71.3519,314.8,1.1,1.1,2023-01-11,0628,Aqua,MODIS,90,61.03,290.3,18.6,N,2
-12.4589,-60.3658,321.4,1.2,1.1,2023-01-11,1415,Terra,MODIS,29,61.03,299.4,15.6,D,0
-12.3553,-61.2577,315.2,1.1,1,2023-01-11,1415,Terra,MODIS,41,61.03,297.2,7.5,D,0
-12.9048,-62.1246,313.8,1,1,2023-01-11,1415,Terra,MODIS,45,61.03,296.3,6.2,D,0
-12.9061,-62.1154,318,1,1,2023-01-11,1415,Terra,MODIS,54,61.03,298.4,9.8,D,0
-13.1914,-60.811,315.3,1.1,1.1,2023-01-11,1415,Terra,MODIS,53,61.03,297.5,7.3,D,2
-13.4979,-61.5098,314.4,1.1,1,2023-01-11,1415,Terra,MODIS,48,61.03,296.5,9.2,D,0
-14.1034,-59.0962,313.6,1.4,1.2,2023-01-11,1415,Terra,MODIS,66,61.03,297.1,12.7,D,0
-14.2512,-59.9274,314.7,1.3,1.1,2023-01-11,1415,Terra,MODIS,43,61.03,297.5,10.7,D,0
-15.5378,-60.3777,315.2,1.3,1.1,2023-01-11,1416,Terra,MODIS,70,61.03,290.4,11.7,D,0
-16.2299,-61.2364,314.8,1.1,1.1,2023-01-11,1416,Terra,MODIS,52,61.03,290.6,9.5,D,0
-16.2366,-61.2588,314.6,1.1,1.1,2023-01-11,1416,Terra,MODIS,58,61.03,291.9,9.9,D,0
-16.238,-61.2482,315.6,1.1,1.1,2023-01-11,1416,Terra,MODIS,61,61.03,290.1,10.5,D,0
-16.8673,-60.8851,315,1.2,1.1,2023-01-11,1416,Terra,MODIS,65,61.03,295.8,11.5,D,0
-16.5529,-63.2117,314.8,1,1,2023-01-11,1416,Terra,MODIS,68,61.03,298,6.3,D,0
-18.5308,-59.4411,313.8,1.6,1.2,2023-01-11,1416,Terra,MODIS,29,61.03,297.6,12,D,0
-18.2569,-62.2258,319.1,1.1,1,2023-01-11,1417,Terra,MODIS,59,61.03,295.8,10.8,D,0
-18.2583,-62.2157,327.6,1.1,1,2023-01-11,1417,Terra,MODIS,80,61.03,297.8,20.5,D,0
-18.3231,-63.0688,322.2,1,1,2023-01-11,1417,Terra,MODIS,65,61.03,302.9,5.8,D,0
-18.6384,-62.7897,316.4,1,1,2023-01-11,1417,Terra,MODIS,64,61.03,294.9,6.8,D,0
-18.8132,-63.2484,317.6,1,1,2023-01-11,1417,Terra,MODIS,0,61.03,302.4,8.6,D,0
-18.9495,-63.2622,323.5,1,1,2023-01-11,1417,Terra,MODIS,74,61.03,302.2,12.8,D,0
-20.6396,-60.1418,321.8,1.5,1.2,2023-01-11,1417,Terra,MODIS,42,61.03,303.8,17.6,D,0
-20.6424,-60.148,319.6,1.5,1.2,2023-01-11,1417,Terra,MODIS,46,61.03,303,14.9,D,0
-20.644,-60.1337,320.5,1.5,1.2,2023-01-11,1417,Terra,MODIS,55,61.03,302.9,15.8,D,0
-4.7431,-80.5382,320.3,1.8,1.3,2023-01-11,1551,Terra,MODIS,7,61.03,296.6,13.8,D,2
-3.5726,-80.4869,320.1,1.8,1.3,2023-01-11,1551,Terra,MODIS,44,61.03,295,17.1,D,0
-11.1157,-77.3217,323.7,4.1,1.9,2023-01-11,1553,Terra,MODIS,35,61.03,291.4,89.8,D,0
-11.1111,-77.3143,334,4.1,1.9,2023-01-11,1553,Terra,MODIS,86,61.03,292.2,194.9,D,0
-20.4265,-49.9724,316.7,1.4,1.2,2023-01-11,1700,Aqua,MODIS,37,61.03,295.9,10.9,D,2
-20.3006,-51.8195,315.3,1.8,1.3,2023-01-11,1700,Aqua,MODIS,34,61.03,296.5,20.1,D,0
-19.6536,-57.3108,321.4,4.6,2,2023-01-11,1700,Aqua,MODIS,71,61.03,291.4,128.9,D,0
-19.6546,-57.3153,319.9,4.6,2,2023-01-11,1700,Aqua,MODIS,54,61.03,291.4,116,D,0
-17.9393,-49.7554,313.7,1.2,1.1,2023-01-11,1701,Aqua,MODIS,45,61.03,298.2,9.4,D,0
-16.3427,-49.0955,321.4,1.1,1.1,2023-01-11,1701,Aqua,MODIS,75,61.03,300,16.2,D,0
-13.3372,-56.5336,311,3.3,1.7,2023-01-11,1702,Aqua,MODIS,59,61.03,285.4,39.4,D,0
-12.8098,-55.1822,305.3,2.6,1.5,2023-01-11,1702,Aqua,MODIS,28,61.03,281.5,14.6,D,0
-11.0662,-49.546,316.8,1,1,2023-01-11,1703,Aqua,MODIS,75,61.03,288.8,10,D,0
-3.9229,-49.4093,337.7,1,1,2023-01-11,1704,Aqua,MODIS,84,61.03,281.7,35.7,D,0
-3.4512,-50.6058,314.4,1,1,2023-01-11,1705,Aqua,MODIS,38,61.03,292.7,7.7,D,0
-3.3366,-50.1983,312.4,1,1,2023-01-11,1705,Aqua,MODIS,33,61.03,294.9,5.9,D,0
-2.699,-49.3468,331.7,1,1,2023-01-11,1705,Aqua,MODIS,85,61.03,299.3,24.3,D,0
-2.7003,-49.3558,322.3,1,1,2023-01-11,1705,Aqua,MODIS,76,61.03,297.3,13.7,D,0
0.6592,-51.6015,311,1,1,2023-01-11,1706,Aqua,MODIS,54,61.03,297.9,5.2,D,0
1.7139,-50.8738,331.2,1,1,2023-01-11,1706,Aqua,MODIS,86,61.03,297.2,25.1,D,0
-15.2355,-68.7489,322.9,1.3,1.1,2023-01-11,1840,Aqua,MODIS,41,61.03,302.7,15.1,D,0
-15.2239,-68.7405,324.7,1.3,1.1,2023-01-11,1840,Aqua,MODIS,48,61.03,299.6,19.2,D,0
-15.2256,-68.7513,353,1.3,1.1,2023-01-11,1840,Aqua,MODIS,96,61.03,302.1,85.1,D,0
-12.3836,-63.8765,315,3.3,1.7,2023-01-11,1841,Aqua,MODIS,68,61.03,292.2,39.4,D,0
-8.7578,-63.9082,313.3,3.8,1.8,2023-01-11,1842,Aqua,MODIS,34,61.03,290.1,45.6,D,2
-9.0194,-65.9039,316.5,2.6,1.6,2023-01-11,1842,Aqua,MODIS,53,61.03,294.4,30.2,D,0
-9.0154,-65.9094,316.5,2.6,1.6,2023-01-11,1842,Aqua,MODIS,44,61.03,294.3,29.4,D,0
-8.0636,-75.171,339,1.1,1,2023-01-11,1842,Aqua,MODIS,67,61.03,290.8,41.2,D,0
-7.0914,-75.1159,313.8,1,1,2023-01-11,1843,Aqua,MODIS,56,61.03,289.2,8.8,D,0
3.9117,-71.5545,318.8,1.6,1.2,2023-01-11,1845,Aqua,MODIS,57,61.03,289.5,17.9,D,0
3.8756,-72.132,330.5,1.5,1.2,2023-01-11,1845,Aqua,MODIS,79,61.03,292.2,37.3,D,0
3.8738,-72.1449,332,1.5,1.2,2023-01-11,1845,Aqua,MODIS,85,61.03,292.6,40.6,D,0
4.1041,-70.6828,312.3,1.9,1.3,2023-01-11,1845,Aqua,MODIS,59,61.03,285.8,11.6,D,0
4.5426,-71.0482,314.9,1.8,1.3,2023-01-11,1845,Aqua,MODIS,59,61.03,291.5,11.9,D,0
4.7266,-70.9542,340.1,1.8,1.3,2023-01-11,1846,Aqua,MODIS,90,61.03,293.8,85.9,D,0
4.7407,-70.9395,317.8,1.8,1.3,2023-01-11,1846,Aqua,MODIS,53,61.03,290.6,16.1,D,0
4.7385,-70.9558,327.9,1.8,1.3,2023-01-11,1846,Aqua,MODIS,80,61.03,292.1,43.2,D,0
4.8921,-71.3449,346.2,1.7,1.3,2023-01-11,1846,Aqua,MODIS,93,61.03,288.5,109.6,D,0
5.0326,-71.4854,312.9,1.7,1.3,2023-01-11,1846,Aqua,MODIS,19,61.03,287.7,12,D,0
5.2127,-71.0193,313.1,1.9,1.3,2023-01-11,1846,Aqua,MODIS,57,61.03,290.7,12.7,D,0
5.3302,-70.6403,314.3,2,1.4,2023-01-11,1846,Aqua,MODIS,61,61.03,291.2,14.9,D,0
5.7069,-69.5706,317.2,2.5,1.5,2023-01-11,1846,Aqua,MODIS,46,61.03,288,26.7,D,0
5.7853,-69.7994,322.9,2.4,1.5,2023-01-11,1846,Aqua,MODIS,49,61.03,290.2,42.4,D,0
5.7804,-69.8038,322.2,2.4,1.5,2023-01-11,1846,Aqua,MODIS,70,61.03,291.2,41.9,D,0
5.7937,-69.8056,319.6,2.4,1.5,2023-01-11,1846,Aqua,MODIS,62,61.03,290.4,34.4,D,0
-20.8936,-59.0595,306.8,1.1,1,2023-01-12,0226,Terra,MODIS,69,61.03,293.2,6.2,N,0
-20.8951,-59.0696,304.1,1.1,1,2023-01-12,0226,Terra,MODIS,58,61.03,292.8,4.4,N,0
-20.9297,-62.6585,308,1.1,1,2023-01-12,0227,Terra,MODIS,65,61.03,296.8,5.1,N,0
-20.6568,-63.241,308.6,1.1,1.1,2023-01-12,0227,Terra,MODIS,70,61.03,294.4,7.8,N,0
-20.6582,-63.252,305.8,1.1,1.1,2023-01-12,0227,Terra,MODIS,58,61.03,294.5,5.7,N,0
-19.6425,-57.2952,304.7,1.4,1.2,2023-01-12,0227,Terra,MODIS,61,61.03,283.1,9.6,N,0
-19.8953,-61.6468,308.1,1,1,2023-01-12,0227,Terra,MODIS,68,61.03,295.2,6.4,N,0
-19.5554,-62.9393,315.1,1.1,1,2023-01-12,0227,Terra,MODIS,91,61.03,293.9,13.5,N,0
-19.5568,-62.9495,308.2,1.1,1,2023-01-12,0227,Terra,MODIS,74,61.03,294,7.6,N,0
-18.6348,-62.7922,315.9,1.1,1,2023-01-12,0227,Terra,MODIS,92,61.03,287.1,14.2,N,0
-18.1,-59.6673,312.7,1.1,1,2023-01-12,0227,Terra,MODIS,85,61.03,291.4,13.3,N,0
-18.3331,-62.3198,308,1,1,2023-01-12,0227,Terra,MODIS,73,61.03,285.5,7.8,N,0
-18.3537,-62.8079,324.9,1.1,1,2023-01-12,0227,Terra,MODIS,100,61.03,287.5,24.1,N,0
-18.3551,-62.8178,303.7,1.1,1,2023-01-12,0227,Terra,MODIS,40,61.03,287.3,5.1,N,0
-18.2554,-62.2205,307.2,1,1,2023-01-12,0227,Terra,MODIS,71,61.03,285.7,7.5,N,0
-18.1308,-61.9177,306.3,1,1,2023-01-12,0227,Terra,MODIS,68,61.03,293.1,5.6,N,0
-18.1321,-61.9271,320,1,1,2023-01-12,0227,Terra,MODIS,99,61.03,294.2,16.3,N,0
-18.1138,-62.876,303.5,1.1,1,2023-01-12,0227,Terra,MODIS,56,61.03,293.1,4,N,0
-16.2344,-61.2541,319.1,1,1,2023-01-12,0228,Terra,MODIS,98,61.03,291.5,15.5,N,0
-16.9213,-60.4668,306.5,1,1,2023-01-12,0228,Terra,MODIS,68,61.03,287.1,6.3,N,0
-16.9227,-60.4764,310.6,1,1,2023-01-12,0228,Terra,MODIS,80,61.03,287.8,9.9,N,0
-16.9136,-60.4779,310.3,1,1,2023-01-12,0228,Terra,MODIS,80,61.03,286.7,9.5,N,0
-16.8707,-60.8805,317.9,1,1,2023-01-12,0228,Terra,MODIS,96,61.03,290.4,14.7,N,0
-16.8721,-60.89,316,1,1,2023-01-12,0228,Terra,MODIS,92,61.03,290.6,13,N,0
-16.8618,-60.882,303.3,1,1,2023-01-12,0228,Terra,MODIS,54,61.03,289.7,4.2,N,0
-16.6443,-60.5893,302.9,1,1,2023-01-12,0228,Terra,MODIS,52,61.03,286.6,4.4,N,0
-16.6953,-61.1319,320,1,1,2023-01-12,0228,Terra,MODIS,99,61.03,290.6,16.9,N,0
-16.4835,-61.1299,321.1,1,1,2023-01-12,0228,Terra,MODIS,100,61.03,290.2,17.9,N,0
-16.4848,-61.1393,311,1,1,2023-01-12,0228,Terra,MODIS,81,61.03,290.3,9.1,N,0
-16.4055,-61.1003,303.4,1,1,2023-01-12,0228,Terra,MODIS,55,61.03,290.2,4,N,0
-16.3625,-62.0291,302.4,1,1,2023-01-12,0228,Terra,MODIS,49,61.03,271.2,6.5,N,2
-16.3638,-62.0384,326.4,1,1,2023-01-12,0228,Terra,MODIS,100,61.03,272.8,26.4,N,2
-16.2317,-61.2355,325.8,1,1,2023-01-12,0228,Terra,MODIS,100,61.03,293.5,22.2,N,0
-16.233,-61.2448,326.6,1,1,2023-01-12,0228,Terra,MODIS,100,61.03,293.1,22.8,N,0
-16.2214,-61.2276,307.7,1,1,2023-01-12,0228,Terra,MODIS,72,61.03,292.1,6.5,N,0
-16.2228,-61.2369,335.8,1,1,2023-01-12,0228,Terra,MODIS,100,61.03,292.6,35.6,N,0
-16.2241,-61.2462,322.1,1,1,2023-01-12,0228,Terra,MODIS,100,61.03,292,18,N,0
-16.2254,-61.2555,303.6,1,1,2023-01-12,0228,Terra,MODIS,56,61.03,290.8,3.9,N,0
-16.1667,-61.233,317.5,1,1,2023-01-12,0228,Terra,MODIS,95,61.03,292.3,13.6,N,2
-16.1551,-61.2157,307.8,1,1,2023-01-12,0228,Terra,MODIS,73,61.03,292.3,6.4,N,2
-16.0092,-61.034,305,1,1,2023-01-12,0228,Terra,MODIS,61,61.03,292,5.4,N,0
-15.8416,-60.5213,303.8,1.1,1,2023-01-12,0228,Terra,MODIS,37,61.03,292,4.5,N,2
-15.7939,-60.505,304.2,1.1,1,2023-01-12,0228,Terra,MODIS,59,61.03,290.9,4.6,N,0
-15.9273,-61.8815,306.8,1,1,2023-01-12,0228,Terra,MODIS,69,61.03,286.6,6.9,N,0
-15.9286,-61.8907,320,1,1,2023-01-12,0228,Terra,MODIS,99,61.03,286.2,17.5,N,0
-15.7735,-61.6378,314.8,1,1,2023-01-12,0228,Terra,MODIS,90,61.03,292.5,11.8,N,0
-15.5439,-60.378,302.5,1.1,1,2023-01-12,0228,Terra,MODIS,50,61.03,290.4,4.1,N,0
-13.6148,-66.7015,302.8,1.5,1.2,2023-01-12,0229,Terra,MODIS,51,61.03,291.4,5.8,N,0
-12.6009,-61.0971,319.4,1.1,1,2023-01-12,0229,Terra,MODIS,99,61.03,290.1,18.1,N,0
-12.6024,-61.1068,328,1.1,1,2023-01-12,0229,Terra,MODIS,100,61.03,290.5,28,N,0
-12.4412,-64.2012,302.2,1.1,1,2023-01-12,0229,Terra,MODIS,47,61.03,287.4,3.4,N,0
-12.2624,-64.4474,303.7,1.1,1,2023-01-12,0229,Terra,MODIS,57,61.03,290.3,4.7,N,0
-9.1651,-61.4087,300.9,1.1,1,2023-01-12,0230,Terra,MODIS,35,61.03,284.5,3.8,N,0
-9.1557,-61.4101,314.1,1.1,1,2023-01-12,0230,Terra,MODIS,88,61.03,283.8,13.9,N,0
-7.7269,-55.1944,320.8,1.2,1.1,2023-01-12,0529,Aqua,MODIS,100,61.03,287.6,22.6,N,0
-12.5966,-61.103,315.4,1.2,1.1,2023-01-12,0530,Aqua,MODIS,91,61.03,289.6,17,N,0
-12.5982,-61.0925,312.5,1.2,1.1,2023-01-12,0530,Aqua,MODIS,85,61.03,289.3,13.8,N,0
-15.7961,-60.5006,303.2,1,1,2023-01-12,0531,Aqua,MODIS,54,61.03,291.1,4.2,N,0
-16.1404,-60.66,302.3,1,1,2023-01-12,0531,Aqua,MODIS,48,61.03,290.9,4,N,0
-16.1617,-61.2337,304.9,1.1,1,2023-01-12,0531,Aqua,MODIS,62,61.03,288.3,6.2,N,2
-16.2234,-61.2497,304.1,1.1,1,2023-01-12,0531,Aqua,MODIS,59,61.03,288.6,5.8,N,0
-16.225,-61.2396,323.6,1.1,1,2023-01-12,0531,Aqua,MODIS,100,61.03,289.6,23.4,N,0
-16.2266,-61.2296,319.8,1.1,1,2023-01-12,0531,Aqua,MODIS,99,61.03,289.3,19.1,N,0
-16.2327,-61.2512,302.2,1.1,1,2023-01-12,0531,Aqua,MODIS,46,61.03,288.8,4.6,N,0
-16.4834,-61.1312,321.6,1.1,1,2023-01-12,0531,Aqua,MODIS,100,61.03,289.1,21,N,0
-16.4849,-61.1213,308.4,1.1,1,2023-01-12,0531,Aqua,MODIS,74,61.03,290.3,8.9,N,0
-16.6399,-60.5859,301.1,1,1,2023-01-12,0532,Aqua,MODIS,38,61.03,289,3.8,N,0
-16.6941,-61.1245,307.6,1.1,1,2023-01-12,0532,Aqua,MODIS,72,61.03,289.9,8.2,N,0
-16.9156,-60.4737,312.1,1,1,2023-01-12,0532,Aqua,MODIS,84,61.03,284.4,11.4,N,0
-16.917,-60.4642,305.8,1,1,2023-01-12,0532,Aqua,MODIS,66,61.03,284.7,6.9,N,0
-16.8615,-60.8873,302.2,1,1,2023-01-12,0532,Aqua,MODIS,47,61.03,289.6,4.1,N,0
-16.863,-60.8776,309,1,1,2023-01-12,0532,Aqua,MODIS,76,61.03,289.9,8.6,N,0
-18.1277,-61.9182,306.9,1.1,1,2023-01-12,0532,Aqua,MODIS,26,61.03,294.5,7.2,N,0
-18.3525,-62.8035,308.8,1.2,1.1,2023-01-12,0532,Aqua,MODIS,76,61.03,291.2,10.6,N,0
-19.77,-60.0497,307.8,1,1,2023-01-12,0532,Aqua,MODIS,72,61.03,294,6.3,N,0
-2.8093,-49.2078,323.7,1.2,1.1,2023-01-12,1315,Terra,MODIS,77,61.03,296.3,19.2,D,0
-13.2216,-49.9916,329,1.1,1,2023-01-12,1318,Terra,MODIS,62,61.03,292.9,23,D,0
5.9475,-70.0977,320.3,1,1,2023-01-12,1451,Terra,MODIS,66,61.03,296.5,8.9,D,0
5.5314,-67.5799,316.2,1.1,1,2023-01-12,1451,Terra,MODIS,37,61.03,294.8,6.6,D,0
5.8797,-70.0769,316.1,1,1,2023-01-12,1451,Terra,MODIS,62,61.03,297.2,6.1,D,0
5.8783,-70.0679,347.4,1,1,2023-01-12,1451,Terra,MODIS,94,61.03,296.1,50.4,D,0
5.7075,-70.2242,315.9,1,1,2023-01-12,1451,Terra,MODIS,55,61.03,297,5.5,D,0
4.4257,-71.0519,317.1,1.1,1,2023-01-12,1452,Terra,MODIS,70,61.03,295,8.8,D,0
2.7767,-61.0962,314.3,3.5,1.8,2023-01-12,1452,Terra,MODIS,74,61.03,287.1,60.4,D,0
2.7815,-61.1007,313.4,3.5,1.8,2023-01-12,1452,Terra,MODIS,73,61.03,287.3,56.5,D,0
-12.4078,-67.0595,353.6,2.1,1.4,2023-01-12,1456,Terra,MODIS,97,61.03,290.6,188.9,D,0
-12.41,-67.0409,314,2.1,1.4,2023-01-12,1456,Terra,MODIS,71,61.03,289.5,21.8,D,0
-12.4202,-67.061,357.5,2.1,1.4,2023-01-12,1456,Terra,MODIS,99,61.03,290.1,215.7,D,0
-12.4225,-67.0423,325.5,2.1,1.4,2023-01-12,1456,Terra,MODIS,82,61.03,288.6,52.9,D,0
-12.7588,-66.3238,313.8,2.4,1.5,2023-01-12,1456,Terra,MODIS,62,61.03,291.5,25.2,D,0
-12.7615,-66.3023,314.5,2.4,1.5,2023-01-12,1456,Terra,MODIS,69,61.03,291.2,27.2,D,0
-12.7575,-66.3075,319,2.4,1.5,2023-01-12,1456,Terra,MODIS,77,61.03,291.3,44.6,D,0
-13.2688,-67.0471,311.2,2.1,1.4,2023-01-12,1456,Terra,MODIS,67,61.03,288.3,22.4,D,0
-12.8729,-72.6976,315.4,1,1,2023-01-12,1456,Terra,MODIS,20,61.03,300.3,6.7,D,2
-14.4525,-72.0789,307.4,1.1,1,2023-01-12,1457,Terra,MODIS,26,61.03,295.3,4.3,D,2
-15.8388,-67.5607,312.1,2.1,1.4,2023-01-12,1457,Terra,MODIS,66,61.03,296.7,17.8,D,2
-17.3901,-66.267,315.9,2.8,1.6,2023-01-12,1457,Terra,MODIS,56,61.03,296.7,29.5,D,2
-17.3934,-66.2741,314.4,2.8,1.6,2023-01-12,1457,Terra,MODIS,50,61.03,297.2,24.8,D,2
-17.396,-66.2481,313.9,2.8,1.6,2023-01-12,1457,Terra,MODIS,25,61.03,296.6,21.3,D,2
-20.3218,-51.9955,321.1,1.6,1.2,2023-01-12,1743,Aqua,MODIS,52,61.03,300.1,16.2,D,0
-18.1772,-56.4356,324.3,1,1,2023-01-12,1743,Aqua,MODIS,79,61.03,294.5,14.9,D,0
-15.9247,-61.8872,311.1,1.4,1.2,2023-01-12,1744,Aqua,MODIS,68,61.03,280.8,14.7,D,0
-15.779,-61.6345,318.3,1.4,1.2,2023-01-12,1744,Aqua,MODIS,77,61.03,282.3,21.8,D,0
-15.3515,-67.6708,316.1,3.8,1.8,2023-01-12,1744,Aqua,MODIS,0,61.03,292.3,71.2,D,0
-15.3548,-67.7033,313,3.9,1.8,2023-01-12,1744,Aqua,MODIS,59,61.03,292.5,55.6,D,0
-15.3457,-67.6757,317.6,3.8,1.8,2023-01-12,1744,Aqua,MODIS,70,61.03,292,78.3,D,0
-15.3492,-67.7082,310.7,3.9,1.8,2023-01-12,1744,Aqua,MODIS,51,61.03,292.4,40.6,D,0
-12.5502,-51.9437,325.7,2.2,1.4,2023-01-12,1745,Aqua,MODIS,70,61.03,302.8,50.7,D,0
-12.5481,-51.9303,321.9,2.2,1.5,2023-01-12,1745,Aqua,MODIS,40,61.03,299.9,37.5,D,0
-13.1253,-58.0201,317,1,1,2023-01-12,1745,Aqua,MODIS,45,61.03,294.2,9.6,D,0
-14.229,-66.853,310,3.2,1.7,2023-01-12,1745,Aqua,MODIS,65,61.03,283,34.8,D,0
-14.2324,-66.8827,310.6,3.2,1.7,2023-01-12,1745,Aqua,MODIS,67,61.03,284.8,36.7,D,0
-11.9948,-54.6849,325.4,1.4,1.2,2023-01-12,1745,Aqua,MODIS,66,61.03,304.3,24.2,D,0
-13.2295,-64.5332,311.8,2.1,1.4,2023-01-12,1745,Aqua,MODIS,59,61.03,286.4,17.8,D,0
-13.2293,-67.3713,311.5,3.4,1.7,2023-01-12,1745,Aqua,MODIS,60,61.03,278.3,49.9,D,0
-13.2184,-67.3799,309.2,3.4,1.7,2023-01-12,1745,Aqua,MODIS,63,61.03,278.1,40.8,D,0
-12.7891,-64.9721,309.4,2.2,1.4,2023-01-12,1745,Aqua,MODIS,0,61.03,289.4,18.5,D,0
-12.3815,-63.876,318.7,1.8,1.3,2023-01-12,1745,Aqua,MODIS,56,61.03,293.8,24.8,D,0
-12.0431,-63.0109,314.4,1.5,1.2,2023-01-12,1745,Aqua,MODIS,34,61.03,296.6,14.1,D,0
-11.7769,-62.5458,320.2,1.4,1.2,2023-01-12,1745,Aqua,MODIS,74,61.03,297.4,16.6,D,0
-12.3318,-67.0231,306.8,3.1,1.7,2023-01-12,1745,Aqua,MODIS,27,61.03,282,26,D,0
-12.0886,-65.3149,311,2.3,1.5,2023-01-12,1745,Aqua,MODIS,56,61.03,290.1,19.6,D,0
-12.0908,-65.3214,313.7,2.3,1.5,2023-01-12,1745,Aqua,MODIS,61,61.03,290.7,27.7,D,0
-10.33,-63.1382,322.2,1.5,1.2,2023-01-12,1746,Aqua,MODIS,67,61.03,289.9,28.4,D,0
-9.8099,-63.159,331.1,1.4,1.2,2023-01-12,1746,Aqua,MODIS,74,61.03,292.3,45.5,D,0
-9.4728,-63.1372,317.4,1.4,1.2,2023-01-12,1746,Aqua,MODIS,59,61.03,297.7,13,D,0
-5.8033,-50.5359,307.1,3.9,1.8,2023-01-12,1746,Aqua,MODIS,23,61.03,285.9,25.4,D,0
-6.8236,-59.0025,312.4,1,1,2023-01-12,1746,Aqua,MODIS,43,61.03,291.4,6.1,D,0
-3.7826,-59.3641,328.8,1,1,2023-01-12,1747,Aqua,MODIS,83,61.03,297.7,21.4,D,0
-3.7492,-59.199,340.3,1,1,2023-01-12,1747,Aqua,MODIS,90,61.03,297,38.6,D,0
-3.7506,-59.2082,319.3,1,1,2023-01-12,1747,Aqua,MODIS,58,61.03,293.8,9.8,D,0
-3.7401,-59.2003,323.9,1,1,2023-01-12,1747,Aqua,MODIS,78,61.03,297,14.9,D,0
-3.8315,-60.4662,314.8,1,1,2023-01-12,1747,Aqua,MODIS,63,61.03,293.8,7.6,D,0
-3.516,-59.2426,313.3,1,1,2023-01-12,1747,Aqua,MODIS,61,61.03,296.1,5.1,D,0
-3.5626,-60.3234,313.5,1,1,2023-01-12,1747,Aqua,MODIS,62,61.03,294.5,5.4,D,0
-3.5394,-60.6787,316.7,1,1,2023-01-12,1747,Aqua,MODIS,65,61.03,297,9.1,D,0
-2.7182,-58.1152,347.8,1.2,1.1,2023-01-12,1747,Aqua,MODIS,94,61.03,296,66,D,0
-1.7989,-60.1029,310.2,1,1,2023-01-12,1748,Aqua,MODIS,59,61.03,293.8,5.6,D,0
-2.1666,-60.0985,308.2,1,1,2023-01-12,1748,Aqua,MODIS,52,61.03,289.5,4.1,D,0
0.7703,-59.5836,319,1.1,1,2023-01-12,1748,Aqua,MODIS,57,61.03,294.3,9.7,D,0
0.7689,-59.5933,325.9,1.1,1,2023-01-12,1748,Aqua,MODIS,80,61.03,295.7,18,D,0
2.5982,-59.7386,319.1,1.1,1.1,2023-01-12,1749,Aqua,MODIS,72,61.03,295.9,12,D,0
3.7991,-59.3569,314.9,1.2,1.1,2023-01-12,1749,Aqua,MODIS,60,61.03,294.8,6.8,D,0
3.9205,-59.8769,317.5,1.1,1.1,2023-01-12,1749,Aqua,MODIS,37,61.03,297.3,7.3,D,0
4.1347,-59.8684,314.4,1.1,1.1,2023-01-12,1749,Aqua,MODIS,55,61.03,294.6,7.9,D,0
4.1332,-59.879,327.2,1.1,1.1,2023-01-12,1749,Aqua,MODIS,81,61.03,293.2,23.4,D,0
5.9427,-69.5088,314.5,2.5,1.5,2023-01-12,1750,Aqua,MODIS,28,61.03,293.1,26.4,D,0
5.9512,-69.5168,321.7,2.5,1.5,2023-01-12,1750,Aqua,MODIS,72,61.03,291.8,45.3,D,0
-3.5847,-80.4951,325.8,1.6,1.3,2023-01-12,1926,Aqua,MODIS,75,61.03,295.3,23.7,D,0
-3.5869,-80.5097,321.1,1.6,1.3,2023-01-12,1926,Aqua,MODIS,67,61.03,295.9,13.1,D,0
-1.3361,-80.0005,322.2,2,1.4,2023-01-12,1927,Aqua,MODIS,55,61.03,291.9,27.1,D,0
-0.5166,-80.4095,319.2,1.9,1.3,2023-01-12,1927,Aqua,MODIS,34,61.03,294.4,18.5,D,0
-6.5752,-51.1027,320.7,1.1,1,2023-01-13,0133,Terra,MODIS,100,61.03,287.4,20.2,N,2
-3.6889,-49.096,307.5,1,1,2023-01-13,0134,Terra,MODIS,72,61.03,289.4,7.2,N,0
-3.6798,-49.0973,331.1,1,1,2023-01-13,0134,Terra,MODIS,100,61.03,289.3,30.7,N,0
-3.6811,-49.1065,313.6,1,1,2023-01-13,0134,Terra,MODIS,88,61.03,288.6,11.6,N,0
-3.2674,-50.0824,301.8,1,1,2023-01-13,0134,Terra,MODIS,44,61.03,287,3.8,N,0
-2.0023,-78.3363,315.6,1.3,1.1,2023-01-13,0313,Terra,MODIS,91,61.03,270.2,28.1,N,1
-2.0039,-78.3478,335.5,1.3,1.1,2023-01-13,0313,Terra,MODIS,100,61.03,269.7,61,N,1
-3.6785,-49.0996,306.7,2.2,1.4,2023-01-13,0432,Aqua,MODIS,69,61.03,288.1,25.1,N,0
-16.3597,-62.0381,306.4,2.9,1.6,2023-01-13,0614,Aqua,MODIS,68,61.03,288.3,37.1,N,2
-16.3618,-62.0434,302.1,2.9,1.6,2023-01-13,0614,Aqua,MODIS,46,61.03,288.1,25.2,N,2
-16.3647,-62.0162,303.4,2.9,1.6,2023-01-13,0614,Aqua,MODIS,55,61.03,288.3,29.1,N,2
-17.4872,-71.3546,306.8,1,1,2023-01-13,0615,Aqua,MODIS,69,61.03,290.5,9.6,N,2
-1.2424,-53.7173,318.2,1.2,1.1,2023-01-13,1356,Terra,MODIS,67,61.03,293.6,14.2,D,0
-2.5701,-54.7977,316,1.1,1,2023-01-13,1356,Terra,MODIS,59,61.03,292.9,9.8,D,0
-3.6805,-49.0944,323.6,2.9,1.6,2023-01-13,1356,Terra,MODIS,80,61.03,291.1,80.4,D,0
-3.6826,-49.1012,323,2.9,1.6,2023-01-13,1356,Terra,MODIS,80,61.03,290.7,77.5,D,0
-19.0424,-62.4393,332,1.1,1.1,2023-01-13,1401,Terra,MODIS,84,61.03,295.9,27.4,D,0
4.6562,-75.9461,306.2,1.4,1.2,2023-01-13,1533,Terra,MODIS,46,61.03,280.5,10.5,D,0
4.1519,-74.877,312.8,1.8,1.3,2023-01-13,1533,Terra,MODIS,64,61.03,294.6,14.1,D,2
-0.9024,-79.4896,311.9,1.1,1,2023-01-13,1535,Terra,MODIS,18,61.03,293,5.7,D,2
-2.169,-79.4627,317.9,1.1,1,2023-01-13,1535,Terra,MODIS,37,61.03,297.1,8.8,D,2
-2.3341,-79.3993,317.6,1.1,1,2023-01-13,1535,Terra,MODIS,69,61.03,297.2,8.5,D,2
-2.4253,-79.3388,318.2,1.1,1.1,2023-01-13,1535,Terra,MODIS,69,61.03,296.9,9.4,D,2
-3.2493,-79.8347,316.5,1.1,1,2023-01-13,1535,Terra,MODIS,56,61.03,296.6,7.6,D,0
-3.3024,-79.9741,325.4,1.1,1,2023-01-13,1535,Terra,MODIS,71,61.03,294.6,17.8,D,0
-4.7644,-80.3127,323.4,1.1,1,2023-01-13,1536,Terra,MODIS,64,61.03,300.5,8.8,D,0
-4.8636,-80.777,327.3,1,1,2023-01-13,1536,Terra,MODIS,60,61.03,294.2,16.4,D,0
-5.3116,-80.7396,325.2,1,1,2023-01-13,1536,Terra,MODIS,66,61.03,302.3,9.4,D,0
-6.2987,-76.6652,310.7,1.9,1.3,2023-01-13,1536,Terra,MODIS,64,61.03,291.8,15.2,D,0
-6.487,-76.4386,312.6,2,1.4,2023-01-13,1536,Terra,MODIS,70,61.03,293.2,11.7,D,0
-6.6665,-76.341,319.1,2,1.4,2023-01-13,1536,Terra,MODIS,77,61.03,294.8,27.9,D,0
-6.4064,-79.8361,326.8,1.2,1.1,2023-01-13,1536,Terra,MODIS,75,61.03,302.2,12.3,D,0
-7.0105,-76.3181,337.9,2.1,1.4,2023-01-13,1536,Terra,MODIS,90,61.03,294.8,94.4,D,0
-7.013,-76.2998,315.8,2.1,1.4,2023-01-13,1536,Terra,MODIS,53,61.03,295,18.9,D,0
-6.7138,-79.4675,328.2,1.2,1.1,2023-01-13,1536,Terra,MODIS,69,61.03,298,18.2,D,0
-8.1865,-76.5137,310.2,2.1,1.4,2023-01-13,1536,Terra,MODIS,63,61.03,292.8,14.5,D,0
-9.2991,-75.9981,306.8,2.4,1.5,2023-01-13,1537,Terra,MODIS,23,61.03,289.8,14.1,D,2
-9.2954,-76.0048,305.7,2.4,1.5,2023-01-13,1537,Terra,MODIS,49,61.03,289.6,14,D,2
-10.1184,-75.6907,306.5,2.6,1.6,2023-01-13,1537,Terra,MODIS,52,61.03,290.2,25.7,D,0
-10.1251,-75.6976,305.9,2.6,1.6,2023-01-13,1537,Terra,MODIS,26,61.03,291.1,24,D,0
-10.3913,-75.9865,306.3,2.5,1.5,2023-01-13,1537,Terra,MODIS,46,61.03,283.5,29.4,D,0
-10.8963,-77.3821,319.5,2,1.4,2023-01-13,1537,Terra,MODIS,68,61.03,299.8,20.7,D,0
-4.6295,-50.4762,331,1.5,1.2,2023-01-13,1651,Aqua,MODIS,86,61.03,290.6,46,D,0
-4.2982,-50.1561,308.7,1.4,1.2,2023-01-13,1651,Aqua,MODIS,37,61.03,287.7,9.4,D,0
-4.2145,-49.983,316.7,1.4,1.2,2023-01-13,1651,Aqua,MODIS,70,61.03,292.3,15.6,D,0
-3.9488,-49.2655,318.7,1.2,1.1,2023-01-13,1651,Aqua,MODIS,72,61.03,289.6,14.8,D,0
-3.9039,-49.5222,317.9,1.3,1.1,2023-01-13,1651,Aqua,MODIS,65,61.03,286.7,12.6,D,0
-3.9044,-49.5288,313.9,1.3,1.1,2023-01-13,1651,Aqua,MODIS,32,61.03,287.5,8,D,0
-3.7324,-49.3197,314,1.2,1.1,2023-01-13,1651,Aqua,MODIS,70,61.03,289.8,9.3,D,0
-3.7037,-49.6978,313.6,1.3,1.1,2023-01-13,1651,Aqua,MODIS,69,61.03,289,10.8,D,0
-3.6246,-49.8577,316.7,1.3,1.1,2023-01-13,1651,Aqua,MODIS,62,61.03,291.2,13.4,D,0
-3.6165,-50.3785,315,1.4,1.2,2023-01-13,1651,Aqua,MODIS,54,61.03,288,15.6,D,0
-3.657,-50.9039,311.1,1.6,1.2,2023-01-13,1651,Aqua,MODIS,67,61.03,282.9,12.9,D,0
-3.659,-50.9179,307.6,1.6,1.2,2023-01-13,1651,Aqua,MODIS,56,61.03,281.2,9.3,D,0
-2.8944,-49.4609,315.5,1.2,1.1,2023-01-13,1652,Aqua,MODIS,70,61.03,293.2,11.7,D,0
-2.7304,-49.53,319.2,1.2,1.1,2023-01-13,1652,Aqua,MODIS,75,61.03,296.4,13.2,D,0
-2.732,-49.541,332.9,1.2,1.1,2023-01-13,1652,Aqua,MODIS,87,61.03,297.6,34.5,D,0
-2.324,-49.9031,314.2,1.3,1.1,2023-01-13,1652,Aqua,MODIS,13,61.03,295.3,11.4,D,0
-2.5798,-54.8024,315.5,3,1.7,2023-01-13,1652,Aqua,MODIS,74,61.03,284,49.5,D,0
-2.5836,-54.8293,308.2,3.1,1.7,2023-01-13,1652,Aqua,MODIS,44,61.03,282.9,23.1,D,0
-1.2412,-53.7338,315.3,2.4,1.5,2023-01-13,1652,Aqua,MODIS,40,61.03,289.7,29.2,D,0
-19.1504,-68.3813,329.3,1,1,2023-01-13,1826,Aqua,MODIS,54,61.03,315.9,9.4,D,0
-19.103,-68.4333,372,1,1,2023-01-13,1826,Aqua,MODIS,100,61.03,318.4,105,D,0
-15.2613,-68.2062,335.5,1,1,2023-01-13,1827,Aqua,MODIS,86,61.03,298.4,28.9,D,0
-15.2626,-68.2154,341,1,1,2023-01-13,1827,Aqua,MODIS,90,61.03,297.7,38.2,D,0
-15.3516,-69.2154,333.1,1,1,2023-01-13,1827,Aqua,MODIS,52,61.03,317.2,12.1,D,0
-14.2208,-66.8531,319.5,1.1,1,2023-01-13,1827,Aqua,MODIS,41,61.03,298.5,9.1,D,0
-13.8518,-68.0723,315.5,1,1,2023-01-13,1827,Aqua,MODIS,61,61.03,298.4,7.1,D,0
-13.224,-64.4373,324.9,1.6,1.2,2023-01-13,1827,Aqua,MODIS,79,61.03,293.1,29.7,D,0
-13.6524,-67.5466,317.9,1.1,1,2023-01-13,1827,Aqua,MODIS,62,61.03,295,9.3,D,0
-13.6538,-67.5563,318,1.1,1,2023-01-13,1827,Aqua,MODIS,71,61.03,298,9.1,D,0
-13.7063,-68.1458,316.5,1,1,2023-01-13,1827,Aqua,MODIS,62,61.03,297.6,10,D,0
-13.6535,-68.0392,335.8,1,1,2023-01-13,1827,Aqua,MODIS,88,61.03,298.3,30.2,D,0
-12.1594,-66.5693,339.6,1.2,1.1,2023-01-13,1828,Aqua,MODIS,68,61.03,291.1,45.4,D,0
-12.1611,-66.5803,332.2,1.2,1.1,2023-01-13,1828,Aqua,MODIS,72,61.03,289,31.4,D,0
-13.0364,-72.7111,316.2,1.3,1.1,2023-01-13,1828,Aqua,MODIS,72,61.03,287.9,18,D,0
-12.1416,-66.5834,322,1.2,1.1,2023-01-13,1828,Aqua,MODIS,76,61.03,287.7,17.2,D,0
-8.2063,-74.7244,314.5,1.6,1.2,2023-01-13,1829,Aqua,MODIS,71,61.03,295.5,13.3,D,0
-7.4718,-76.4302,346.2,2.1,1.4,2023-01-13,1829,Aqua,MODIS,94,61.03,294.8,140.8,D,0
-7.4745,-76.45,336.3,2.1,1.4,2023-01-13,1829,Aqua,MODIS,84,61.03,294.7,92.2,D,0
-7.4073,-76.3488,310.3,2,1.4,2023-01-13,1829,Aqua,MODIS,0,61.03,288.1,15.2,D,0
-7.3524,-76.0337,318.1,1.9,1.4,2023-01-13,1829,Aqua,MODIS,69,61.03,293.9,26.9,D,0
-7.3547,-76.0508,317,1.9,1.4,2023-01-13,1829,Aqua,MODIS,73,61.03,293.8,24.7,D,0
-7.3401,-76.3193,311.6,2,1.4,2023-01-13,1829,Aqua,MODIS,46,61.03,289.5,15.9,D,0
-7.3385,-76.3255,315.7,2,1.4,2023-01-13,1829,Aqua,MODIS,62,61.03,289.7,25,D,0
-7.2148,-76.1853,315.6,2,1.4,2023-01-13,1829,Aqua,MODIS,60,61.03,291.4,27,D,0
-7.2501,-76.8323,310.2,2.2,1.4,2023-01-13,1829,Aqua,MODIS,50,61.03,291,15,D,0
-7.2526,-76.8515,312.3,2.2,1.4,2023-01-13,1829,Aqua,MODIS,58,61.03,290.4,21.2,D,0
-7.0774,-76.2108,310.1,2,1.4,2023-01-13,1829,Aqua,MODIS,35,61.03,292,12.9,D,0
-6.9065,-75.2739,310,1.7,1.3,2023-01-13,1829,Aqua,MODIS,58,61.03,293.1,11.7,D,0
-6.9905,-76.3637,326.6,2,1.4,2023-01-13,1829,Aqua,MODIS,54,61.03,292.6,39.3,D,0
-6.956,-76.2959,316.9,2,1.4,2023-01-13,1829,Aqua,MODIS,24,61.03,292.5,14.8,D,0
-6.8962,-76.4131,319.8,2,1.4,2023-01-13,1829,Aqua,MODIS,76,61.03,292.7,32.1,D,0
-6.8985,-76.4309,324.2,2,1.4,2023-01-13,1829,Aqua,MODIS,80,61.03,292.1,46.2,D,0
-6.9062,-76.4191,325.8,2,1.4,2023-01-13,1829,Aqua,MODIS,82,61.03,294.8,49.3,D,0
-6.8937,-76.4201,312.6,2,1.4,2023-01-13,1829,Aqua,MODIS,38,61.03,291.8,14.5,D,0
-6.7504,-76.4066,318.1,2,1.4,2023-01-13,1829,Aqua,MODIS,74,61.03,295,22,D,0
-6.7326,-76.4622,312.9,2,1.4,2023-01-13,1829,Aqua,MODIS,66,61.03,292.8,15.8,D,0
-6.4934,-75.3549,309.2,1.7,1.3,2023-01-13,1830,Aqua,MODIS,37,61.03,293,10.4,D,0
-6.1644,-76.3515,310.1,2,1.4,2023-01-13,1830,Aqua,MODIS,15,61.03,291.4,14.2,D,0
-6.0577,-76.2955,316.2,1.9,1.4,2023-01-13,1830,Aqua,MODIS,72,61.03,293.9,23.3,D,0
3.6883,-72.6535,315,1,1,2023-01-13,1832,Aqua,MODIS,26,61.03,291.8,6.3,D,0
3.687,-72.6623,323.3,1,1,2023-01-13,1832,Aqua,MODIS,56,61.03,293.1,14.1,D,0
3.8823,-71.8179,320.6,1,1,2023-01-13,1832,Aqua,MODIS,59,61.03,296.4,10.9,D,0
3.881,-71.8271,321.9,1,1,2023-01-13,1832,Aqua,MODIS,76,61.03,296,12.4,D,0
3.7616,-72.7252,323.8,1,1,2023-01-13,1832,Aqua,MODIS,77,61.03,298.7,12.7,D,0
3.7615,-72.7886,314.2,1,1,2023-01-13,1832,Aqua,MODIS,51,61.03,293.6,4.8,D,0
3.4136,-75.2333,327.6,1.2,1.1,2023-01-13,1832,Aqua,MODIS,83,61.03,296.2,25.9,D,0
3.4122,-75.2431,318,1.2,1.1,2023-01-13,1832,Aqua,MODIS,74,61.03,296.2,13.2,D,0
3.2611,-76.5478,310.8,1.4,1.2,2023-01-13,1832,Aqua,MODIS,57,61.03,292.3,5.5,D,2
4.3141,-71.1136,311.7,1.1,1,2023-01-13,1832,Aqua,MODIS,39,61.03,285.4,8.3,D,0
4.7343,-69.3033,305.9,1.4,1.2,2023-01-13,1832,Aqua,MODIS,45,61.03,276.9,9.6,D,0
4.7525,-71.1381,342.3,1.1,1,2023-01-13,1832,Aqua,MODIS,91,61.03,296.4,45.5,D,0
4.7511,-71.1478,328.6,1.1,1,2023-01-13,1832,Aqua,MODIS,82,61.03,297.2,22.2,D,0
4.0411,-76.1761,314.8,1.3,1.1,2023-01-13,1832,Aqua,MODIS,70,61.03,295.5,12,D,0
4.0393,-76.1879,325.2,1.3,1.1,2023-01-13,1832,Aqua,MODIS,81,61.03,296,26.5,D,0
5.2234,-69.5212,319.4,1.4,1.2,2023-01-13,1832,Aqua,MODIS,57,61.03,297.9,14,D,0
5.8004,-67.4744,324.5,2,1.4,2023-01-13,1833,Aqua,MODIS,57,61.03,298.5,31,D,0
5.798,-67.4917,326.8,2,1.4,2023-01-13,1833,Aqua,MODIS,59,61.03,297.6,39.9,D,0
5.8543,-67.4693,326.8,2,1.4,2023-01-13,1833,Aqua,MODIS,69,61.03,296.7,34.2,D,0
5.6915,-69.7651,317.6,1.3,1.1,2023-01-13,1833,Aqua,MODIS,59,61.03,294,10.8,D,0
5.833,-70.1396,326.1,1.3,1.1,2023-01-13,1833,Aqua,MODIS,78,61.03,298.6,22.4,D,0
5.9617,-69.7233,320.3,1.4,1.2,2023-01-13,1833,Aqua,MODIS,72,61.03,297.4,13.8,D,0
5.8102,-71.5998,324,1.1,1,2023-01-13,1833,Aqua,MODIS,74,61.03,293.1,15.1,D,0
-16.3664,-62.0358,300.6,1.5,1.2,2023-01-14,0212,Terra,MODIS,31,61.03,286.4,6.6,N,2
-15.5342,-60.375,313.1,1.1,1.1,2023-01-14,0212,Terra,MODIS,65,61.03,285.6,14.4,N,0
-13.1104,-64.457,304.5,2,1.4,2023-01-14,0213,Terra,MODIS,60,61.03,291.6,12,N,0
-12.6021,-61.1047,303.2,1.2,1.1,2023-01-14,0213,Terra,MODIS,54,61.03,288.3,6.1,N,0
-12.4626,-64.1323,303.6,1.8,1.3,2023-01-14,0213,Terra,MODIS,56,61.03,291.5,9.2,N,0
-12.4664,-64.1205,304.9,1.8,1.3,2023-01-14,0213,Terra,MODIS,45,61.03,291.8,10.6,N,0
-12.299,-65.6238,303.2,2.4,1.5,2023-01-14,0213,Terra,MODIS,27,61.03,291.5,11.6,N,0
-12.2856,-65.6255,303.6,2.4,1.5,2023-01-14,0213,Terra,MODIS,42,61.03,291.4,12.6,N,0
-12.2723,-65.6271,303.2,2.4,1.5,2023-01-14,0213,Terra,MODIS,36,61.03,291.2,11.7,N,0
-12.2767,-65.6319,304.8,2.4,1.5,2023-01-14,0213,Terra,MODIS,61,61.03,291.2,15.3,N,0
-9.6703,-61.4445,303.6,1.1,1.1,2023-01-14,0214,Terra,MODIS,56,61.03,273,8,N,0
-9.6716,-61.4547,305.7,1.1,1.1,2023-01-14,0214,Terra,MODIS,65,61.03,273.4,9.4,N,0
-9.6608,-61.4459,320.5,1.1,1.1,2023-01-14,0214,Terra,MODIS,100,61.03,272.9,22.6,N,0
-9.6622,-61.4561,327.3,1.1,1.1,2023-01-14,0214,Terra,MODIS,100,61.03,273.1,31.4,N,0
5.6876,-69.7856,302.5,2.6,1.6,2023-01-14,0218,Terra,MODIS,49,61.03,290.8,14.8,N,0
5.6838,-69.7679,305.9,2.6,1.6,2023-01-14,0218,Terra,MODIS,66,61.03,290.8,21.3,N,0
-2.0106,-78.3291,337.5,2.6,1.6,2023-01-14,0354,Terra,MODIS,100,61.03,274.8,180.2,N,1
-1.9995,-78.3024,306.5,2.7,1.6,2023-01-14,0354,Terra,MODIS,68,61.03,274.4,51.5,N,1
-2.0053,-78.342,341.7,2.6,1.6,2023-01-14,0354,Terra,MODIS,100,61.03,273.4,212.6,N,1
-12.4565,-64.1158,306.8,3.3,1.7,2023-01-14,0517,Aqua,MODIS,69,61.03,289.8,40.1,N,0
-2.0047,-78.3447,329.7,1,1,2023-01-14,0653,Aqua,MODIS,100,61.03,270.2,34.4,N,1
-2.006,-78.3359,376.3,1,1,2023-01-14,0653,Aqua,MODIS,100,61.03,287.3,146.2,N,1
-2.0072,-78.3275,327.5,1,1,2023-01-14,0653,Aqua,MODIS,100,61.03,275.8,31.6,N,1
-6.8211,-76.1532,304,1.2,1.1,2023-01-14,0654,Aqua,MODIS,45,61.03,290.3,8.5,N,0
-7.8164,-79.2276,302.8,1,1,2023-01-14,0655,Aqua,MODIS,51,61.03,288.4,6.1,N,0
5.1189,-61.546,302.4,1.4,1.2,2023-01-14,1435,Terra,MODIS,43,61.03,274.9,6.3,D,0
5.6744,-69.3788,319.4,1.5,1.2,2023-01-14,1436,Terra,MODIS,69,61.03,297.5,16.4,D,0
3.5112,-72.491,341.4,2.4,1.5,2023-01-14,1436,Terra,MODIS,92,61.03,284.7,147.9,D,0
3.5083,-72.47,324.3,2.4,1.5,2023-01-14,1436,Terra,MODIS,81,61.03,283.6,62.1,D,0
3.4979,-72.4927,331.1,2.4,1.5,2023-01-14,1436,Terra,MODIS,86,61.03,284.4,90.8,D,0
3.4951,-72.4717,312.8,2.4,1.5,2023-01-14,1436,Terra,MODIS,42,61.03,282.8,23,D,0
3.5018,-72.4992,339.4,2.4,1.5,2023-01-14,1436,Terra,MODIS,91,61.03,284.7,133.5,D,0
3.4988,-72.4782,336.5,2.4,1.5,2023-01-14,1436,Terra,MODIS,89,61.03,283.9,115.3,D,0
-4.3151,-69.9051,307.4,1.2,1.1,2023-01-14,1438,Terra,MODIS,0,61.03,285.2,7.3,D,0
-12.662,-66.5863,317.9,1.2,1.1,2023-01-14,1440,Terra,MODIS,70,61.03,298.4,11.9,D,0
-12.7473,-66.3199,310.5,1.2,1.1,2023-01-14,1440,Terra,MODIS,39,61.03,292.6,5.7,D,0
-12.6834,-66.8581,320.5,1.1,1.1,2023-01-14,1440,Terra,MODIS,74,61.03,294.8,14.7,D,0
-12.6849,-66.8477,331.9,1.1,1.1,2023-01-14,1440,Terra,MODIS,85,61.03,295.9,30.7,D,0
-13.2254,-64.5217,315.9,1.6,1.3,2023-01-14,1440,Terra,MODIS,68,61.03,296.4,14.1,D,0
-13.819,-71.8626,318.2,1.2,1.1,2023-01-14,1441,Terra,MODIS,68,61.03,297,10.8,D,0
-17.4985,-71.3548,328.1,1,1,2023-01-14,1442,Terra,MODIS,33,61.03,309.3,9.9,D,2
-14.7385,-53.2631,338.9,1.1,1,2023-01-14,1731,Aqua,MODIS,85,61.03,296.2,36.8,D,0
-13.7305,-60.2582,315,1.8,1.3,2023-01-14,1731,Aqua,MODIS,54,61.03,294.3,17.3,D,0
-10.8783,-51.5698,315.9,1.4,1.2,2023-01-14,1732,Aqua,MODIS,37,61.03,296.6,10.3,D,0
-9.5057,-61.8887,312.7,2,1.4,2023-01-14,1733,Aqua,MODIS,54,61.03,282.9,18.9,D,0
2.9687,-60.1657,311.5,1.1,1,2023-01-14,1736,Aqua,MODIS,33,61.03,289.9,6.2,D,0
-8.9784,-78.5383,321.8,1.1,1.1,2023-01-14,1911,Aqua,MODIS,72,61.03,298.3,9.8,D,0
-7.1568,-76.4906,327.6,1.6,1.2,2023-01-14,1912,Aqua,MODIS,15,61.03,305.4,21,D,0
-6.947,-76.4686,335.6,1.6,1.3,2023-01-14,1912,Aqua,MODIS,82,61.03,297,52.5,D,0
-5.8244,-78.387,335.2,1.3,1.1,2023-01-14,1912,Aqua,MODIS,86,61.03,302.6,31.9,D,0
-5.8214,-78.5014,336.8,1.2,1.1,2023-01-14,1912,Aqua,MODIS,87,61.03,305.4,35,D,0
-5.8231,-78.5121,330.6,1.2,1.1,2023-01-14,1912,Aqua,MODIS,81,61.03,303.6,23,D,0
-5.7919,-78.5099,331,1.2,1.1,2023-01-14,1912,Aqua,MODIS,81,61.03,303.1,23.2,D,0
-5.7936,-78.5212,339.1,1.2,1.1,2023-01-14,1912,Aqua,MODIS,88,61.03,304.5,39.6,D,0
-5.4612,-78.4877,328.7,1.3,1.1,2023-01-14,1912,Aqua,MODIS,81,61.03,295.7,27.2,D,0
-4.8291,-79.1194,332.5,1.2,1.1,2023-01-14,1912,Aqua,MODIS,82,61.03,301.9,30.8,D,0
-3.6712,-80.2016,330.5,1.1,1,2023-01-14,1913,Aqua,MODIS,63,61.03,301.5,14.8,D,0
-3.6726,-80.2112,337.7,1.1,1,2023-01-14,1913,Aqua,MODIS,81,61.03,302.2,25.3,D,0
-3.5761,-80.4893,322.7,1.1,1,2023-01-14,1913,Aqua,MODIS,40,61.03,299.6,7.2,D,0
-2.4419,-80.2211,324.5,1.1,1,2023-01-14,1913,Aqua,MODIS,57,61.03,301.1,9.9,D,0
-2.1855,-79.7886,326.6,1.2,1.1,2023-01-14,1913,Aqua,MODIS,70,61.03,297.9,15.9,D,2
-2.1633,-79.7708,321.4,1.2,1.1,2023-01-14,1913,Aqua,MODIS,44,61.03,297.4,7.1,D,0
0.0846,-76.8881,314,2,1.4,2023-01-14,1914,Aqua,MODIS,41,61.03,293.8,16.6,D,2
-0.366,-80.4327,324.2,1.1,1.1,2023-01-14,1914,Aqua,MODIS,44,61.03,298.8,12.9,D,0
-0.3566,-80.4342,326.8,1.1,1.1,2023-01-14,1914,Aqua,MODIS,51,61.03,300,14.3,D,0
-0.28,-80.3734,317.5,1.1,1.1,2023-01-14,1914,Aqua,MODIS,35,61.03,297.2,9,D,0
-3.6883,-49.0893,304.5,1.2,1.1,2023-01-15,0118,Terra,MODIS,21,61.03,285.2,10.2,N,0
-3.6898,-49.1003,313.6,1.2,1.1,2023-01-15,0118,Terra,MODIS,84,61.03,282.4,18.9,N,0
-3.6876,-49.0956,316.3,1.2,1.1,2023-01-15,0118,Terra,MODIS,84,61.03,285.5,19.9,N,0
-3.6777,-49.097,319.9,1.2,1.1,2023-01-15,0118,Terra,MODIS,99,61.03,287.3,23.3,N,0
-16.114,-62.0193,305,2,1.4,2023-01-15,0253,Terra,MODIS,62,61.03,285.2,21,N,0
-17.4934,-71.355,314.1,1.3,1.1,2023-01-15,0253,Terra,MODIS,89,61.03,290.8,21.1,N,2
1.3783,-74.1957,303.4,1.1,1.1,2023-01-15,0258,Terra,MODIS,34,61.03,290.1,6.3,N,0
1.3768,-74.2058,304.6,1.1,1.1,2023-01-15,0258,Terra,MODIS,51,61.03,287.4,7.3,N,0
4.3892,-71.3344,306,1,1,2023-01-15,0259,Terra,MODIS,67,61.03,292.9,5.9,N,0
-12.3583,-50.0088,317.3,1.6,1.3,2023-01-15,1343,Terra,MODIS,53,61.03,298.1,17.3,D,0
-12.3602,-49.9939,315.3,1.6,1.3,2023-01-15,1343,Terra,MODIS,25,61.03,296.3,13.2,D,0
-12.2365,-52.6716,310.9,1.1,1.1,2023-01-15,1343,Terra,MODIS,51,61.03,290.8,7.3,D,0
-13.0864,-52.2639,313.1,1.2,1.1,2023-01-15,1343,Terra,MODIS,56,61.03,296.2,9.5,D,0
-13.151,-55.3033,316.5,1,1,2023-01-15,1343,Terra,MODIS,32,61.03,294.6,7.7,D,0
-13.5163,-53.5962,315.5,1.1,1,2023-01-15,1343,Terra,MODIS,42,61.03,297.4,7.8,D,0
-13.5003,-54.1005,315.7,1,1,2023-01-15,1343,Terra,MODIS,25,61.03,298.9,7.6,D,0
-15.05,-54.4702,312.8,1,1,2023-01-15,1344,Terra,MODIS,54,61.03,293.4,6.9,D,0
-15.3302,-54.0466,312.9,1.1,1,2023-01-15,1344,Terra,MODIS,36,61.03,289.4,8.7,D,0
-15.4449,-54.4767,314.7,1,1,2023-01-15,1344,Terra,MODIS,33,61.03,294.7,6.5,D,0
-16.9189,-50.9419,310.1,1.6,1.3,2023-01-15,1344,Terra,MODIS,22,61.03,291.8,8,D,0
-17.4515,-51.174,311.2,1.6,1.2,2023-01-15,1344,Terra,MODIS,62,61.03,292.3,12.2,D,2
-17.2979,-53.8433,314.7,1.1,1,2023-01-15,1344,Terra,MODIS,54,61.03,296.2,7.6,D,0
-18.7202,-51.8173,312.5,1.5,1.2,2023-01-15,1345,Terra,MODIS,23,61.03,291.4,9.8,D,0
5.6443,-69.7135,317.6,2.1,1.4,2023-01-15,1516,Terra,MODIS,68,61.03,300.9,19.2,D,0
5.8591,-71.1796,315.7,1.6,1.2,2023-01-15,1516,Terra,MODIS,67,61.03,296,13.9,D,0
5.4089,-70.8003,314.5,1.7,1.3,2023-01-15,1517,Terra,MODIS,42,61.03,298.1,10.7,D,0
5.4066,-70.7853,349.7,1.7,1.3,2023-01-15,1517,Terra,MODIS,95,61.03,299.2,118.7,D,0
5.4042,-70.7702,314.6,1.7,1.3,2023-01-15,1517,Terra,MODIS,39,61.03,298.2,10.5,D,0
5.3952,-70.787,333.4,1.7,1.3,2023-01-15,1517,Terra,MODIS,85,61.03,298.4,55.4,D,0
5.397,-70.7931,338.7,1.7,1.3,2023-01-15,1517,Terra,MODIS,89,61.03,298.6,72,D,0
5.3947,-70.778,322.6,1.7,1.3,2023-01-15,1517,Terra,MODIS,75,61.03,298,25.5,D,0
5.3652,-70.8133,313.8,1.7,1.3,2023-01-15,1517,Terra,MODIS,55,61.03,297.9,10.1,D,0
5.4699,-71.9255,313.3,1.4,1.2,2023-01-15,1517,Terra,MODIS,37,61.03,295.6,7,D,0
5.468,-71.9131,313.5,1.4,1.2,2023-01-15,1517,Terra,MODIS,36,61.03,295.4,7.6,D,0
5.4619,-71.9199,317.8,1.4,1.2,2023-01-15,1517,Terra,MODIS,70,61.03,296,13.5,D,0
5.0205,-70.519,315.7,1.8,1.3,2023-01-15,1517,Terra,MODIS,63,61.03,299.9,14.9,D,0
4.4505,-68.9732,313.2,2.5,1.5,2023-01-15,1517,Terra,MODIS,33,61.03,294.1,16.9,D,0
4.447,-68.9514,317.4,2.5,1.5,2023-01-15,1517,Terra,MODIS,61,61.03,293.9,30.7,D,0
4.4519,-68.9562,318.9,2.5,1.5,2023-01-15,1517,Terra,MODIS,68,61.03,294.1,39.3,D,0
4.7189,-71.8065,313.5,1.5,1.2,2023-01-15,1517,Terra,MODIS,60,61.03,297,8.7,D,0
4.5499,-71.202,321.9,1.6,1.3,2023-01-15,1517,Terra,MODIS,75,61.03,299.8,24.1,D,0
4.5477,-71.1876,324.5,1.6,1.3,2023-01-15,1517,Terra,MODIS,78,61.03,300,30.1,D,0
4.3848,-71.3269,322.5,1.6,1.3,2023-01-15,1517,Terra,MODIS,76,61.03,299.5,25.6,D,0
4.715,-74.2324,311,1.1,1,2023-01-15,1517,Terra,MODIS,46,61.03,295.5,6.2,D,2
4.1754,-71.1631,315.4,1.7,1.3,2023-01-15,1517,Terra,MODIS,65,61.03,299.3,13.4,D,0
4.0699,-70.9225,335.9,1.8,1.3,2023-01-15,1517,Terra,MODIS,88,61.03,297.9,68.1,D,0
4.0287,-71.1817,322.5,1.7,1.3,2023-01-15,1517,Terra,MODIS,77,61.03,293.6,29.6,D,0
4.0264,-71.1669,315.6,1.7,1.3,2023-01-15,1517,Terra,MODIS,67,61.03,292.9,16,D,0
3.6807,-71.6303,315,1.6,1.2,2023-01-15,1517,Terra,MODIS,66,61.03,295.9,11.8,D,0
3.7441,-72.1368,315.5,1.4,1.2,2023-01-15,1517,Terra,MODIS,67,61.03,294,10.7,D,0
3.532,-71.7007,313.3,1.6,1.2,2023-01-15,1517,Terra,MODIS,63,61.03,296.3,9.9,D,0
3.5317,-73.2686,321.8,1.2,1.1,2023-01-15,1517,Terra,MODIS,77,61.03,295.2,17.5,D,0
-19.0596,-63.4918,322.4,1,1,2023-01-15,1813,Aqua,MODIS,50,61.03,306.5,11,D,0
-19.2499,-65.2555,327.4,1,1,2023-01-15,1813,Aqua,MODIS,68,61.03,314.4,8.6,D,0
-16.8134,-66.8454,350.6,1.1,1,2023-01-15,1813,Aqua,MODIS,95,61.03,302.3,62.9,D,0
-16.3958,-67.5516,333.3,1.2,1.1,2023-01-15,1813,Aqua,MODIS,84,61.03,300,32.2,D,0
-16.3971,-67.5617,360.7,1.2,1.1,2023-01-15,1813,Aqua,MODIS,100,61.03,302.3,101.7,D,0
-13.9089,-59.6548,322.9,2,1.4,2023-01-15,1814,Aqua,MODIS,43,61.03,299.3,32.6,D,0
-10.6368,-68.6206,312.8,1.1,1.1,2023-01-15,1815,Aqua,MODIS,63,61.03,293.7,8.1,D,0
-9.7963,-65.6152,314.2,1,1,2023-01-15,1815,Aqua,MODIS,65,61.03,295,6.8,D,0
-9.0691,-65.8684,320.9,1,1,2023-01-15,1815,Aqua,MODIS,48,61.03,301,11.3,D,0
-9.2432,-68.8219,315.4,1.1,1.1,2023-01-15,1815,Aqua,MODIS,65,61.03,295.1,9.9,D,0
-2.9543,-65.1219,311.1,1.2,1.1,2023-01-15,1817,Aqua,MODIS,0,61.03,292.9,7.1,D,0
5.6874,-65.7706,320.8,1.5,1.2,2023-01-15,1819,Aqua,MODIS,75,61.03,299.1,16.9,D,0
2.9365,-72.1124,318.2,1.2,1.1,2023-01-15,1819,Aqua,MODIS,70,61.03,301.4,10.3,D,0
3.0227,-72.7805,321.3,1.4,1.2,2023-01-15,1819,Aqua,MODIS,75,61.03,299.6,16.8,D,0
4.1828,-66.4441,321.5,1.3,1.1,2023-01-15,1819,Aqua,MODIS,65,61.03,298.9,16.7,D,0
3.4095,-71.8198,326.5,1.2,1.1,2023-01-15,1819,Aqua,MODIS,78,61.03,299.2,19.8,D,0
3.4191,-71.8212,318,1.2,1.1,2023-01-15,1819,Aqua,MODIS,40,61.03,300.3,8.6,D,0
3.4176,-71.8316,317,1.2,1.1,2023-01-15,1819,Aqua,MODIS,39,61.03,299.2,7.5,D,0
3.8179,-71.4186,329.1,1.1,1.1,2023-01-15,1819,Aqua,MODIS,80,61.03,300.9,22.5,D,0
3.8164,-71.4285,315.8,1.1,1.1,2023-01-15,1819,Aqua,MODIS,47,61.03,297.4,6.4,D,0
4.3575,-67.747,315.7,1.1,1,2023-01-15,1819,Aqua,MODIS,50,61.03,297.8,7.3,D,0
3.8646,-71.1667,320.9,1.1,1,2023-01-15,1819,Aqua,MODIS,65,61.03,300.9,11.1,D,0
3.7412,-72.0005,330,1.2,1.1,2023-01-15,1819,Aqua,MODIS,71,61.03,301.1,23.2,D,0
3.7396,-72.0111,323.6,1.2,1.1,2023-01-15,1819,Aqua,MODIS,42,61.03,298.5,14.2,D,0
3.7493,-72.0125,321.5,1.2,1.1,2023-01-15,1819,Aqua,MODIS,58,61.03,296.1,11.6,D,0
3.7401,-72.1418,320.5,1.2,1.1,2023-01-15,1819,Aqua,MODIS,57,61.03,301.5,10.9,D,0
4.0283,-70.8106,322.1,1,1,2023-01-15,1819,Aqua,MODIS,69,61.03,299.7,12.7,D,0
3.7499,-72.8402,314.9,1.3,1.1,2023-01-15,1819,Aqua,MODIS,42,61.03,296.3,10.4,D,0
4.001,-71.2979,324.9,1.1,1,2023-01-15,1819,Aqua,MODIS,75,61.03,298.4,15.9,D,0
3.9996,-71.3076,323.8,1.1,1,2023-01-15,1819,Aqua,MODIS,74,61.03,298.7,14.4,D,0
4.1551,-70.5052,314.8,1,1,2023-01-15,1819,Aqua,MODIS,40,61.03,298.1,4.8,D,0
3.9883,-71.7738,316.4,1.1,1.1,2023-01-15,1819,Aqua,MODIS,59,61.03,297.8,6.2,D,0
4.1844,-70.6218,318.2,1,1,2023-01-15,1819,Aqua,MODIS,49,61.03,296.4,8.9,D,0
4.0606,-71.4768,317.9,1.1,1.1,2023-01-15,1819,Aqua,MODIS,62,61.03,299.6,7.7,D,0
4.194,-70.6203,327.5,1,1,2023-01-15,1819,Aqua,MODIS,78,61.03,298.5,17.5,D,0
4.1926,-70.6295,323.4,1,1,2023-01-15,1819,Aqua,MODIS,73,61.03,296.8,12.8,D,0
4.2366,-70.6454,352.7,1,1,2023-01-15,1819,Aqua,MODIS,96,61.03,298.9,60.7,D,0
4.4436,-69.5973,313.6,1,1,2023-01-15,1819,Aqua,MODIS,12,61.03,296.4,4.7,D,0
4.6142,-69.0551,317.8,1,1,2023-01-15,1819,Aqua,MODIS,47,61.03,296.2,8.3,D,0
4.6129,-69.0641,319.7,1,1,2023-01-15,1819,Aqua,MODIS,56,61.03,299,10.2,D,0
4.5153,-69.8688,321.7,1,1,2023-01-15,1819,Aqua,MODIS,69,61.03,303.8,8.6,D,0
4.3859,-70.8211,324.6,1,1,2023-01-15,1819,Aqua,MODIS,74,61.03,291.4,16.2,D,0
4.8724,-67.8079,321.8,1.1,1,2023-01-15,1819,Aqua,MODIS,72,61.03,301,13,D,0
4.6684,-69.2513,320,1,1,2023-01-15,1819,Aqua,MODIS,50,61.03,300.5,8.8,D,0
4.3839,-71.3292,321.4,1.1,1,2023-01-15,1819,Aqua,MODIS,61,61.03,298.2,12.5,D,0
4.3932,-71.3306,317.2,1.1,1,2023-01-15,1819,Aqua,MODIS,22,61.03,297.7,8.1,D,0
4.7828,-68.7068,320.4,1,1,2023-01-15,1819,Aqua,MODIS,23,61.03,303.2,8.9,D,0
4.2737,-72.2689,317.5,1.2,1.1,2023-01-15,1819,Aqua,MODIS,51,61.03,298.2,9.9,D,0
4.3881,-72.6014,316,1.3,1.1,2023-01-15,1819,Aqua,MODIS,62,61.03,287.6,11.7,D,0
4.609,-71.5043,323.1,1.1,1,2023-01-15,1819,Aqua,MODIS,29,61.03,298.5,12.8,D,0
4.6076,-71.5141,335.6,1.1,1,2023-01-15,1819,Aqua,MODIS,86,61.03,298.7,31.4,D,0
4.6061,-71.5239,320.1,1.1,1,2023-01-15,1819,Aqua,MODIS,38,61.03,299,9.8,D,0
4.6147,-71.5118,333.7,1.1,1,2023-01-15,1819,Aqua,MODIS,84,61.03,300.9,28.1,D,0
5.4204,-65.9831,358,1.4,1.2,2023-01-15,1819,Aqua,MODIS,81,61.03,300,118.2,D,0
4.8545,-70.0705,332.9,1,1,2023-01-15,1819,Aqua,MODIS,83,61.03,302.3,22.4,D,0
4.8532,-70.0794,329.9,1,1,2023-01-15,1819,Aqua,MODIS,80,61.03,301.7,18.3,D,0
5.4696,-65.8603,319.6,1.4,1.2,2023-01-15,1819,Aqua,MODIS,73,61.03,300,14.3,D,0
5.4678,-65.8731,317.9,1.4,1.2,2023-01-15,1819,Aqua,MODIS,69,61.03,299.3,11.1,D,0
4.7091,-71.8158,318.9,1.1,1.1,2023-01-15,1819,Aqua,MODIS,67,61.03,299.3,10.5,D,0
4.8555,-70.8827,332.1,1,1,2023-01-15,1819,Aqua,MODIS,82,61.03,298.9,25.4,D,0
4.8292,-71.4365,319.2,1.1,1,2023-01-15,1819,Aqua,MODIS,66,61.03,301,8.9,D,0
5.6855,-65.7837,319.1,1.5,1.2,2023-01-15,1819,Aqua,MODIS,72,61.03,299.5,13.3,D,0
5.5537,-67.5035,320.3,1.1,1.1,2023-01-15,1819,Aqua,MODIS,55,61.03,300.1,11.2,D,0
5.5522,-67.5137,324.7,1.1,1.1,2023-01-15,1819,Aqua,MODIS,71,61.03,302.1,16.9,D,0
4.9284,-71.8776,319.2,1.1,1.1,2023-01-15,1819,Aqua,MODIS,70,61.03,297.1,11.1,D,0
4.9881,-72.6995,310.2,1.3,1.1,2023-01-15,1819,Aqua,MODIS,29,61.03,282.7,6.6,D,2
5.3833,-70.7998,317.3,1,1,2023-01-15,1819,Aqua,MODIS,17,61.03,298.2,6,D,0
5.3937,-70.792,321.5,1,1,2023-01-15,1819,Aqua,MODIS,59,61.03,297.2,10.1,D,0
5.3924,-70.8012,350.2,1,1,2023-01-15,1819,Aqua,MODIS,95,61.03,300.7,55.8,D,0
5.391,-70.8103,327.3,1,1,2023-01-15,1819,Aqua,MODIS,61,61.03,300.9,16.5,D,0
5.635,-69.7058,322,1,1,2023-01-15,1819,Aqua,MODIS,64,61.03,301.4,7.5,D,0
5.6439,-69.7071,334.6,1,1,2023-01-15,1819,Aqua,MODIS,84,61.03,305.4,22.6,D,0
5.6426,-69.716,328.7,1,1,2023-01-15,1819,Aqua,MODIS,76,61.03,306,15.2,D,0
5.3998,-71.6375,325.9,1.1,1,2023-01-15,1819,Aqua,MODIS,77,61.03,299.7,17.7,D,0
5.4473,-71.8722,324.6,1.1,1.1,2023-01-15,1819,Aqua,MODIS,77,61.03,301.6,16,D,0
5.6741,-70.768,325.1,1,1,2023-01-15,1819,Aqua,MODIS,67,61.03,302.2,13.7,D,0
5.6728,-70.7772,321.4,1,1,2023-01-15,1819,Aqua,MODIS,30,61.03,300.9,9.3,D,0
5.6715,-70.7863,327.1,1,1,2023-01-15,1819,Aqua,MODIS,77,61.03,303,15.3,D,0
5.8941,-70.2626,337.6,1,1,2023-01-15,1819,Aqua,MODIS,87,61.03,300.1,30.5,D,0
5.8928,-70.2716,329.6,1,1,2023-01-15,1819,Aqua,MODIS,80,61.03,299.7,19.3,D,0
5.9048,-70.2616,322.7,1,1,2023-01-15,1819,Aqua,MODIS,66,61.03,298.2,11,D,0
-20.3682,-55.5466,303.6,1.2,1.1,2023-01-16,0155,Terra,MODIS,56,61.03,289.9,5.7,N,0
4.2525,-71.4225,306.5,1.1,1,2023-01-16,0638,Aqua,MODIS,68,61.03,277.2,9.4,N,0
4.2511,-71.413,314,1.1,1,2023-01-16,0638,Aqua,MODIS,88,61.03,279.2,15.5,N,0
2.8021,-72.5152,311.3,1,1,2023-01-16,0638,Aqua,MODIS,82,61.03,285.8,11.3,N,0
-13.7839,-76.1638,301.6,1,1,2023-01-16,0643,Aqua,MODIS,43,61.03,289,6,N,0
5.7857,-67.9089,320.4,2.3,1.5,2023-01-16,1420,Terra,MODIS,74,61.03,296.9,27.6,D,0
5.783,-67.8883,319.1,2.3,1.5,2023-01-16,1420,Terra,MODIS,73,61.03,297.3,22.2,D,0
5.7727,-67.8967,319.7,2.3,1.5,2023-01-16,1420,Terra,MODIS,44,61.03,296.8,21.8,D,0
4.3635,-60.2827,314.7,1,1,2023-01-16,1420,Terra,MODIS,54,61.03,296.9,6.7,D,0
5.6427,-69.7106,309.8,3.2,1.7,2023-01-16,1420,Terra,MODIS,41,61.03,289,23,D,0
3.8666,-59.914,314.7,1.1,1,2023-01-16,1420,Terra,MODIS,46,61.03,295,5.3,D,0
3.9523,-60.809,317.7,1,1,2023-01-16,1420,Terra,MODIS,67,61.03,299.1,6.5,D,0
3.0909,-64.6444,321.6,1.2,1.1,2023-01-16,1420,Terra,MODIS,77,61.03,297.7,16.5,D,0
-11.7243,-58.2855,303.2,2.3,1.5,2023-01-16,1424,Terra,MODIS,37,61.03,277,16.7,D,0
-13.9711,-55.435,304.2,4.2,1.9,2023-01-16,1424,Terra,MODIS,36,61.03,281,25.1,D,0
-16.9946,-65.2408,314.1,1,1,2023-01-16,1426,Terra,MODIS,68,61.03,298.8,7.1,D,0
-17.2029,-64.5349,314,1.1,1,2023-01-16,1426,Terra,MODIS,48,61.03,299.6,6.2,D,2
-18.3545,-62.8161,328,1.3,1.1,2023-01-16,1426,Terra,MODIS,82,61.03,303.1,25.3,D,0
-18.356,-62.8035,344.9,1.3,1.2,2023-01-16,1426,Terra,MODIS,93,61.03,302.4,65.5,D,0
-3.5998,-80.5384,324.7,2.7,1.6,2023-01-16,1600,Terra,MODIS,0,61.03,292.8,52.6,D,0
-7.7118,-79.28,318.7,4,1.9,2023-01-16,1601,Terra,MODIS,41,61.03,292.9,53.1,D,0
-20.8964,-55.5237,313.6,1.8,1.3,2023-01-16,1716,Aqua,MODIS,29,61.03,293.5,14.4,D,0
-16.8949,-53.3147,316.4,1.1,1.1,2023-01-16,1717,Aqua,MODIS,71,61.03,291.2,10.5,D,0
-13.3258,-57.3758,311.9,1.9,1.3,2023-01-16,1718,Aqua,MODIS,56,61.03,293.5,15.7,D,0
-14.9726,-57.8353,315.3,2.2,1.4,2023-01-16,1718,Aqua,MODIS,51,61.03,292.8,25.1,D,0
-14.2675,-55.8946,312.6,1.5,1.2,2023-01-16,1718,Aqua,MODIS,35,61.03,290.1,13.1,D,0
-13.8473,-56.0958,311.5,1.6,1.2,2023-01-16,1718,Aqua,MODIS,19,61.03,291.7,11.6,D,0
-13.7595,-57.2476,311.6,1.9,1.3,2023-01-16,1718,Aqua,MODIS,17,61.03,290.6,13.9,D,0
-13.6766,-56.4653,314.2,1.6,1.3,2023-01-16,1718,Aqua,MODIS,31,61.03,292.6,15,D,0
-13.581,-56.3426,316.3,1.6,1.2,2023-01-16,1718,Aqua,MODIS,52,61.03,298,18.7,D,0
-13.4268,-56.126,315.9,1.5,1.2,2023-01-16,1718,Aqua,MODIS,68,61.03,295.9,15.8,D,0
-13.2062,-55.1453,315.6,1.3,1.1,2023-01-16,1718,Aqua,MODIS,44,61.03,294.7,11.7,D,0
-13.4409,-56.9409,310.8,1.8,1.3,2023-01-16,1718,Aqua,MODIS,28,61.03,290.6,12.1,D,0
-13.3401,-56.5124,315.6,1.6,1.3,2023-01-16,1718,Aqua,MODIS,63,61.03,293.6,19.6,D,0
-13.3902,-56.9146,311.7,1.8,1.3,2023-01-16,1718,Aqua,MODIS,46,61.03,292.3,13.4,D,0
-13.3073,-56.6154,314.4,1.7,1.3,2023-01-16,1718,Aqua,MODIS,36,61.03,291,14.6,D,0
-13.4533,-57.8688,310.2,2.1,1.4,2023-01-16,1718,Aqua,MODIS,24,61.03,287.4,17.4,D,0
-12.3579,-50.0229,313.9,1.1,1,2023-01-16,1718,Aqua,MODIS,24,61.03,290,7.2,D,0
-13.4063,-58.0113,314.7,2.1,1.4,2023-01-16,1718,Aqua,MODIS,33,61.03,293,23.1,D,0
-12.9749,-58.5327,311.1,2.3,1.5,2023-01-16,1718,Aqua,MODIS,39,61.03,292.3,28.4,D,0
-12.4667,-55.333,306.8,1.3,1.1,2023-01-16,1718,Aqua,MODIS,40,61.03,281.3,7.3,D,0
-12.7737,-57.7347,313.6,2,1.4,2023-01-16,1718,Aqua,MODIS,39,61.03,293.5,21.3,D,0
-12.6776,-57.6996,317.2,2,1.4,2023-01-16,1718,Aqua,MODIS,75,61.03,297.6,27.2,D,0
-12.4573,-58.5511,309.4,2.3,1.5,2023-01-16,1719,Aqua,MODIS,63,61.03,290.3,19.4,D,0
-2.1461,-54.4272,345.2,1,1,2023-01-16,1721,Aqua,MODIS,93,61.03,302.8,41.5,D,0
-1.5304,-54.8139,318.5,1,1,2023-01-16,1721,Aqua,MODIS,72,61.03,297.6,8.9,D,0
-3.1874,-59.5756,313.3,1.9,1.4,2023-01-16,1721,Aqua,MODIS,0,61.03,294.7,18.4,D,0
-2.1436,-54.4094,322.9,1,1,2023-01-16,1721,Aqua,MODIS,56,61.03,299.8,10.3,D,0
-3.8318,-54.8186,326.5,1,1,2023-01-16,1721,Aqua,MODIS,82,61.03,295.3,19.8,D,0
-2.1449,-54.4183,376.9,1,1,2023-01-16,1721,Aqua,MODIS,100,61.03,304.3,130.7,D,0
0.7818,-59.531,325.7,1.7,1.3,2023-01-16,1722,Aqua,MODIS,83,61.03,293.5,41.5,D,0
2.7399,-59.8053,312.8,1.6,1.3,2023-01-16,1723,Aqua,MODIS,53,61.03,292.5,11.9,D,0
3.2155,-59.8484,317.3,1.6,1.2,2023-01-16,1723,Aqua,MODIS,48,61.03,297.5,11,D,0
3.2133,-59.8626,318.7,1.6,1.2,2023-01-16,1723,Aqua,MODIS,63,61.03,298.1,14.7,D,0
3.4089,-59.8606,330.2,1.6,1.2,2023-01-16,1723,Aqua,MODIS,84,61.03,297.4,41.2,D,0
3.4068,-59.8747,323.9,1.6,1.2,2023-01-16,1723,Aqua,MODIS,79,61.03,296.4,26.1,D,0
3.5269,-60.2953,317.1,1.7,1.3,2023-01-16,1723,Aqua,MODIS,36,61.03,297.7,12.5,D,0
3.6558,-60.5002,316,1.8,1.3,2023-01-16,1723,Aqua,MODIS,24,61.03,296.3,17.7,D,0
3.8385,-59.5985,329.5,1.5,1.2,2023-01-16,1723,Aqua,MODIS,84,61.03,297.7,32.3,D,0
3.8365,-59.6118,320,1.5,1.2,2023-01-16,1723,Aqua,MODIS,64,61.03,297.8,12.9,D,0
4.0779,-60.8242,317.9,1.8,1.3,2023-01-16,1723,Aqua,MODIS,50,61.03,298.5,16.1,D,0
2.742,-59.7913,312.4,1.6,1.3,2023-01-16,1723,Aqua,MODIS,36,61.03,291.1,11.8,D,0
2.7398,-59.7986,317,1.6,1.3,2023-01-16,1723,Aqua,MODIS,62,61.03,292.7,18.9,D,0
-17.5057,-66.4056,326.4,3.3,1.7,2023-01-16,1855,Aqua,MODIS,71,61.03,308.5,60.7,D,0
-15.4848,-74.6217,335.1,1,1,2023-01-16,1856,Aqua,MODIS,61,61.03,306.7,16,D,0
-11.4372,-77.2871,355.6,1,1,2023-01-16,1857,Aqua,MODIS,97,61.03,305.7,55.7,D,0
-13.5082,-72.6618,333.7,1.4,1.2,2023-01-16,1857,Aqua,MODIS,84,61.03,304,33.3,D,0
-6.8896,-76.5946,320.7,1,1,2023-01-16,1859,Aqua,MODIS,69,61.03,300.1,7.9,D,0
-4.8122,-80.3342,324.4,1.1,1.1,2023-01-16,1859,Aqua,MODIS,51,61.03,303.2,6.6,D,0
-4.8495,-80.81,336.6,1.2,1.1,2023-01-16,1859,Aqua,MODIS,85,61.03,299.6,38.1,D,0
-4.8462,-80.805,329.5,1.2,1.1,2023-01-16,1859,Aqua,MODIS,64,61.03,299.5,24.9,D,0
-4.8477,-80.8156,325.1,1.2,1.1,2023-01-16,1859,Aqua,MODIS,41,61.03,299.9,18.5,D,0
-4.6415,-80.1579,323.1,1.1,1,2023-01-16,1859,Aqua,MODIS,25,61.03,301,10.2,D,0
-4.6429,-80.168,335.3,1.1,1,2023-01-16,1859,Aqua,MODIS,75,61.03,302.6,25.8,D,0
-6.891,-76.604,321.3,1,1,2023-01-16,1859,Aqua,MODIS,75,61.03,299.1,9.2,D,0
-0.84,-80.4756,319.6,1.1,1,2023-01-16,1900,Aqua,MODIS,44,61.03,293.2,9.9,D,0
-0.4078,-80.4204,321.7,1,1,2023-01-16,1901,Aqua,MODIS,28,61.03,301.2,8.4,D,0
-0.3658,-80.4415,325.5,1,1,2023-01-16,1901,Aqua,MODIS,54,61.03,301.1,13.7,D,0
0.8275,-79.579,318.3,1,1,2023-01-16,1901,Aqua,MODIS,50,61.03,298.5,7.8,D,0
4.5686,-72.4685,317.2,2.9,1.6,2023-01-16,1902,Aqua,MODIS,43,61.03,295,42.7,D,0
4.5036,-72.157,310.3,3,1.7,2023-01-16,1902,Aqua,MODIS,22,61.03,281.1,33,D,0
-19.5725,-63.6662,305.4,1,1,2023-01-17,0236,Terra,MODIS,64,61.03,293.3,5.2,N,0
-20.9543,-62.7666,329.4,1,1,2023-01-17,0236,Terra,MODIS,100,61.03,296.3,25.5,N,0
-19.0246,-62.4099,304.1,1,1,2023-01-17,0236,Terra,MODIS,59,61.03,292.6,4.7,N,0
-20.9557,-62.7761,306.6,1,1,2023-01-17,0236,Terra,MODIS,69,61.03,295.7,4.2,N,0
-18.3549,-62.806,310.6,1,1,2023-01-17,0237,Terra,MODIS,80,61.03,283,10.5,N,0
-18.3563,-62.8156,302.3,1,1,2023-01-17,0237,Terra,MODIS,48,61.03,282.8,5.1,N,0
-18.481,-62.7242,305.7,1,1,2023-01-17,0237,Terra,MODIS,65,61.03,285.5,6.4,N,0
2.6829,-61.1148,303.5,2.6,1.5,2023-01-17,0242,Terra,MODIS,44,61.03,288.5,19.6,N,0
5.7296,-68.6391,303.6,1,1,2023-01-17,0243,Terra,MODIS,40,61.03,290.6,3.4,N,0
5.7826,-67.932,312.8,1,1,2023-01-17,0243,Terra,MODIS,73,61.03,290.9,12.2,N,0
2.6835,-61.1028,301.4,1.1,1,2023-01-17,0542,Aqua,MODIS,31,61.03,289.6,4.7,N,0
-7.7264,-55.2004,303.8,2.2,1.4,2023-01-17,0545,Aqua,MODIS,57,61.03,279.1,21.3,N,0
-7.729,-55.1808,302.6,2.2,1.4,2023-01-17,0545,Aqua,MODIS,50,61.03,279.3,18.8,N,0
-18.4242,-62.2775,310.7,1.1,1,2023-01-17,0548,Aqua,MODIS,13,61.03,276,11.6,N,0
-18.4705,-62.7219,316.7,1,1,2023-01-17,0548,Aqua,MODIS,94,61.03,291.9,14.9,N,0
-18.4292,-62.2942,301.2,1.1,1,2023-01-17,0548,Aqua,MODIS,24,61.03,271.3,6.1,N,0
-18.4305,-62.2842,308.6,1.1,1,2023-01-17,0548,Aqua,MODIS,75,61.03,271.3,11.7,N,0
-18.4319,-62.2741,307.2,1.1,1,2023-01-17,0548,Aqua,MODIS,66,61.03,277.2,10.2,N,0
-20.9556,-62.7564,310.6,1.1,1,2023-01-17,0549,Aqua,MODIS,80,61.03,294.1,9.5,N,0
-20.9542,-62.7667,315,1.1,1,2023-01-17,0549,Aqua,MODIS,90,61.03,294.1,13.4,N,0
-2.815,-49.1927,325.6,1,1,2023-01-17,1324,Terra,MODIS,80,61.03,295,16.3,D,0
-2.8049,-49.2003,341.6,1,1,2023-01-17,1324,Terra,MODIS,91,61.03,298.2,39.5,D,0
-2.8062,-49.1914,317.8,1,1,2023-01-17,1324,Terra,MODIS,64,61.03,295.7,8.6,D,0
-2.8137,-49.2015,341.8,1,1,2023-01-17,1324,Terra,MODIS,91,61.03,296.8,39.6,D,0
5.5196,-62.5758,310.7,3.7,1.8,2023-01-17,1500,Terra,MODIS,44,61.03,290.1,39.8,D,0
5.5287,-62.5693,310.2,3.7,1.8,2023-01-17,1500,Terra,MODIS,51,61.03,290.2,42.1,D,0
4.0259,-71.1816,321.3,1,1,2023-01-17,1501,Terra,MODIS,78,61.03,294.8,12.7,D,0
4.0508,-71.6595,317.6,1,1,2023-01-17,1501,Terra,MODIS,72,61.03,287.7,11.7,D,0
4.0495,-71.6506,313.9,1,1,2023-01-17,1501,Terra,MODIS,67,61.03,288.3,8.7,D,0
4.8878,-70.8303,339.4,1,1,2023-01-17,1501,Terra,MODIS,90,61.03,301.2,34.9,D,0
5.7185,-68.631,311,1.3,1.1,2023-01-17,1501,Terra,MODIS,46,61.03,285.4,8,D,0
5.7178,-68.637,309.7,1.3,1.1,2023-01-17,1501,Terra,MODIS,18,61.03,285.3,7.3,D,0
5.1761,-70.2848,309.8,1.1,1,2023-01-17,1501,Terra,MODIS,39,61.03,284.6,7,D,0
5.21,-71.014,316.4,1,1,2023-01-17,1501,Terra,MODIS,68,61.03,294.8,8.2,D,0
5.0635,-70.8942,319.6,1,1,2023-01-17,1501,Terra,MODIS,74,61.03,296.4,10.8,D,0
5.0622,-70.8852,315.4,1,1,2023-01-17,1501,Terra,MODIS,68,61.03,296.8,6.6,D,0
4.8864,-70.8213,319.6,1,1,2023-01-17,1501,Terra,MODIS,70,61.03,301.2,8.2,D,0
4.8801,-70.8407,360.6,1,1,2023-01-17,1501,Terra,MODIS,100,61.03,300.9,81.8,D,0
4.8788,-70.8316,347.9,1,1,2023-01-17,1501,Terra,MODIS,94,61.03,301.1,50.2,D,0
4.262,-71.4089,364.3,1,1,2023-01-17,1501,Terra,MODIS,100,61.03,295.8,90.8,D,0
4.2607,-71.4,352.1,1,1,2023-01-17,1501,Terra,MODIS,96,61.03,295.1,59.6,D,0
4.2594,-71.3911,319.3,1,1,2023-01-17,1501,Terra,MODIS,44,61.03,292.8,9.4,D,0
4.2531,-71.4102,319.3,1,1,2023-01-17,1501,Terra,MODIS,68,61.03,293.9,9.5,D,0
4.2518,-71.4013,321.7,1,1,2023-01-17,1501,Terra,MODIS,78,61.03,294,12,D,0
4.0602,-71.0972,325.3,1,1,2023-01-17,1501,Terra,MODIS,81,61.03,297.6,16.1,D,0
-6.892,-79.4289,325.8,1.8,1.3,2023-01-17,1504,Terra,MODIS,67,61.03,300.8,14.3,D,0
-7.8309,-79.1761,322.1,1.6,1.3,2023-01-17,1505,Terra,MODIS,32,61.03,299.3,14.7,D,0
-9.2969,-75.9963,318.7,1,1,2023-01-17,1505,Terra,MODIS,46,61.03,297.8,9.7,D,2
-10.9283,-74.8758,316.9,1,1,2023-01-17,1505,Terra,MODIS,18,61.03,299.4,7.4,D,2
-11.2573,-74.638,315.7,1,1,2023-01-17,1505,Terra,MODIS,55,61.03,298.1,7,D,2
-13.6765,-76.1935,318.8,1,1,2023-01-17,1506,Terra,MODIS,46,61.03,296.3,7.3,D,2
-15.5884,-72.8815,320.7,1.3,1.1,2023-01-17,1506,Terra,MODIS,66,61.03,294.2,22.8,D,0
-19.1035,-62.4317,325.2,1,1,2023-01-17,1759,Aqua,MODIS,64,61.03,301.4,10.8,D,0
-12.2765,-54.7998,313.1,2.8,1.6,2023-01-17,1801,Aqua,MODIS,42,61.03,287.3,31.8,D,0
-12.0417,-57.4453,311.3,1.8,1.3,2023-01-17,1801,Aqua,MODIS,37,61.03,284.8,14.7,D,0
-12.0442,-57.4612,314.2,1.8,1.3,2023-01-17,1801,Aqua,MODIS,58,61.03,286.8,20.4,D,0
-12.8159,-66.9175,313.8,1.5,1.2,2023-01-17,1801,Aqua,MODIS,67,61.03,292.2,12.8,D,0
-12.6469,-66.8534,314.6,1.5,1.2,2023-01-17,1801,Aqua,MODIS,68,61.03,290.2,13.1,D,0
-12.6762,-67.892,312.1,1.8,1.3,2023-01-17,1801,Aqua,MODIS,66,61.03,292.6,13.4,D,0
-12.4758,-66.8605,315.2,1.5,1.2,2023-01-17,1801,Aqua,MODIS,70,61.03,291.8,13.6,D,0
-8.0436,-72.5151,325.9,3.5,1.8,2023-01-17,1803,Aqua,MODIS,83,61.03,287.6,133.9,D,0
-8.0461,-72.4876,307.7,3.5,1.8,2023-01-17,1803,Aqua,MODIS,48,61.03,289,35.4,D,0
-8.0502,-72.5189,317.5,3.5,1.8,2023-01-17,1803,Aqua,MODIS,75,61.03,286.1,82,D,0
-3.4643,-65.067,313.6,1,1,2023-01-17,1804,Aqua,MODIS,67,61.03,296.1,6.1,D,0
3.2167,-60.0717,318.7,2,1.4,2023-01-17,1805,Aqua,MODIS,31,61.03,293.3,28.6,D,0
3.8333,-59.5927,322.1,2.3,1.5,2023-01-17,1805,Aqua,MODIS,59,61.03,283.2,46.8,D,0
3.9617,-59.5125,311.1,2.3,1.5,2023-01-17,1805,Aqua,MODIS,48,61.03,283.1,24.2,D,0
3.9621,-59.5,310.6,2.3,1.5,2023-01-17,1805,Aqua,MODIS,52,61.03,282.9,22.9,D,0
3.6682,-72.761,315.7,2.3,1.5,2023-01-17,1806,Aqua,MODIS,47,61.03,290.6,24.5,D,0
4.5436,-60.6622,315.8,1.9,1.4,2023-01-17,1806,Aqua,MODIS,65,61.03,283.9,26.4,D,0
4.5368,-60.6686,311.7,1.9,1.4,2023-01-17,1806,Aqua,MODIS,51,61.03,283,19.2,D,0
4.706,-65.3695,313.9,1,1,2023-01-17,1806,Aqua,MODIS,53,61.03,279,10.9,D,0
4.7048,-65.3786,327.3,1,1,2023-01-17,1806,Aqua,MODIS,84,61.03,282.8,24.9,D,0
3.6814,-72.763,320.3,2.3,1.5,2023-01-17,1806,Aqua,MODIS,72,61.03,291.8,40,D,0
3.6782,-72.7693,320.9,2.3,1.5,2023-01-17,1806,Aqua,MODIS,62,61.03,289.9,39.7,D,0
4.8815,-70.823,324.8,1.6,1.2,2023-01-17,1806,Aqua,MODIS,82,61.03,297.1,32.9,D,0
4.8794,-70.8371,322.6,1.6,1.2,2023-01-17,1806,Aqua,MODIS,80,61.03,296.6,28.4,D,0
-7.6047,-72.9601,310.9,1.3,1.1,2023-01-18,0321,Terra,MODIS,81,61.03,286.6,15.9,N,0
5.1881,-61.501,328.8,1.5,1.2,2023-01-18,1404,Terra,MODIS,84,61.03,298.3,35.5,D,0
5.1841,-61.5079,322.7,1.5,1.2,2023-01-18,1404,Terra,MODIS,79,61.03,296.8,25.2,D,0
5.1824,-61.4956,321.1,1.5,1.2,2023-01-18,1404,Terra,MODIS,77,61.03,298.7,21.6,D,0
2.6691,-59.7923,323,1.1,1,2023-01-18,1404,Terra,MODIS,78,61.03,294.1,14.8,D,0
-11.1538,-52.8111,313.2,3,1.6,2023-01-18,1408,Terra,MODIS,56,61.03,295.7,33.9,D,0
-11.5323,-52.4268,312.8,3.2,1.7,2023-01-18,1408,Terra,MODIS,25,61.03,296.6,37,D,0
-11.2958,-54.7209,311,2.1,1.4,2023-01-18,1408,Terra,MODIS,66,61.03,292.4,19.4,D,0
-11.6558,-52.7899,310,3,1.7,2023-01-18,1408,Terra,MODIS,0,61.03,294.4,25.7,D,0
-11.6499,-54.0823,314,2.4,1.5,2023-01-18,1408,Terra,MODIS,71,61.03,296.3,31,D,0
-11.7206,-54.6672,313.6,2.2,1.4,2023-01-18,1408,Terra,MODIS,42,61.03,296.6,22.7,D,0
-11.8254,-54.0279,311.5,2.4,1.5,2023-01-18,1408,Terra,MODIS,41,61.03,295,20.9,D,2
-11.9071,-55.1408,308,2,1.4,2023-01-18,1408,Terra,MODIS,33,61.03,288.5,12.8,D,0
-11.9928,-54.6796,320.6,2.2,1.4,2023-01-18,1408,Terra,MODIS,75,61.03,299.2,43.7,D,0
-12.0275,-54.8279,311,2.1,1.4,2023-01-18,1408,Terra,MODIS,40,61.03,291.3,18.6,D,0
-13.138,-55.3248,309.3,2,1.4,2023-01-18,1408,Terra,MODIS,43,61.03,287.8,16.5,D,0
-13.3804,-54.8399,310.8,2.2,1.4,2023-01-18,1408,Terra,MODIS,63,61.03,292.3,21.8,D,0
-14.9362,-57.3941,312.3,1.5,1.2,2023-01-18,1409,Terra,MODIS,62,61.03,283.6,12.4,D,0
-14.938,-57.3803,312.5,1.5,1.2,2023-01-18,1409,Terra,MODIS,53,61.03,285.3,12.7,D,0
-19.0716,-62.4386,335.6,1,1,2023-01-18,1410,Terra,MODIS,88,61.03,285.1,29.7,D,0
-20.9797,-61.0955,337.3,1.1,1,2023-01-18,1411,Terra,MODIS,88,61.03,294.9,34.4,D,0
-20.989,-61.0969,326.8,1.1,1,2023-01-18,1411,Terra,MODIS,79,61.03,294.4,17.4,D,0
-20.9594,-62.7619,324.6,1,1,2023-01-18,1411,Terra,MODIS,75,61.03,304.6,12.4,D,0
3.7625,-72.8211,315.7,4.1,1.9,2023-01-18,1542,Terra,MODIS,49,61.03,288.1,76.4,D,0
-1.1232,-80.881,311.3,1.2,1.1,2023-01-18,1544,Terra,MODIS,0,61.03,296,6.3,D,0
-2.4299,-79.3319,313,1.6,1.2,2023-01-18,1544,Terra,MODIS,59,61.03,293.8,11.1,D,2
-3.3257,-79.8041,313.6,1.5,1.2,2023-01-18,1544,Terra,MODIS,31,61.03,294.6,10.3,D,2
-3.4539,-79.9663,317,1.5,1.2,2023-01-18,1544,Terra,MODIS,32,61.03,297.5,10.8,D,2
-3.6016,-80.514,329.4,1.3,1.1,2023-01-18,1544,Terra,MODIS,83,61.03,298.7,23.6,D,0
-3.5992,-80.5201,337,1.3,1.1,2023-01-18,1544,Terra,MODIS,88,61.03,299.4,39.3,D,0
-3.6094,-80.5215,322.7,1.3,1.1,2023-01-18,1544,Terra,MODIS,62,61.03,298.7,10.6,D,0
-3.6552,-80.4183,331.6,1.4,1.2,2023-01-18,1544,Terra,MODIS,80,61.03,300.8,27.7,D,2
-3.6569,-80.4063,326.5,1.4,1.2,2023-01-18,1544,Terra,MODIS,55,61.03,300.1,16.3,D,0
-4.0345,-80.3369,314.5,1.4,1.2,2023-01-18,1545,Terra,MODIS,59,61.03,295.5,11.6,D,0
-6.3851,-79.7759,327,1.7,1.3,2023-01-18,1545,Terra,MODIS,73,61.03,303.4,19.9,D,0
-6.387,-79.7611,328.1,1.7,1.3,2023-01-18,1545,Terra,MODIS,75,61.03,302.9,23.1,D,0
-20.5595,-53.6053,321.5,2.2,1.4,2023-01-18,1703,Aqua,MODIS,75,61.03,303,29.6,D,0
-20.5652,-53.7801,320.5,2.3,1.5,2023-01-18,1703,Aqua,MODIS,41,61.03,301.4,29.8,D,0
-20.5543,-53.8035,321.4,2.3,1.5,2023-01-18,1703,Aqua,MODIS,51,61.03,301.8,34.7,D,0
-20.382,-54.0174,317.1,2.4,1.5,2023-01-18,1703,Aqua,MODIS,56,61.03,299.4,26,D,0
-20.3844,-54.0401,317.5,2.4,1.5,2023-01-18,1703,Aqua,MODIS,67,61.03,299.3,28.5,D,0
-15.1117,-53.7147,315.1,1.9,1.3,2023-01-18,1704,Aqua,MODIS,48,61.03,296.6,25.8,D,0
-14.9701,-57.8373,312.8,3.9,1.8,2023-01-18,1705,Aqua,MODIS,40,61.03,292,40.1,D,0
-13.2044,-52.7238,313.4,1.5,1.2,2023-01-18,1705,Aqua,MODIS,30,61.03,298,13.2,D,0
-13.3873,-54.8348,316.7,2.2,1.4,2023-01-18,1705,Aqua,MODIS,57,61.03,299,32.6,D,0
-13.3922,-54.8752,313.5,2.2,1.4,2023-01-18,1705,Aqua,MODIS,45,61.03,295.8,26.5,D,0
-12.9798,-54.2784,315.8,2,1.4,2023-01-18,1705,Aqua,MODIS,71,61.03,301.4,20.3,D,0
-12.534,-51.7918,317.2,1.3,1.1,2023-01-18,1705,Aqua,MODIS,43,61.03,302.3,12.8,D,0
-12.5528,-51.934,322.2,1.3,1.1,2023-01-18,1705,Aqua,MODIS,50,61.03,305.8,19.8,D,0
-12.422,-51.789,319.5,1.3,1.1,2023-01-18,1705,Aqua,MODIS,39,61.03,304.8,14.6,D,0
-12.7412,-54.4308,317.1,2,1.4,2023-01-18,1705,Aqua,MODIS,61,61.03,301.3,26.6,D,0
-12.8138,-55.0461,309.6,2.2,1.4,2023-01-18,1705,Aqua,MODIS,35,61.03,292,17.3,D,0
-12.7381,-54.4383,316.1,2,1.4,2023-01-18,1705,Aqua,MODIS,70,61.03,299.8,26.7,D,0
-12.7078,-54.4977,318.5,2,1.4,2023-01-18,1705,Aqua,MODIS,56,61.03,300.9,31.8,D,2
-12.7422,-55.0876,309.8,2.2,1.4,2023-01-18,1705,Aqua,MODIS,28,61.03,292.2,16.3,D,0
-12.7444,-55.3202,312.5,2.3,1.5,2023-01-18,1705,Aqua,MODIS,24,61.03,296,26.2,D,0
-12.3168,-52.6837,319.7,1.5,1.2,2023-01-18,1705,Aqua,MODIS,36,61.03,303,18,D,0
-12.6524,-55.317,310.7,2.3,1.5,2023-01-18,1705,Aqua,MODIS,30,61.03,294.5,20.8,D,0
-12.2584,-54.3479,319.7,1.9,1.4,2023-01-18,1705,Aqua,MODIS,53,61.03,302.1,27.9,D,0
-12.4434,-55.9506,313.5,2.6,1.5,2023-01-18,1705,Aqua,MODIS,58,61.03,294.4,33.9,D,0
-12.2612,-54.9962,312.7,2.2,1.4,2023-01-18,1705,Aqua,MODIS,0,61.03,293.5,28.8,D,0
-11.7405,-52.8119,328.1,1.5,1.2,2023-01-18,1705,Aqua,MODIS,61,61.03,309.7,35.4,D,0
-11.9061,-54.2591,312.4,1.9,1.3,2023-01-18,1705,Aqua,MODIS,33,61.03,296.5,20.8,D,0
-12.0677,-55.6291,313.9,2.4,1.5,2023-01-18,1705,Aqua,MODIS,29,61.03,294,27.6,D,0
-11.2187,-51.0202,312.6,1.1,1.1,2023-01-18,1705,Aqua,MODIS,57,61.03,296.7,4.9,D,0
-11.6524,-54.3738,320.4,1.9,1.3,2023-01-18,1705,Aqua,MODIS,44,61.03,302.7,35.5,D,0
-11.6965,-56.2603,314.4,2.7,1.6,2023-01-18,1705,Aqua,MODIS,41,61.03,295.1,40.4,D,0
-11.665,-56.0541,317.5,2.6,1.5,2023-01-18,1705,Aqua,MODIS,38,61.03,297.6,47.6,D,0
-11.5412,-56.2426,312.8,2.6,1.6,2023-01-18,1706,Aqua,MODIS,41,61.03,292.9,30.4,D,0
-11.259,-54.1166,315.1,1.8,1.3,2023-01-18,1706,Aqua,MODIS,57,61.03,297.2,19.2,D,0
-10.8877,-54.004,314,1.7,1.3,2023-01-18,1706,Aqua,MODIS,38,61.03,297.7,12.8,D,0
-10.2496,-49.6712,316,1,1,2023-01-18,1706,Aqua,MODIS,38,61.03,296.1,7.4,D,0
-10.5048,-53.6049,316.5,1.6,1.2,2023-01-18,1706,Aqua,MODIS,42,61.03,300,18,D,0
3.4174,-59.8479,326.6,2.9,1.6,2023-01-18,1710,Aqua,MODIS,82,61.03,287.5,87.8,D,0
3.4135,-59.8736,323.9,2.9,1.6,2023-01-18,1710,Aqua,MODIS,75,61.03,292,75,D,0
3.4186,-59.8525,331.3,2.9,1.6,2023-01-18,1710,Aqua,MODIS,87,61.03,288.5,117.2,D,0
3.6068,-59.2429,311.8,2.6,1.5,2023-01-18,1710,Aqua,MODIS,69,61.03,289.4,28.2,D,0
5.2205,-61.463,311.6,3.6,1.8,2023-01-18,1710,Aqua,MODIS,65,61.03,294.9,34.3,D,0
5.2135,-61.4707,311.8,3.6,1.8,2023-01-18,1710,Aqua,MODIS,59,61.03,294.2,33.3,D,0
5.7651,-60.3488,312.9,2.9,1.6,2023-01-18,1710,Aqua,MODIS,71,61.03,293.6,41.9,D,0
5.7673,-60.3561,314,2.9,1.6,2023-01-18,1710,Aqua,MODIS,68,61.03,294.3,43.5,D,0
-18.4536,-62.3367,327,3.6,1.8,2023-01-18,1842,Aqua,MODIS,76,61.03,284.5,115.5,D,0
-19.3532,-68.3317,328.6,1.3,1.1,2023-01-18,1842,Aqua,MODIS,51,61.03,303.6,16.4,D,0
-19.3551,-68.3427,335.9,1.3,1.1,2023-01-18,1842,Aqua,MODIS,76,61.03,302,31.4,D,0
-19.3454,-68.3388,331.3,1.3,1.1,2023-01-18,1842,Aqua,MODIS,65,61.03,305.6,19.9,D,0
-4.7825,-76.5747,316.9,1.1,1,2023-01-18,1846,Aqua,MODIS,73,61.03,294.2,11.1,D,0
-2.7536,-80.1609,319.8,1.7,1.3,2023-01-18,1847,Aqua,MODIS,36,61.03,295.1,12.4,D,0
-2.7548,-80.1674,320.5,1.7,1.3,2023-01-18,1847,Aqua,MODIS,40,61.03,296.4,16.7,D,0
-0.3557,-80.4013,321.8,1.6,1.2,2023-01-18,1847,Aqua,MODIS,74,61.03,297.8,13.4,D,0
1.7751,-73.9932,317.5,1.2,1.1,2023-01-18,1848,Aqua,MODIS,44,61.03,293.9,9.3,D,0
1.923,-76.041,328.8,1,1,2023-01-18,1848,Aqua,MODIS,78,61.03,294.2,23.5,D,0
2.828,-72.5775,335.2,1.5,1.2,2023-01-18,1848,Aqua,MODIS,78,61.03,296.7,47.6,D,0
2.8262,-72.5905,328.7,1.5,1.2,2023-01-18,1848,Aqua,MODIS,63,61.03,290.9,32.3,D,0
3.3127,-72.0798,317.9,1.6,1.2,2023-01-18,1848,Aqua,MODIS,36,61.03,297.3,12.6,D,0
3.1795,-73.2504,316.4,1.3,1.1,2023-01-18,1848,Aqua,MODIS,59,61.03,297.1,9.1,D,0
3.0942,-75.2575,318.4,1.1,1,2023-01-18,1848,Aqua,MODIS,73,61.03,297.9,9.1,D,0
3.6002,-72.2405,317.6,1.6,1.2,2023-01-18,1848,Aqua,MODIS,51,61.03,290.6,15.9,D,0
3.7178,-71.7212,320.7,1.7,1.3,2023-01-18,1848,Aqua,MODIS,71,61.03,297.2,22.4,D,0
3.1778,-76.3445,330.4,1,1,2023-01-18,1848,Aqua,MODIS,84,61.03,294.8,21.8,D,0
4.0212,-70.6559,321.2,2.1,1.4,2023-01-18,1848,Aqua,MODIS,69,61.03,295.5,33.2,D,0
3.703,-72.9584,317.5,1.4,1.2,2023-01-18,1848,Aqua,MODIS,40,61.03,296.3,11.7,D,0
4.0206,-70.6611,320.6,2.1,1.4,2023-01-18,1848,Aqua,MODIS,68,61.03,294.7,31.1,D,0
3.7075,-72.9648,327.1,1.4,1.2,2023-01-18,1848,Aqua,MODIS,79,61.03,298.8,26.3,D,0
3.8095,-73.5563,314,1.3,1.1,2023-01-18,1848,Aqua,MODIS,52,61.03,296.3,8.4,D,0
4.4992,-70.7009,322.4,2.2,1.4,2023-01-18,1848,Aqua,MODIS,63,61.03,293.5,35.5,D,0
4.3336,-72.0829,331.9,1.7,1.3,2023-01-18,1848,Aqua,MODIS,83,61.03,297.4,46.9,D,0
4.7845,-71.5627,318.8,1.9,1.3,2023-01-18,1848,Aqua,MODIS,37,61.03,295.6,21,D,0
4.8592,-71.1154,321.9,2,1.4,2023-01-18,1848,Aqua,MODIS,60,61.03,297.5,32.6,D,0
4.996,-71.6212,321.5,1.9,1.3,2023-01-18,1848,Aqua,MODIS,73,61.03,296.7,26.6,D,0
4.9912,-71.6091,319.9,1.9,1.3,2023-01-18,1848,Aqua,MODIS,65,61.03,297,22.9,D,0
5.2503,-70.4613,325.7,2.3,1.5,2023-01-18,1848,Aqua,MODIS,54,61.03,299,46.2,D,0
5.2509,-70.4477,324.9,2.3,1.5,2023-01-18,1848,Aqua,MODIS,77,61.03,298.3,47.6,D,0
5.2481,-70.4684,318.2,2.3,1.5,2023-01-18,1848,Aqua,MODIS,32,61.03,298.8,24,D,0
5.264,-70.4495,327.4,2.3,1.5,2023-01-18,1848,Aqua,MODIS,80,61.03,298.7,53.6,D,0
5.7296,-70.2116,318.6,2.5,1.5,2023-01-18,1849,Aqua,MODIS,28,61.03,290.9,33.4,D,0
5.7364,-70.2178,322.2,2.5,1.5,2023-01-18,1849,Aqua,MODIS,64,61.03,291.7,50.1,D,0
5.855,-70.3298,315.6,2.4,1.5,2023-01-18,1849,Aqua,MODIS,21,61.03,294,25.1,D,0
5.8521,-70.3514,315.2,2.4,1.5,2023-01-18,1849,Aqua,MODIS,27,61.03,293.1,23.5,D,0
-19.9244,-59.7855,319.6,1,1,2023-01-19,0220,Terra,MODIS,99,61.03,284.9,17.4,N,0
-19.9257,-59.795,307.4,1,1,2023-01-19,0220,Terra,MODIS,71,61.03,285.5,7.5,N,0
-19.8047,-60.1182,304.9,1,1,2023-01-19,0220,Terra,MODIS,62,61.03,290.7,5.3,N,0
-18.7138,-63.1949,305.5,1.3,1.1,2023-01-19,0221,Terra,MODIS,64,61.03,293,5.5,N,0
-18.7153,-63.2073,337.6,1.3,1.1,2023-01-19,0221,Terra,MODIS,100,61.03,294,56,N,0
-18.6562,-63.1333,315,1.3,1.1,2023-01-19,0221,Terra,MODIS,90,61.03,293.1,15.3,N,0
-18.6578,-63.1455,349.4,1.3,1.1,2023-01-19,0221,Terra,MODIS,100,61.03,294.3,87.2,N,0
-18.6476,-63.1469,312.6,1.3,1.1,2023-01-19,0221,Terra,MODIS,85,61.03,292.6,13,N,0
-18.4658,-62.8303,313.2,1.3,1.1,2023-01-19,0221,Terra,MODIS,87,61.03,291.9,15.2,N,0
-10.8827,-56.4438,338.6,1.7,1.3,2023-01-19,0222,Terra,MODIS,100,61.03,287.6,88.9,N,0
-10.8851,-56.4591,311.9,1.7,1.3,2023-01-19,0222,Terra,MODIS,84,61.03,283.9,24,N,0
5.4199,-62.7387,307.6,1.1,1.1,2023-01-19,0227,Terra,MODIS,72,61.03,291.9,8.6,N,0
5.0447,-69.3299,305,1.6,1.2,2023-01-19,0227,Terra,MODIS,62,61.03,291.9,10.3,N,0
4.763,-71.58,309.6,2.4,1.5,2023-01-19,0227,Terra,MODIS,78,61.03,291.5,29.3,N,0
4.7763,-71.582,308.5,2.4,1.5,2023-01-19,0227,Terra,MODIS,75,61.03,291.1,26.5,N,0
5.5643,-69.5479,304.2,1.6,1.3,2023-01-19,0227,Terra,MODIS,58,61.03,292.9,8.3,N,0
5.2071,-61.4535,302.1,2.1,1.4,2023-01-19,0529,Aqua,MODIS,38,61.03,288.2,15.1,N,0
5.2067,-61.4609,303,2.1,1.4,2023-01-19,0529,Aqua,MODIS,53,61.03,288.1,17.4,N,0
-16.0165,-59.8929,308,1,1,2023-01-19,0534,Aqua,MODIS,73,61.03,290.8,7.5,N,0
-19.9233,-59.7894,300.8,1,1,2023-01-19,0535,Aqua,MODIS,34,61.03,286.3,4.1,N,0
-20.3624,-59.4134,302.7,1.1,1,2023-01-19,0535,Aqua,MODIS,51,61.03,291.4,4.3,N,0
-13.5126,-55.8556,314.3,3.3,1.7,2023-01-19,1312,Terra,MODIS,36,61.03,294.2,33.5,D,0
-17.1204,-53.9587,317.9,2,1.4,2023-01-19,1312,Terra,MODIS,47,61.03,299.5,20.4,D,0
-17.9853,-49.83,317.5,1.1,1,2023-01-19,1312,Terra,MODIS,41,61.03,300.9,7.9,D,0
-18.2205,-49.7347,312.8,1.1,1,2023-01-19,1313,Terra,MODIS,45,61.03,294.2,6.5,D,2
5.2467,-61.6953,310.2,2.1,1.4,2023-01-19,1445,Terra,MODIS,58,61.03,296.6,19.7,D,0
5.2148,-61.4892,320.5,2.2,1.4,2023-01-19,1445,Terra,MODIS,79,61.03,295.2,40.5,D,0
5.2116,-61.4687,314.7,2.2,1.4,2023-01-19,1445,Terra,MODIS,73,61.03,294.3,23.6,D,0
5.8877,-67.4147,339.1,1,1,2023-01-19,1445,Terra,MODIS,89,61.03,306.3,30.4,D,0
5.732,-70.1943,318.2,1.2,1.1,2023-01-19,1445,Terra,MODIS,65,61.03,299.5,10.7,D,0
5.7306,-70.1838,318.6,1.2,1.1,2023-01-19,1445,Terra,MODIS,66,61.03,299,11.3,D,0
5.8018,-70.992,316.5,1.3,1.1,2023-01-19,1445,Terra,MODIS,66,61.03,299.6,10.3,D,0
5.6899,-70.7789,319.7,1.3,1.1,2023-01-19,1445,Terra,MODIS,66,61.03,301.2,12.2,D,0
4.8778,-67.8945,312.6,1,1,2023-01-19,1445,Terra,MODIS,40,61.03,297.2,5.3,D,0
5.2051,-70.5383,319.3,1.2,1.1,2023-01-19,1445,Terra,MODIS,69,61.03,300,13.3,D,0
5.0483,-69.5166,319.1,1.1,1,2023-01-19,1445,Terra,MODIS,64,61.03,302.4,8.2,D,0
4.9916,-69.8284,334.9,1.1,1.1,2023-01-19,1445,Terra,MODIS,86,61.03,301.5,31.5,D,0
4.9823,-69.8297,326,1.1,1.1,2023-01-19,1445,Terra,MODIS,78,61.03,301.1,18,D,0
3.5923,-60.4917,313.9,2.8,1.6,2023-01-19,1445,Terra,MODIS,70,61.03,292.4,30.4,D,0
3.978,-64.1053,302.8,1.4,1.2,2023-01-19,1445,Terra,MODIS,10,61.03,287.7,4,D,0
4.9965,-72.7065,316.1,1.7,1.3,2023-01-19,1445,Terra,MODIS,68,61.03,295.6,18.6,D,2
4.801,-71.5725,331.4,1.4,1.2,2023-01-19,1445,Terra,MODIS,84,61.03,299.8,36.4,D,0
4.7785,-71.5629,322.3,1.4,1.2,2023-01-19,1445,Terra,MODIS,75,61.03,299.7,19.9,D,0
4.7767,-71.5506,318.8,1.4,1.2,2023-01-19,1445,Terra,MODIS,54,61.03,298.6,14,D,0
4.5409,-70.9654,322.1,1.3,1.1,2023-01-19,1445,Terra,MODIS,74,61.03,298.9,17.9,D,0
4.5393,-70.9542,328.4,1.3,1.1,2023-01-19,1445,Terra,MODIS,81,61.03,299.7,28.3,D,0
4.5391,-70.9604,329.7,1.3,1.1,2023-01-19,1445,Terra,MODIS,82,61.03,299.7,29.5,D,0
4.4843,-71.0023,316.9,1.3,1.1,2023-01-19,1445,Terra,MODIS,66,61.03,299,9.2,D,0
3.998,-71.6198,323.6,1.4,1.2,2023-01-19,1445,Terra,MODIS,77,61.03,298.2,22.6,D,0
3.6983,-71.0875,312.6,1.3,1.1,2023-01-19,1445,Terra,MODIS,57,61.03,296.3,8.3,D,0
3.8246,-72.0464,320.5,1.5,1.2,2023-01-19,1445,Terra,MODIS,73,61.03,299.1,19,D,0
3.832,-72.7508,316.7,1.7,1.3,2023-01-19,1445,Terra,MODIS,67,61.03,296.2,17,D,0
3.7138,-72.4839,315.5,1.6,1.2,2023-01-19,1445,Terra,MODIS,65,61.03,293.7,14.3,D,0
3.5245,-71.5209,315.1,1.3,1.1,2023-01-19,1445,Terra,MODIS,65,61.03,297.5,9.1,D,0
3.6829,-72.7539,312.9,1.6,1.3,2023-01-19,1445,Terra,MODIS,58,61.03,295.3,11.2,D,0
3.4246,-72.6274,312.4,1.6,1.2,2023-01-19,1445,Terra,MODIS,58,61.03,292.6,9.3,D,0
3.1544,-72.8282,317.3,1.6,1.3,2023-01-19,1446,Terra,MODIS,69,61.03,294,18.8,D,0
3.1522,-72.8198,314.3,1.6,1.3,2023-01-19,1446,Terra,MODIS,61,61.03,293.7,12.4,D,0
3.0704,-73.047,322.2,1.7,1.3,2023-01-19,1446,Terra,MODIS,76,61.03,296.8,27.4,D,0
3.0682,-73.0321,325.2,1.7,1.3,2023-01-19,1446,Terra,MODIS,79,61.03,295.3,34.4,D,0
-17.9842,-62.0912,315.6,4.5,1.9,2023-01-19,1451,Terra,MODIS,55,61.03,290.3,51.6,D,0
-17.9683,-62.0972,315.3,4.5,1.9,2023-01-19,1451,Terra,MODIS,66,61.03,290.4,51.4,D,0
-18.4518,-62.2967,313.6,4.4,1.9,2023-01-19,1451,Terra,MODIS,52,61.03,292.8,50,D,0
-18.4542,-62.3038,314.4,4.4,1.9,2023-01-19,1451,Terra,MODIS,58,61.03,292.9,56.6,D,0
-18.4599,-62.8159,314.5,4,1.9,2023-01-19,1451,Terra,MODIS,54,61.03,293.2,43.8,D,0
-18.6503,-63.1461,317.3,3.8,1.8,2023-01-19,1451,Terra,MODIS,36,61.03,291.4,56,D,0
-18.6614,-63.1496,335.3,1.7,1.3,2023-01-19,1746,Aqua,MODIS,82,61.03,303.1,54.1,D,0
-20.3694,-59.4037,327.7,1.1,1,2023-01-19,1746,Aqua,MODIS,77,61.03,302.5,17.6,D,0
-20.3708,-59.4141,328.1,1.1,1,2023-01-19,1746,Aqua,MODIS,77,61.03,302.7,18.1,D,0
-18.4816,-58.3063,322.2,1,1,2023-01-19,1746,Aqua,MODIS,59,61.03,302.5,11.7,D,0
-18.658,-63.1431,329,1.7,1.3,2023-01-19,1746,Aqua,MODIS,69,61.03,301.1,33,D,0
-18.6598,-63.1594,328.2,1.7,1.3,2023-01-19,1746,Aqua,MODIS,68,61.03,303.4,33.4,D,0
-18.4624,-62.8271,322.3,1.6,1.3,2023-01-19,1746,Aqua,MODIS,46,61.03,302.8,16.6,D,0
-17.9819,-62.091,325,1.4,1.2,2023-01-19,1746,Aqua,MODIS,73,61.03,295.2,19.9,D,0
-17.9669,-62.2312,334.7,1.5,1.2,2023-01-19,1746,Aqua,MODIS,86,61.03,298.6,41.4,D,0
-17.9686,-62.2449,323.7,1.5,1.2,2023-01-19,1746,Aqua,MODIS,49,61.03,299.5,16.1,D,0
-17.3552,-58.6629,323.8,1,1,2023-01-19,1746,Aqua,MODIS,78,61.03,302.3,14,D,0
-16.0731,-60.8839,317.1,1.2,1.1,2023-01-19,1747,Aqua,MODIS,54,61.03,300.2,12.1,D,0
-15.7258,-58.8448,317.7,1,1,2023-01-19,1747,Aqua,MODIS,32,61.03,298.5,7.1,D,0
-15.9214,-51.543,321.4,2.3,1.5,2023-01-19,1747,Aqua,MODIS,54,61.03,301.9,32.7,D,0
-15.8817,-63.1914,312.8,1.6,1.2,2023-01-19,1747,Aqua,MODIS,45,61.03,295,11,D,0
-13.4847,-56.2816,321.1,1.2,1.1,2023-01-19,1747,Aqua,MODIS,60,61.03,298.7,13.2,D,0
-12.5559,-51.9331,307.1,2.5,1.5,2023-01-19,1747,Aqua,MODIS,27,61.03,273.9,20.5,D,0
-12.5599,-51.9561,305.6,2.5,1.5,2023-01-19,1747,Aqua,MODIS,12,61.03,273.2,16.4,D,0
-12.492,-51.9264,309.1,2.5,1.5,2023-01-19,1747,Aqua,MODIS,40,61.03,280.1,25.8,D,0
-13.3439,-60.0813,320.1,1,1,2023-01-19,1748,Aqua,MODIS,74,61.03,300.9,11.5,D,0
-12.6847,-58.5677,326.4,1,1,2023-01-19,1748,Aqua,MODIS,66,61.03,309.3,15.1,D,0
-11.7355,-52.8125,321.6,2.2,1.4,2023-01-19,1748,Aqua,MODIS,54,61.03,299.6,40,D,0
-12.8282,-62.0739,315.8,1.2,1.1,2023-01-19,1748,Aqua,MODIS,52,61.03,298.5,12,D,0
-9.8534,-59.9242,315.4,1,1,2023-01-19,1749,Aqua,MODIS,68,61.03,294.5,7.9,D,0
2.6453,-59.2798,322.3,1.3,1.1,2023-01-19,1752,Aqua,MODIS,41,61.03,300.9,14,D,0
3.6635,-59.515,317.3,1.3,1.1,2023-01-19,1752,Aqua,MODIS,30,61.03,297.9,7.1,D,0
3.6471,-61.0533,323.3,1.1,1,2023-01-19,1752,Aqua,MODIS,76,61.03,296.9,14.3,D,0
3.9473,-59.6793,333.2,1.3,1.1,2023-01-19,1752,Aqua,MODIS,84,61.03,299.4,27.7,D,0
3.9474,-59.6733,323.9,1.3,1.1,2023-01-19,1752,Aqua,MODIS,57,61.03,301.5,14.7,D,0
4.0977,-60.7913,331.4,1.1,1.1,2023-01-19,1752,Aqua,MODIS,84,61.03,298,25.5,D,0
4.1639,-60.596,341.7,1.1,1.1,2023-01-19,1752,Aqua,MODIS,91,61.03,303.8,41.1,D,0
4.2478,-60.8958,322.7,1.1,1,2023-01-19,1752,Aqua,MODIS,63,61.03,297.4,12.3,D,0
4.9371,-71.6493,312.6,3.4,1.7,2023-01-19,1753,Aqua,MODIS,52,61.03,291.8,36,D,0
3.3705,-72.1519,310.6,3.9,1.8,2023-01-19,1753,Aqua,MODIS,67,61.03,282.2,47.3,D,0
5.008,-61.1955,319.3,1.1,1,2023-01-19,1753,Aqua,MODIS,58,61.03,303.6,9.2,D,0
3.3869,-72.1545,308.3,3.9,1.8,2023-01-19,1753,Aqua,MODIS,30,61.03,284.9,37.2,D,0
3.3762,-72.1571,315.7,3.9,1.8,2023-01-19,1753,Aqua,MODIS,69,61.03,283.6,78.4,D,0
4.629,-66.6089,336.2,1.4,1.2,2023-01-19,1753,Aqua,MODIS,88,61.03,301.6,48.4,D,0
4.6271,-66.6212,317.5,1.4,1.2,2023-01-19,1753,Aqua,MODIS,72,61.03,300.4,12.2,D,0
4.4194,-69.4969,311.7,2.3,1.5,2023-01-19,1753,Aqua,MODIS,58,61.03,293.2,19.5,D,0
5.3456,-64.2165,314.9,1,1,2023-01-19,1753,Aqua,MODIS,53,61.03,294.8,9.5,D,0
5.3443,-64.2258,310.8,1,1,2023-01-19,1753,Aqua,MODIS,0,61.03,293.5,6.7,D,0
5.3429,-64.235,309.6,1,1,2023-01-19,1753,Aqua,MODIS,25,61.03,293.3,5.4,D,0
5.0907,-66.3353,312.2,1.3,1.1,2023-01-19,1753,Aqua,MODIS,63,61.03,298.3,8.9,D,0
5.0889,-66.3469,311.1,1.3,1.1,2023-01-19,1753,Aqua,MODIS,61,61.03,296.5,7.7,D,0
4.5481,-70.0344,316.3,2.5,1.5,2023-01-19,1753,Aqua,MODIS,63,61.03,296.4,29.7,D,0
4.8309,-68.2137,321.6,1.8,1.3,2023-01-19,1753,Aqua,MODIS,71,61.03,297.5,31.8,D,0
5.1166,-66.5028,310.4,1.3,1.1,2023-01-19,1753,Aqua,MODIS,58,61.03,297.6,7.6,D,0
4.428,-71.501,319.1,3.3,1.7,2023-01-19,1753,Aqua,MODIS,70,61.03,298.1,46.5,D,0
4.8257,-69.2394,336.7,2.2,1.4,2023-01-19,1753,Aqua,MODIS,88,61.03,299,96.1,D,0
4.8289,-69.2271,319.5,2.2,1.4,2023-01-19,1753,Aqua,MODIS,71,61.03,297.7,29.5,D,0
4.8258,-69.2463,325.2,2.2,1.4,2023-01-19,1753,Aqua,MODIS,78,61.03,299.3,47.8,D,0
5.4172,-65.9979,314.2,1.2,1.1,2023-01-19,1753,Aqua,MODIS,23,61.03,299.2,5.9,D,0
5.4494,-66.2606,308.5,1.3,1.1,2023-01-19,1753,Aqua,MODIS,48,61.03,295.4,4.2,D,0
4.7254,-71.2667,316,3.2,1.7,2023-01-19,1753,Aqua,MODIS,64,61.03,295.8,36.9,D,0
4.7242,-71.2734,314.4,3.2,1.7,2023-01-19,1753,Aqua,MODIS,60,61.03,295.6,32.6,D,0
4.6462,-72.5157,323.7,4,1.9,2023-01-19,1753,Aqua,MODIS,77,61.03,293.3,119.2,D,0
4.6522,-72.5241,317.8,4,1.9,2023-01-19,1753,Aqua,MODIS,66,61.03,292.3,70,D,0
4.9414,-71.6453,314.8,3.4,1.7,2023-01-19,1753,Aqua,MODIS,61,61.03,290.5,45.1,D,0
5.7189,-67.6776,323.8,1.6,1.2,2023-01-19,1753,Aqua,MODIS,49,61.03,305.8,14.7,D,0
5.4605,-69.9697,324,2.4,1.5,2023-01-19,1753,Aqua,MODIS,70,61.03,295.2,49.2,D,0
5.4572,-69.9912,335,2.4,1.5,2023-01-19,1753,Aqua,MODIS,86,61.03,296.4,99.9,D,0
5.4561,-69.9759,327.3,2.4,1.5,2023-01-19,1753,Aqua,MODIS,79,61.03,294,63.6,D,0
5.4526,-69.9973,322.9,2.4,1.5,2023-01-19,1753,Aqua,MODIS,74,61.03,296,45.6,D,0
5.8735,-67.4314,331.9,1.5,1.2,2023-01-19,1753,Aqua,MODIS,72,61.03,308.2,31.1,D,0
5.4694,-69.978,322.1,2.4,1.5,2023-01-19,1753,Aqua,MODIS,73,61.03,298.5,43.7,D,0
5.9141,-67.3828,326.5,1.5,1.2,2023-01-19,1753,Aqua,MODIS,54,61.03,309.2,22.1,D,0
5.6202,-70.3544,313.9,2.6,1.5,2023-01-19,1753,Aqua,MODIS,33,61.03,295,21.1,D,0
5.6165,-70.3772,328.5,2.6,1.5,2023-01-19,1753,Aqua,MODIS,81,61.03,297.5,80.4,D,0
5.713,-70.2081,337.2,2.5,1.5,2023-01-19,1753,Aqua,MODIS,88,61.03,296.6,116.5,D,0
5.7101,-70.1897,316.6,2.5,1.5,2023-01-19,1753,Aqua,MODIS,15,61.03,294.8,23.1,D,0
5.7236,-70.1918,317.6,2.5,1.5,2023-01-19,1753,Aqua,MODIS,43,61.03,297.5,31.2,D,0
5.72,-70.2139,322.9,2.5,1.5,2023-01-19,1753,Aqua,MODIS,75,61.03,299,51.5,D,0
5.6861,-70.7826,315.7,2.8,1.6,2023-01-19,1753,Aqua,MODIS,55,61.03,298.5,27.9,D,0
5.9981,-69.7102,321.4,2.3,1.5,2023-01-19,1753,Aqua,MODIS,73,61.03,298.2,40.8,D,0
5.7354,-71.7129,309.5,3.3,1.7,2023-01-19,1753,Aqua,MODIS,31,61.03,290.6,23.3,D,0
-5.0762,-80.1163,324.2,1.9,1.3,2023-01-19,1928,Aqua,MODIS,77,61.03,290.7,25.1,D,0
3.7568,-59.4765,301.1,3.8,1.8,2023-01-20,0130,Terra,MODIS,37,61.03,289.9,26.1,N,0
-19.8034,-60.0291,305.3,3.6,1.8,2023-01-20,0301,Terra,MODIS,64,61.03,289.5,32.5,N,0
-19.811,-60.0325,308.3,3.6,1.8,2023-01-20,0301,Terra,MODIS,74,61.03,289.5,45,N,0
-19.0392,-62.4079,303.3,2.5,1.5,2023-01-20,0301,Terra,MODIS,40,61.03,283.8,19.6,N,0
-17.9766,-62.0851,301.2,2.8,1.6,2023-01-20,0302,Terra,MODIS,32,61.03,281.6,18.4,N,0
-17.9815,-62.1109,308.5,2.8,1.6,2023-01-20,0302,Terra,MODIS,75,61.03,281.2,38.1,N,0
-17.9737,-62.0913,304.8,2.8,1.6,2023-01-20,0302,Terra,MODIS,62,61.03,280.5,28.6,N,0
-17.9785,-62.1171,308.6,2.8,1.6,2023-01-20,0302,Terra,MODIS,75,61.03,281.7,39.4,N,0
5.443,-69.3054,307.2,2,1.4,2023-01-20,0308,Terra,MODIS,71,61.03,292.7,18.1,N,0
4.3908,-71.4892,307.8,1.3,1.2,2023-01-20,0308,Terra,MODIS,73,61.03,292.6,11.4,N,0
3.6858,-72.7447,301.4,1.1,1.1,2023-01-20,0308,Terra,MODIS,27,61.03,283.4,6.4,N,0
4.3924,-71.4772,308.2,1.4,1.2,2023-01-20,0308,Terra,MODIS,74,61.03,292.6,11.9,N,0
4.5283,-70.9935,302.6,1.5,1.2,2023-01-20,0308,Terra,MODIS,50,61.03,292.5,7.1,N,0
4.8239,-69.6418,304.5,1.9,1.3,2023-01-20,0308,Terra,MODIS,60,61.03,293.2,11.5,N,0
4.6897,-71.159,307.1,1.4,1.2,2023-01-20,0308,Terra,MODIS,70,61.03,292.1,11.6,N,0
4.7002,-71.1604,310.3,1.4,1.2,2023-01-20,0308,Terra,MODIS,80,61.03,292.1,14.6,N,0
5.2252,-69.1645,303.1,2.1,1.4,2023-01-20,0308,Terra,MODIS,53,61.03,292.8,10.8,N,0
5.4331,-69.2856,308.1,2,1.4,2023-01-20,0308,Terra,MODIS,74,61.03,292.4,19.7,N,0
5.4307,-69.3037,310.2,2,1.4,2023-01-20,0308,Terra,MODIS,79,61.03,292.7,23.6,N,0
-6.572,-51.0962,300.8,2.5,1.5,2023-01-20,0436,Aqua,MODIS,34,61.03,287.4,14.5,N,2
-18.3183,-54.6059,302.5,2.8,1.6,2023-01-20,0439,Aqua,MODIS,49,61.03,288.1,20.3,N,0
-18.3094,-54.6254,304.7,2.8,1.6,2023-01-20,0439,Aqua,MODIS,61,61.03,288.4,24.2,N,0
-18.3135,-54.6311,301.9,2.8,1.6,2023-01-20,0439,Aqua,MODIS,45,61.03,287.6,19.5,N,0
5.4063,-69.8888,309.8,1.4,1.2,2023-01-20,0611,Aqua,MODIS,78,61.03,292.2,15.9,N,0
5.4259,-69.2928,313.9,1.3,1.1,2023-01-20,0611,Aqua,MODIS,88,61.03,292.5,17.7,N,0
5.4168,-69.8873,313.7,1.4,1.2,2023-01-20,0611,Aqua,MODIS,88,61.03,292,20,N,0
-17.4853,-71.3566,309.2,1,1,2023-01-20,0617,Aqua,MODIS,77,61.03,287,10.5,N,2
-6.5711,-51.0978,319.4,1.7,1.3,2023-01-20,1350,Terra,MODIS,75,61.03,294.3,28.1,D,2
-12.8371,-58.2964,315.7,1,1,2023-01-20,1352,Terra,MODIS,43,61.03,297.1,7.2,D,0
-9.9865,-56.2998,317.4,1,1,2023-01-20,1352,Terra,MODIS,38,61.03,300.2,8.6,D,0
-10.1782,-55.2866,312.8,1.1,1,2023-01-20,1352,Terra,MODIS,31,61.03,293.5,7.1,D,0
-10.3001,-56.1062,316.7,1,1,2023-01-20,1352,Terra,MODIS,45,61.03,299.8,8.2,D,0
-10.5204,-56.8149,319.8,1,1,2023-01-20,1352,Terra,MODIS,74,61.03,297.9,11.5,D,0
-10.5217,-56.8059,321.3,1,1,2023-01-20,1352,Terra,MODIS,76,61.03,296.7,12.8,D,0
-12.2432,-52.6672,318.6,1.6,1.2,2023-01-20,1352,Terra,MODIS,55,61.03,299.2,19.9,D,0
-12.5512,-51.9402,319.6,1.8,1.3,2023-01-20,1352,Terra,MODIS,27,61.03,297.5,27.6,D,0
-12.203,-56.8422,315.7,1,1,2023-01-20,1352,Terra,MODIS,65,61.03,298,6.5,D,0
-13.031,-51.5527,319.6,1.9,1.4,2023-01-20,1352,Terra,MODIS,55,61.03,299,30,D,0
-13.0331,-51.535,316.8,1.9,1.4,2023-01-20,1352,Terra,MODIS,53,61.03,296.6,23.1,D,0
-12.4286,-57.2538,318.8,1,1,2023-01-20,1352,Terra,MODIS,24,61.03,300,9.9,D,2
-12.3623,-58.0792,315.8,1,1,2023-01-20,1352,Terra,MODIS,25,61.03,298.5,7.7,D,0
-13.3121,-53.7946,314.5,1.3,1.2,2023-01-20,1352,Terra,MODIS,58,61.03,296.3,12.2,D,0
-12.8918,-57.1135,315.6,1,1,2023-01-20,1352,Terra,MODIS,67,61.03,296.7,8.1,D,0
-12.8514,-58.3241,315.4,1,1,2023-01-20,1352,Terra,MODIS,54,61.03,297.8,7.9,D,0
-13.6764,-52.4511,312,1.7,1.3,2023-01-20,1352,Terra,MODIS,63,61.03,291.2,16.5,D,0
-13.677,-56.6542,315.4,1,1,2023-01-20,1353,Terra,MODIS,47,61.03,299.7,8.1,D,0
-13.9381,-55.5155,314.7,1.1,1,2023-01-20,1353,Terra,MODIS,50,61.03,298.1,9.5,D,0
-14.2036,-54.9175,312.9,1.2,1.1,2023-01-20,1353,Terra,MODIS,53,61.03,295.8,8.6,D,0
-14.6831,-57.0928,318,1,1,2023-01-20,1353,Terra,MODIS,50,61.03,301.9,10.3,D,0
-15.1291,-54.086,305.8,1.4,1.2,2023-01-20,1353,Terra,MODIS,37,61.03,287.8,4.1,D,0
-14.8121,-57.3431,316,1,1,2023-01-20,1353,Terra,MODIS,50,61.03,299.3,7.2,D,0
-15.7911,-56.8105,318.9,1,1,2023-01-20,1353,Terra,MODIS,73,61.03,296.9,10.4,D,0
-16.0694,-56.5966,320.7,1,1,2023-01-20,1353,Terra,MODIS,77,61.03,297.2,11.2,D,0
-15.4895,-60.999,317.3,1.3,1.1,2023-01-20,1353,Terra,MODIS,66,61.03,298.7,11.1,D,0
-15.9837,-58.9044,324.6,1,1,2023-01-20,1353,Terra,MODIS,78,61.03,298.1,14,D,0
-17.0769,-53.7146,317.3,1.5,1.2,2023-01-20,1353,Terra,MODIS,63,61.03,299.4,14.1,D,0
-17.6305,-53.1939,316.2,1.7,1.3,2023-01-20,1353,Terra,MODIS,54,61.03,300.7,17.2,D,0
-18.1943,-52.1612,310.2,2.1,1.4,2023-01-20,1354,Terra,MODIS,25,61.03,290.8,10.8,D,0
-18.3209,-54.6218,317.9,1.4,1.2,2023-01-20,1354,Terra,MODIS,52,61.03,296.6,13.4,D,0
-18.3165,-54.6278,316.7,1.4,1.2,2023-01-20,1354,Terra,MODIS,51,61.03,296.8,11.8,D,0
-18.0566,-60.195,314,1.1,1,2023-01-20,1354,Terra,MODIS,56,61.03,296.5,7.2,D,0
-20.5685,-52.9151,315.6,2,1.4,2023-01-20,1354,Terra,MODIS,52,61.03,294.7,19.3,D,0
-20.5267,-53.3983,315.4,1.8,1.3,2023-01-20,1354,Terra,MODIS,34,61.03,296.9,20.8,D,0
-20.3981,-56.1981,355.5,1.2,1.1,2023-01-20,1354,Terra,MODIS,98,61.03,296.8,88.2,D,0
-19.8454,-60.1467,346.4,1,1,2023-01-20,1354,Terra,MODIS,93,61.03,302,48,D,0
-20.4078,-56.1996,314.5,1.2,1.1,2023-01-20,1354,Terra,MODIS,39,61.03,293.5,8.3,D,0
-19.8528,-60.154,329.1,1,1,2023-01-20,1354,Terra,MODIS,80,61.03,302.1,20.9,D,0
-19.9184,-59.7867,379.7,1,1,2023-01-20,1354,Terra,MODIS,100,61.03,307.2,144.3,D,0
-19.9274,-59.7882,327.1,1,1,2023-01-20,1354,Terra,MODIS,57,61.03,302.4,11.9,D,0
-19.9289,-59.7786,363.6,1,1,2023-01-20,1354,Terra,MODIS,100,61.03,301.5,86,D,0
-19.8431,-60.4576,326.1,1.1,1,2023-01-20,1354,Terra,MODIS,73,61.03,303.1,15.1,D,0
-20.3541,-59.4044,332,1,1,2023-01-20,1354,Terra,MODIS,83,61.03,302.1,23.1,D,0
-20.363,-59.4059,332.1,1,1,2023-01-20,1354,Terra,MODIS,83,61.03,301.9,23.5,D,0
-20.3644,-59.3964,334.4,1,1,2023-01-20,1354,Terra,MODIS,85,61.03,300.3,26.5,D,0
-20.3144,-60.9855,347.9,1.1,1,2023-01-20,1354,Terra,MODIS,93,61.03,306.5,52.6,D,0
-20.9862,-60.643,319.7,1.1,1,2023-01-20,1355,Terra,MODIS,31,61.03,304.1,6.5,D,0
4.3713,-71.9312,314.8,2.2,1.4,2023-01-20,1526,Terra,MODIS,65,61.03,295.6,20,D,0
5.5285,-67.8872,314.2,4.5,1.9,2023-01-20,1526,Terra,MODIS,61,61.03,296.1,44.6,D,0
5.0849,-70.5565,316,2.8,1.6,2023-01-20,1526,Terra,MODIS,68,61.03,296.5,32.7,D,0
5.0947,-70.5606,314.3,2.8,1.6,2023-01-20,1526,Terra,MODIS,63,61.03,296.6,25.5,D,0
5.1233,-71.7874,324.6,2.2,1.4,2023-01-20,1526,Terra,MODIS,79,61.03,296.6,53.7,D,0
5.1106,-71.7893,313.8,2.2,1.4,2023-01-20,1526,Terra,MODIS,36,61.03,296.6,19,D,0
4.7484,-69.6068,317.1,3.4,1.7,2023-01-20,1526,Terra,MODIS,61,61.03,291.3,54.1,D,0
4.7515,-69.6118,318.9,3.4,1.7,2023-01-20,1526,Terra,MODIS,71,61.03,292.3,61.1,D,0
4.6925,-71.148,319.9,2.5,1.5,2023-01-20,1526,Terra,MODIS,51,61.03,296.4,35.4,D,0
4.6984,-71.1538,320.5,2.5,1.5,2023-01-20,1526,Terra,MODIS,75,61.03,297,42.2,D,0
4.6849,-71.1559,319.2,2.5,1.5,2023-01-20,1526,Terra,MODIS,73,61.03,296.1,37.4,D,0
4.3922,-71.6409,319.5,2.3,1.5,2023-01-20,1526,Terra,MODIS,74,61.03,295.4,32.4,D,0
4.132,-70.5407,322.1,2.9,1.6,2023-01-20,1526,Terra,MODIS,77,61.03,296.1,62.5,D,0
3.7427,-71.3202,315.6,2.6,1.5,2023-01-20,1526,Terra,MODIS,51,61.03,295.2,26.4,D,0
-1.2842,-81.0602,310.1,1.1,1,2023-01-20,1528,Terra,MODIS,25,61.03,296.9,7.7,D,3
-6.8403,-79.3228,321.5,1,1,2023-01-20,1529,Terra,MODIS,56,61.03,295.4,9.9,D,0
-19.2332,-50.5239,312.2,2.2,1.5,2023-01-20,1650,Aqua,MODIS,51,61.03,292.3,13.4,D,0
-15.0864,-51.5046,314.5,2.3,1.5,2023-01-20,1651,Aqua,MODIS,33,61.03,295.6,23.5,D,0
-14.9813,-52.5498,317.1,2.8,1.6,2023-01-20,1651,Aqua,MODIS,46,61.03,296.6,50.5,D,0
-14.8957,-53.5426,312.2,3.3,1.7,2023-01-20,1651,Aqua,MODIS,25,61.03,288.4,41.5,D,0
-14.8459,-53.5172,308.9,3.3,1.7,2023-01-20,1651,Aqua,MODIS,20,61.03,287.9,36.7,D,0
-13.755,-54.8064,306,4,1.9,2023-01-20,1652,Aqua,MODIS,24,61.03,285.1,28.5,D,0
-13.443,-54.0588,311,3.5,1.8,2023-01-20,1652,Aqua,MODIS,60,61.03,290.5,41.9,D,0
-13.3907,-54.7209,313,3.9,1.8,2023-01-20,1652,Aqua,MODIS,53,61.03,291.7,55.1,D,0
-13.2346,-55.4956,308.1,4.4,1.9,2023-01-20,1652,Aqua,MODIS,48,61.03,287.8,51,D,0
-12.5504,-51.3874,315.8,2.1,1.4,2023-01-20,1652,Aqua,MODIS,53,61.03,297.2,21.2,D,0
-12.5493,-51.3944,314.8,2.1,1.4,2023-01-20,1652,Aqua,MODIS,68,61.03,296.6,20.3,D,0
-12.5509,-51.9422,326.9,2.3,1.5,2023-01-20,1652,Aqua,MODIS,77,61.03,301.3,65.4,D,0
-12.5547,-51.9468,326.3,2.3,1.5,2023-01-20,1652,Aqua,MODIS,54,61.03,301.1,59.6,D,0
-12.7474,-54.4519,306.5,3.6,1.8,2023-01-20,1652,Aqua,MODIS,24,61.03,288.1,26,D,0
-11.9935,-54.6954,312.8,3.7,1.8,2023-01-20,1652,Aqua,MODIS,69,61.03,292.9,47,D,0
-11.9869,-55.7515,310.3,4.5,1.9,2023-01-20,1652,Aqua,MODIS,34,61.03,289.9,65.2,D,0
-11.7207,-54.6756,311.8,3.7,1.8,2023-01-20,1652,Aqua,MODIS,47,61.03,292.1,46.9,D,0
-11.7441,-56.0084,312.3,4.6,2,2023-01-20,1652,Aqua,MODIS,15,61.03,290.7,75.7,D,0
-9.9888,-49.3159,313.6,1.4,1.2,2023-01-20,1653,Aqua,MODIS,50,61.03,294,8.8,D,0
-9.5727,-49.7098,314.2,1.4,1.2,2023-01-20,1653,Aqua,MODIS,44,61.03,296.3,13.4,D,0
-7.8512,-49.0587,318.7,1.2,1.1,2023-01-20,1653,Aqua,MODIS,63,61.03,297.1,13.2,D,0
-7.8695,-49.9944,313.9,1.4,1.2,2023-01-20,1653,Aqua,MODIS,48,61.03,290.3,11.3,D,0
-7.8712,-50.0069,315.2,1.4,1.2,2023-01-20,1653,Aqua,MODIS,60,61.03,290.8,12.6,D,0
-4.5783,-50.4703,315.5,1.4,1.2,2023-01-20,1654,Aqua,MODIS,70,61.03,292.3,12.1,D,0
-4.58,-50.4825,309.8,1.4,1.2,2023-01-20,1654,Aqua,MODIS,55,61.03,291.9,5.1,D,0
-3.919,-49.4112,316.9,1.2,1.1,2023-01-20,1654,Aqua,MODIS,58,61.03,291.9,12.6,D,0
-3.8777,-49.1892,311.7,1.1,1.1,2023-01-20,1654,Aqua,MODIS,33,61.03,292,6.9,D,0
-3.7325,-49.3251,313.3,1.1,1.1,2023-01-20,1654,Aqua,MODIS,55,61.03,295.7,8.9,D,0
-3.7339,-49.3352,311.1,1.1,1.1,2023-01-20,1654,Aqua,MODIS,43,61.03,293.8,7.2,D,0
-3.5358,-50.3777,318.9,1.3,1.1,2023-01-20,1654,Aqua,MODIS,65,61.03,297.5,16.6,D,0
-3.6365,-51.4634,309.6,1.5,1.2,2023-01-20,1654,Aqua,MODIS,49,61.03,291.3,8.6,D,0
-3.1453,-50.4343,308.6,1.3,1.1,2023-01-20,1654,Aqua,MODIS,25,61.03,290.5,5.6,D,0
-2.9673,-50.3324,316.4,1.3,1.1,2023-01-20,1654,Aqua,MODIS,66,61.03,299.1,12.9,D,0
-20.3227,-60.9873,326.2,2.3,1.5,2023-01-20,1828,Aqua,MODIS,60,61.03,304.1,37.3,D,0
-15.7626,-59.7191,326.1,3.6,1.8,2023-01-20,1829,Aqua,MODIS,79,61.03,290.6,122.8,D,0
-15.7554,-59.7255,326.7,3.6,1.8,2023-01-20,1829,Aqua,MODIS,80,61.03,290.7,130.1,D,0
-13.6225,-58.839,315.1,4.6,2,2023-01-20,1830,Aqua,MODIS,39,61.03,293.7,63.7,D,0
-13.983,-65.5222,315.9,1.4,1.2,2023-01-20,1830,Aqua,MODIS,61,61.03,296.8,10.3,D,0
-13.3531,-66.5843,319.2,1.3,1.1,2023-01-20,1830,Aqua,MODIS,67,61.03,295.5,12.5,D,0
-12.4513,-66.2494,325.2,1.4,1.2,2023-01-20,1830,Aqua,MODIS,78,61.03,303.4,23.4,D,0
-11.4931,-66.355,341.4,1.4,1.2,2023-01-20,1831,Aqua,MODIS,91,61.03,295.7,59.8,D,0
-11.4974,-66.3611,322.5,1.4,1.2,2023-01-20,1831,Aqua,MODIS,76,61.03,295.8,19.1,D,0
2.4789,-72.1632,325.5,1,1,2023-01-20,1835,Aqua,MODIS,79,61.03,298.3,17.4,D,0
2.1892,-75.6218,314.5,1.2,1.1,2023-01-20,1835,Aqua,MODIS,29,61.03,297.4,8.6,D,2
2.1973,-75.634,314.4,1.2,1.1,2023-01-20,1835,Aqua,MODIS,55,61.03,296.3,8.5,D,2
2.3845,-75.5459,310.3,1.2,1.1,2023-01-20,1835,Aqua,MODIS,39,61.03,294.3,5.3,D,2
2.904,-72.0241,328.7,1,1,2023-01-20,1835,Aqua,MODIS,81,61.03,301.7,18.8,D,0
2.9144,-72.0161,320.9,1,1,2023-01-20,1835,Aqua,MODIS,68,61.03,302.9,9.2,D,0
2.9131,-72.0254,327.6,1,1,2023-01-20,1835,Aqua,MODIS,80,61.03,303,17.2,D,0
2.8322,-72.8519,324.4,1,1,2023-01-20,1835,Aqua,MODIS,72,61.03,299.4,14.6,D,0
3.2407,-72.0499,325,1,1,2023-01-20,1835,Aqua,MODIS,77,61.03,302.2,14.7,D,0
3.2394,-72.0592,321.9,1,1,2023-01-20,1835,Aqua,MODIS,73,61.03,300.1,11.4,D,0
3.6182,-70.3163,319.7,1.3,1.1,2023-01-20,1835,Aqua,MODIS,38,61.03,300.9,13.3,D,0
3.7537,-71.1606,322.7,1.1,1.1,2023-01-20,1835,Aqua,MODIS,59,61.03,300.1,12.1,D,0
3.9151,-70.8839,321.4,1.2,1.1,2023-01-20,1835,Aqua,MODIS,45,61.03,302.2,11.3,D,0
3.9136,-70.8944,319.2,1.2,1.1,2023-01-20,1835,Aqua,MODIS,28,61.03,299.5,9.5,D,0
3.9464,-70.8182,325.6,1.2,1.1,2023-01-20,1835,Aqua,MODIS,59,61.03,304.9,16.6,D,0
3.8667,-72.117,324.3,1,1,2023-01-20,1835,Aqua,MODIS,62,61.03,298.1,14.5,D,0
4.1728,-70.2218,322,1.3,1.1,2023-01-20,1835,Aqua,MODIS,72,61.03,297,18.5,D,0
3.7974,-72.9254,332.5,1,1,2023-01-20,1835,Aqua,MODIS,83,61.03,302.4,23.6,D,0
4.1383,-70.6091,328.2,1.2,1.1,2023-01-20,1835,Aqua,MODIS,73,61.03,302.9,22.8,D,0
4.2117,-70.2392,324,1.3,1.1,2023-01-20,1835,Aqua,MODIS,60,61.03,299.9,15.6,D,0
4.2067,-70.2738,328.3,1.3,1.1,2023-01-20,1835,Aqua,MODIS,63,61.03,301.2,21.1,D,0
4.2044,-70.2792,325,1.3,1.1,2023-01-20,1835,Aqua,MODIS,74,61.03,300.6,15.7,D,0
4.2197,-70.5359,331.2,1.3,1.1,2023-01-20,1835,Aqua,MODIS,82,61.03,304.6,26,D,0
4.2181,-70.547,330,1.3,1.1,2023-01-20,1835,Aqua,MODIS,81,61.03,303.9,24.4,D,0
4.2851,-70.5859,321.5,1.2,1.1,2023-01-20,1835,Aqua,MODIS,69,61.03,300.6,11,D,0
4.295,-70.5873,331.9,1.2,1.1,2023-01-20,1835,Aqua,MODIS,82,61.03,301.7,27,D,0
4.1898,-72.3048,324,1,1,2023-01-20,1835,Aqua,MODIS,69,61.03,302.9,12.4,D,0
4.5475,-70.0207,316.1,1.4,1.2,2023-01-20,1835,Aqua,MODIS,18,61.03,297.8,8.8,D,0
4.8045,-69.1434,325.2,1.6,1.2,2023-01-20,1835,Aqua,MODIS,65,61.03,295,33.1,D,0
4.8026,-69.1576,336.8,1.6,1.2,2023-01-20,1835,Aqua,MODIS,87,61.03,295.8,62.2,D,0
5.4054,-65.9185,315.7,2.9,1.6,2023-01-20,1835,Aqua,MODIS,66,61.03,294.5,32.4,D,0
5.3882,-66.0461,319.3,2.8,1.6,2023-01-20,1835,Aqua,MODIS,54,61.03,294.2,44.6,D,0
4.6951,-71.146,328,1.2,1.1,2023-01-20,1835,Aqua,MODIS,78,61.03,300.9,18.1,D,0
4.6936,-71.1565,339.4,1.2,1.1,2023-01-20,1835,Aqua,MODIS,88,61.03,304.1,38.9,D,0
4.7032,-71.1579,331.9,1.2,1.1,2023-01-20,1835,Aqua,MODIS,82,61.03,304.1,25.1,D,0
4.7576,-71.151,323.6,1.2,1.1,2023-01-20,1835,Aqua,MODIS,46,61.03,302,13.1,D,0
4.7561,-71.1614,339.4,1.2,1.1,2023-01-20,1835,Aqua,MODIS,88,61.03,301.8,39.9,D,0
4.7672,-71.1524,329.3,1.2,1.1,2023-01-20,1835,Aqua,MODIS,80,61.03,302.7,21.1,D,0
4.914,-71.2067,353,1.2,1.1,2023-01-20,1835,Aqua,MODIS,96,61.03,301.3,75.7,D,0
4.9125,-71.2171,347,1.2,1.1,2023-01-20,1835,Aqua,MODIS,93,61.03,301.7,59.4,D,0
5.6638,-65.8139,321.9,3,1.6,2023-01-20,1835,Aqua,MODIS,70,61.03,298.3,61.5,D,0
5.0727,-70.5748,323.2,1.3,1.1,2023-01-20,1835,Aqua,MODIS,66,61.03,298.5,13.4,D,0
4.9704,-71.5952,332.6,1.1,1.1,2023-01-20,1835,Aqua,MODIS,83,61.03,302.6,25.6,D,0
4.9799,-71.5965,328.8,1.1,1.1,2023-01-20,1835,Aqua,MODIS,79,61.03,303.5,19.3,D,0
4.9959,-71.6192,318.6,1.1,1.1,2023-01-20,1835,Aqua,MODIS,36,61.03,302.2,6.5,D,0
5.1956,-71.7579,323.8,1.1,1.1,2023-01-20,1835,Aqua,MODIS,69,61.03,303.4,15.6,D,0
5.5953,-69.2371,322.6,1.6,1.2,2023-01-20,1835,Aqua,MODIS,0,61.03,293,28.4,D,0
5.1821,-72.1905,320.6,1.1,1,2023-01-20,1835,Aqua,MODIS,60,61.03,301.7,9.9,D,0
5.4955,-71.9889,337.8,1.1,1,2023-01-20,1835,Aqua,MODIS,88,61.03,304,34.6,D,0
5.475,-72.1338,317.4,1.1,1,2023-01-20,1835,Aqua,MODIS,51,61.03,300,6.2,D,0
5.0828,-75.7247,313,1.1,1.1,2023-01-20,1835,Aqua,MODIS,71,61.03,297.9,7.9,D,0
5.9933,-69.9845,323.2,1.4,1.2,2023-01-20,1835,Aqua,MODIS,41,61.03,300.9,15,D,0
-20.7189,-56.4734,313.2,1,1,2023-01-21,0204,Terra,MODIS,85,61.03,294,10.7,N,0
-20.3714,-59.4176,308.9,1.4,1.2,2023-01-21,0204,Terra,MODIS,65,61.03,296.6,9.4,N,0
-20.3608,-59.419,307.3,1.4,1.2,2023-01-21,0204,Terra,MODIS,56,61.03,296.5,7.6,N,0
-19.7691,-55.9739,304.7,1,1,2023-01-21,0204,Terra,MODIS,57,61.03,293.4,4.1,N,0
-20.0397,-58.8797,305,1.3,1.1,2023-01-21,0204,Terra,MODIS,41,61.03,294.1,5.2,N,0
-19.7284,-63.0993,306.5,2.6,1.6,2023-01-21,0204,Terra,MODIS,68,61.03,295,22.4,N,0
-18.3242,-54.6161,321.3,1,1,2023-01-21,0204,Terra,MODIS,100,61.03,281.5,19.7,N,0
-18.3166,-54.6273,313.3,1,1,2023-01-21,0204,Terra,MODIS,87,61.03,283,12.8,N,0
-17.9913,-62.1118,308.8,2.1,1.4,2023-01-21,0205,Terra,MODIS,76,61.03,294.7,18.5,N,0
-17.9766,-62.0939,321.2,2.1,1.4,2023-01-21,0205,Terra,MODIS,100,61.03,294.8,47.2,N,0
-17.9787,-62.1133,329.9,2.1,1.4,2023-01-21,0205,Terra,MODIS,100,61.03,295.2,76.3,N,0
-17.9809,-62.1327,307.1,2.1,1.4,2023-01-21,0205,Terra,MODIS,70,61.03,294.7,14.8,N,0
-17.7388,-61.0947,303.9,1.7,1.3,2023-01-21,0205,Terra,MODIS,55,61.03,292.4,7.4,N,0
-17.7402,-61.0839,306.3,1.7,1.3,2023-01-21,0205,Terra,MODIS,67,61.03,292.5,12,N,0
-16.4876,-61.113,304,1.7,1.3,2023-01-21,0205,Terra,MODIS,30,61.03,291.6,8.7,N,0
-16.4894,-61.1284,342.1,1.7,1.3,2023-01-21,0205,Terra,MODIS,100,61.03,293,96.3,N,0
-16.4912,-61.1439,316.4,1.7,1.3,2023-01-21,0205,Terra,MODIS,93,61.03,291.8,27.2,N,0
-16.478,-61.1299,308.7,1.7,1.3,2023-01-21,0205,Terra,MODIS,74,61.03,291.6,15.3,N,0
-16.4778,-61.1201,313,1.7,1.3,2023-01-21,0205,Terra,MODIS,86,61.03,291.7,21.3,N,0
-16.4797,-61.1355,313.3,1.7,1.3,2023-01-21,0205,Terra,MODIS,86,61.03,291.7,21.6,N,0
-16.545,-62.541,302.2,2.1,1.4,2023-01-21,0205,Terra,MODIS,47,61.03,291.8,9.3,N,0
-16.5449,-62.5475,302.8,2.1,1.4,2023-01-21,0205,Terra,MODIS,51,61.03,291.9,10.6,N,0
-16.242,-60.5775,309.5,1.5,1.2,2023-01-21,0205,Terra,MODIS,77,61.03,291.6,14.8,N,0
-16.3763,-61.7302,308.9,1.8,1.3,2023-01-21,0205,Terra,MODIS,75,61.03,292.3,18.2,N,0
-16.1131,-59.8384,310.6,1.3,1.1,2023-01-21,0205,Terra,MODIS,80,61.03,293,12.8,N,0
-16.1013,-59.8274,338.6,1.3,1.1,2023-01-21,0205,Terra,MODIS,100,61.03,293.6,60.9,N,0
-16.1028,-59.8399,345.7,1.3,1.1,2023-01-21,0205,Terra,MODIS,100,61.03,293.8,80.4,N,0
-16.4461,-62.7061,304.9,2.2,1.4,2023-01-21,0205,Terra,MODIS,62,61.03,292.2,15.8,N,0
-16.2255,-61.2121,327.7,1.7,1.3,2023-01-21,0205,Terra,MODIS,100,61.03,292.5,52.8,N,0
-16.2273,-61.2273,335.7,1.7,1.3,2023-01-21,0205,Terra,MODIS,100,61.03,293,76.3,N,0
-16.2291,-61.2428,302.7,1.7,1.3,2023-01-21,0205,Terra,MODIS,50,61.03,292,7.9,N,0
-16.216,-61.2196,308.2,1.7,1.3,2023-01-21,0205,Terra,MODIS,74,61.03,291.9,14.9,N,0
-15.8727,-63.1711,309,2.3,1.5,2023-01-21,0205,Terra,MODIS,76,61.03,291.6,24.7,N,0
-15.875,-63.1926,321.2,2.3,1.5,2023-01-21,0205,Terra,MODIS,100,61.03,291.8,60.3,N,0
-15.5398,-60.3742,302.3,1.4,1.2,2023-01-21,0205,Terra,MODIS,48,61.03,291.7,6.4,N,0
-15.8762,-63.1772,317.9,2.3,1.5,2023-01-21,0205,Terra,MODIS,96,61.03,291.8,49.3,N,0
-15.8786,-63.1988,311.7,2.3,1.5,2023-01-21,0205,Terra,MODIS,83,61.03,291.8,31.9,N,0
-14.8022,-59.9394,311.6,1.3,1.1,2023-01-21,0206,Terra,MODIS,83,61.03,292.3,13.4,N,0
-12.1202,-52.5407,302.8,1.6,1.2,2023-01-21,0206,Terra,MODIS,52,61.03,288,9.1,N,0
-10.883,-56.4459,300.9,1,1,2023-01-21,0207,Terra,MODIS,35,61.03,290.6,3.3,N,0
-10.8202,-56.0736,301.9,1,1,2023-01-21,0207,Terra,MODIS,45,61.03,291,3.8,N,0
5.486,-67.904,311.2,2.5,1.5,2023-01-21,0211,Terra,MODIS,82,61.03,290.6,33.9,N,0
5.4835,-67.8863,304.4,2.5,1.5,2023-01-21,0211,Terra,MODIS,60,61.03,291,16.7,N,0
5.48,-67.9084,307.5,2.5,1.5,2023-01-21,0211,Terra,MODIS,72,61.03,290.4,24.2,N,0
-16.0971,-59.8319,335.1,1.3,1.1,2023-01-21,0521,Aqua,MODIS,100,61.03,292.6,47.8,N,0
-16.0989,-59.8204,314.4,1.2,1.1,2023-01-21,0521,Aqua,MODIS,89,61.03,291.6,15.5,N,0
-16.0956,-59.8385,308.8,1.3,1.1,2023-01-21,0521,Aqua,MODIS,76,61.03,291.5,10.3,N,0
-16.0975,-59.8269,327.2,1.2,1.1,2023-01-21,0521,Aqua,MODIS,100,61.03,292.6,33.6,N,0
-16.1056,-59.8402,306.9,1.3,1.1,2023-01-21,0521,Aqua,MODIS,70,61.03,291.6,8.6,N,0
-16.1075,-59.8286,312.8,1.2,1.1,2023-01-21,0521,Aqua,MODIS,86,61.03,292.4,14.3,N,0
-16.2423,-60.575,302,1.4,1.2,2023-01-21,0521,Aqua,MODIS,46,61.03,291,6.3,N,0
-15.8684,-63.1777,315.2,2.1,1.4,2023-01-21,0521,Aqua,MODIS,91,61.03,291,37.6,N,0
-15.8811,-63.18,322,2.1,1.4,2023-01-21,0521,Aqua,MODIS,100,61.03,290.9,57,N,0
-16.217,-61.2239,312.8,1.5,1.2,2023-01-21,0521,Aqua,MODIS,86,61.03,290.9,20.4,N,0
-16.2193,-61.2099,322.2,1.5,1.2,2023-01-21,0521,Aqua,MODIS,100,61.03,291.3,36.1,N,0
-15.8792,-63.1869,321.4,2.1,1.4,2023-01-21,0521,Aqua,MODIS,100,61.03,290.9,55,N,0
-15.8828,-63.1673,316.9,2.1,1.4,2023-01-21,0521,Aqua,MODIS,94,61.03,290.9,41.7,N,0
-16.4773,-61.118,313.6,1.5,1.2,2023-01-21,0521,Aqua,MODIS,88,61.03,290.9,20.9,N,0
-16.4858,-61.1337,314.7,1.5,1.2,2023-01-21,0521,Aqua,MODIS,90,61.03,291.2,22.3,N,0
-16.4881,-61.1199,325.4,1.5,1.2,2023-01-21,0521,Aqua,MODIS,100,61.03,291.6,40.8,N,0
-16.438,-62.6978,302.5,1.9,1.4,2023-01-21,0521,Aqua,MODIS,50,61.03,292.1,9,N,0
-16.4427,-62.704,303.6,1.9,1.4,2023-01-21,0521,Aqua,MODIS,56,61.03,292.1,10.6,N,0
-18.3163,-54.6211,305.8,1.2,1.1,2023-01-21,0521,Aqua,MODIS,66,61.03,286.8,8.5,N,0
-18.3178,-54.6099,308.4,1.2,1.1,2023-01-21,0521,Aqua,MODIS,74,61.03,286.3,10.6,N,0
-17.7383,-61.0838,302.4,1.4,1.2,2023-01-21,0521,Aqua,MODIS,49,61.03,292.4,6,N,0
-17.9697,-62.1045,316.2,1.6,1.3,2023-01-21,0522,Aqua,MODIS,93,61.03,294.2,25,N,0
-17.9724,-62.0893,318.2,1.6,1.3,2023-01-21,0522,Aqua,MODIS,96,61.03,294.2,28.6,N,0
-17.9783,-62.1219,308.1,1.6,1.3,2023-01-21,0522,Aqua,MODIS,74,61.03,293.7,13.1,N,0
-17.981,-62.1066,321.2,1.6,1.3,2023-01-21,0522,Aqua,MODIS,100,61.03,294,35.1,N,0
-18.1336,-61.8946,304.6,1.6,1.2,2023-01-21,0522,Aqua,MODIS,61,61.03,294.5,8.7,N,0
-19.8317,-60.4509,308.9,1.2,1.1,2023-01-21,0522,Aqua,MODIS,73,61.03,294.6,9.7,N,0
3.6475,-71.9106,304.9,1.8,1.3,2023-01-21,0654,Aqua,MODIS,62,61.03,289.4,15.1,N,0
-2.0093,-78.3302,336.3,1,1,2023-01-21,0656,Aqua,MODIS,100,61.03,271.3,42.8,N,1
5.6409,-66.4399,321.4,1.2,1.1,2023-01-21,1429,Terra,MODIS,75,61.03,299.7,17.3,D,0
5.4588,-65.8806,315.8,1.1,1.1,2023-01-21,1429,Terra,MODIS,70,61.03,298.6,8,D,0
5.6405,-69.2958,315.1,1.9,1.4,2023-01-21,1429,Terra,MODIS,62,61.03,298.2,13.8,D,0
4.6903,-65.3495,316.8,1.1,1,2023-01-21,1429,Terra,MODIS,51,61.03,293.5,9.9,D,0
5.4659,-71.132,315.6,2.7,1.6,2023-01-21,1429,Terra,MODIS,57,61.03,296.1,26,D,0
5.2033,-69.2242,323.5,1.9,1.3,2023-01-21,1429,Terra,MODIS,76,61.03,297.9,30.4,D,0
5.1977,-69.2318,320.5,1.9,1.3,2023-01-21,1429,Terra,MODIS,72,61.03,298.2,26.6,D,0
4.9213,-71.2,313.1,2.7,1.6,2023-01-21,1429,Terra,MODIS,58,61.03,295.4,24.6,D,0
3.4589,-71.7167,318.2,2.8,1.6,2023-01-21,1429,Terra,MODIS,72,61.03,294.4,47,D,0
3.455,-71.7233,316.4,2.8,1.6,2023-01-21,1430,Terra,MODIS,70,61.03,294.2,40.8,D,0
2.8889,-72.4488,314.4,3.1,1.7,2023-01-21,1430,Terra,MODIS,66,61.03,292.9,35.1,D,0
2.8898,-72.4557,315.1,3.1,1.7,2023-01-21,1430,Terra,MODIS,68,61.03,292.9,41.1,D,0
-9.5738,-62.8232,309.4,1.5,1.2,2023-01-21,1433,Terra,MODIS,0,61.03,292.2,10.5,D,0
-9.6649,-65.7395,312.2,1,1,2023-01-21,1433,Terra,MODIS,64,61.03,293.5,5.5,D,0
-11.8228,-65.513,313.9,1.1,1,2023-01-21,1433,Terra,MODIS,68,61.03,294.9,8.7,D,0
-12.2094,-64.8418,314.7,1.2,1.1,2023-01-21,1433,Terra,MODIS,67,61.03,294,9.8,D,0
-12.2108,-64.8311,308.4,1.2,1.1,2023-01-21,1433,Terra,MODIS,45,61.03,290.9,4,D,0
-12.3804,-63.8723,314.3,1.4,1.2,2023-01-21,1433,Terra,MODIS,34,61.03,295.9,10.8,D,0
-12.8584,-60.1073,308,2.7,1.6,2023-01-21,1433,Terra,MODIS,44,61.03,291.9,24.5,D,0
-12.2658,-64.8605,322.9,1.2,1.1,2023-01-21,1433,Terra,MODIS,78,61.03,295,18.4,D,0
-12.2673,-64.8497,320,1.2,1.1,2023-01-21,1433,Terra,MODIS,75,61.03,295.2,14.6,D,0
-12.2699,-64.856,324.5,1.2,1.1,2023-01-21,1433,Terra,MODIS,80,61.03,295,22.5,D,0
-15.8836,-63.1764,322.4,1.7,1.3,2023-01-21,1434,Terra,MODIS,79,61.03,292.9,32,D,0
-12.4485,-66.241,315,1,1,2023-01-21,1434,Terra,MODIS,46,61.03,300.5,8.5,D,0
-13.3674,-65.5787,319.9,1.1,1.1,2023-01-21,1434,Terra,MODIS,72,61.03,298.1,12.7,D,0
-13.3687,-65.5685,315.5,1.1,1.1,2023-01-21,1434,Terra,MODIS,64,61.03,297.6,7.8,D,0
-13.1625,-67.3053,335,1,1,2023-01-21,1434,Terra,MODIS,87,61.03,297,28.6,D,0
-13.1715,-67.3066,321.3,1,1,2023-01-21,1434,Terra,MODIS,75,61.03,296.2,12.3,D,0
-13.1728,-67.2975,311.7,1,1,2023-01-21,1434,Terra,MODIS,53,61.03,295.3,4.1,D,0
-13.9144,-65.4323,315.5,1.2,1.1,2023-01-21,1434,Terra,MODIS,66,61.03,296.8,8.3,D,0
-15.063,-68.1169,316.9,1,1,2023-01-21,1434,Terra,MODIS,70,61.03,303.2,9.8,D,0
-15.6965,-63.9563,310.5,1.5,1.2,2023-01-21,1434,Terra,MODIS,56,61.03,295.1,8.2,D,0
-15.7073,-63.9577,314.3,1.5,1.2,2023-01-21,1434,Terra,MODIS,68,61.03,295.3,13.8,D,0
-15.8816,-63.1922,317.2,1.7,1.3,2023-01-21,1434,Terra,MODIS,73,61.03,294,21.2,D,0
-15.8813,-63.1826,327.7,1.7,1.3,2023-01-21,1434,Terra,MODIS,83,61.03,294.1,45,D,0
-16.4953,-61.1343,313.8,2.5,1.5,2023-01-21,1434,Terra,MODIS,45,61.03,292,29.3,D,0
-16.3591,-62.2037,311.4,2.1,1.4,2023-01-21,1434,Terra,MODIS,63,61.03,293.9,20.3,D,0
-16.4893,-61.1403,312.1,2.5,1.5,2023-01-21,1434,Terra,MODIS,65,61.03,292.8,29.1,D,0
-16.4917,-61.1172,313.7,2.5,1.5,2023-01-21,1434,Terra,MODIS,68,61.03,292.8,33.7,D,0
-16.431,-62.695,309.6,1.9,1.3,2023-01-21,1434,Terra,MODIS,45,61.03,293.4,13.5,D,0
-19.9098,-59.8057,318,3.5,1.8,2023-01-21,1435,Terra,MODIS,60,61.03,295.6,46.9,D,0
-19.9129,-59.7721,346.6,3.5,1.8,2023-01-21,1435,Terra,MODIS,93,61.03,296.7,292.8,D,0
-19.7155,-63.1001,324.2,2,1.4,2023-01-21,1435,Terra,MODIS,54,61.03,306,22.8,D,0
-19.7211,-63.0883,326.5,2,1.4,2023-01-21,1435,Terra,MODIS,62,61.03,307.3,32.5,D,0
-20.0386,-63.5172,317.8,1.9,1.3,2023-01-21,1435,Terra,MODIS,39,61.03,306.3,17.6,D,2
-20.9806,-61.0604,321.6,2.9,1.6,2023-01-21,1436,Terra,MODIS,64,61.03,302.6,42.2,D,0
-20.9951,-61.0619,330.5,2.9,1.6,2023-01-21,1436,Terra,MODIS,81,61.03,302.5,86.8,D,0
-20.9967,-61.0688,323.8,2.9,1.6,2023-01-21,1436,Terra,MODIS,73,61.03,302.6,47.1,D,0
-4.8528,-80.8382,318.5,4.2,1.9,2023-01-21,1610,Terra,MODIS,29,61.03,292.1,43.1,D,2
-20.6826,-54.9873,330.5,1,1,2023-01-21,1732,Aqua,MODIS,81,61.03,300.3,20.3,D,0
-20.9957,-61.0585,325.2,2.3,1.5,2023-01-21,1732,Aqua,MODIS,61,61.03,306.4,25.8,D,0
-20.9848,-61.0822,328,2.3,1.5,2023-01-21,1732,Aqua,MODIS,50,61.03,306.6,37.7,D,0
-20.9872,-61.1045,336,2.3,1.5,2023-01-21,1732,Aqua,MODIS,84,61.03,306.8,75,D,0
-20.1428,-54.738,322.2,1,1,2023-01-21,1732,Aqua,MODIS,43,61.03,304.5,10.3,D,0
-19.3722,-55.0145,325.8,1,1,2023-01-21,1733,Aqua,MODIS,69,61.03,306.9,13.8,D,0
-19.9182,-59.7746,352.5,1.8,1.3,2023-01-21,1733,Aqua,MODIS,96,61.03,304,127.6,D,0
-19.9201,-59.7916,367.8,1.8,1.3,2023-01-21,1733,Aqua,MODIS,100,61.03,307.1,227.2,D,0
-18.6307,-54.6488,319.9,1,1,2023-01-21,1733,Aqua,MODIS,49,61.03,301,8.8,D,0
-18.325,-54.6292,352.6,1,1,2023-01-21,1733,Aqua,MODIS,96,61.03,303.9,57,D,0
-18.316,-54.6306,322.8,1,1,2023-01-21,1733,Aqua,MODIS,29,61.03,301,9.6,D,0
-17.104,-54.5893,315.4,1,1,2023-01-21,1733,Aqua,MODIS,39,61.03,297.5,6.4,D,0
-18.0765,-62.5347,315.7,2.7,1.6,2023-01-21,1733,Aqua,MODIS,56,61.03,297.3,27.2,D,0
-17.3023,-58.6214,314.5,1.4,1.2,2023-01-21,1733,Aqua,MODIS,60,61.03,296,10,D,0
-16.3466,-55.2015,316.9,1,1,2023-01-21,1733,Aqua,MODIS,51,61.03,298.2,8.2,D,0
-16.4584,-57.209,323.7,1.1,1.1,2023-01-21,1733,Aqua,MODIS,75,61.03,298.3,14.2,D,0
-16.7186,-59.8119,313.3,1.6,1.3,2023-01-21,1733,Aqua,MODIS,61,61.03,296.4,14.4,D,0
-16.3541,-58.2847,320.4,1.3,1.1,2023-01-21,1733,Aqua,MODIS,62,61.03,301.4,10.9,D,0
-16.4858,-61.1318,314,2,1.4,2023-01-21,1734,Aqua,MODIS,56,61.03,293.5,20.4,D,0
-16.446,-62.7074,321.8,2.7,1.6,2023-01-21,1734,Aqua,MODIS,77,61.03,295.4,60.2,D,0
-16.4318,-62.7088,315.3,2.7,1.6,2023-01-21,1734,Aqua,MODIS,42,61.03,293.2,35.5,D,0
-16.3621,-62.2094,313.1,2.4,1.5,2023-01-21,1734,Aqua,MODIS,63,61.03,294.3,29,D,0
-16.0395,-60.2329,318.8,1.7,1.3,2023-01-21,1734,Aqua,MODIS,62,61.03,300.8,22,D,0
-15.8785,-63.1814,311.2,2.8,1.6,2023-01-21,1734,Aqua,MODIS,52,61.03,293.7,24.2,D,0
-15.2618,-61.0396,316.4,1.9,1.3,2023-01-21,1734,Aqua,MODIS,39,61.03,296.2,21.5,D,0
-14.5072,-60.0242,317.6,1.6,1.2,2023-01-21,1734,Aqua,MODIS,39,61.03,299.9,15.4,D,0
-13.5897,-55.0418,317.5,1,1,2023-01-21,1734,Aqua,MODIS,14,61.03,298.1,6.2,D,0
-13.8572,-59.5897,312.2,1.4,1.2,2023-01-21,1734,Aqua,MODIS,45,61.03,294.6,13.2,D,0
-13.4672,-56.957,318.2,1,1,2023-01-21,1734,Aqua,MODIS,54,61.03,300.4,10.6,D,0
-12.3584,-50.0168,321.3,2,1.4,2023-01-21,1734,Aqua,MODIS,55,61.03,299.1,29.3,D,0
-13.7271,-60.2702,315,1.6,1.2,2023-01-21,1734,Aqua,MODIS,54,61.03,294.4,17.2,D,0
-12.7897,-54.7395,321.2,1,1,2023-01-21,1734,Aqua,MODIS,28,61.03,301,13.5,D,0
-12.9729,-56.8346,322.3,1,1,2023-01-21,1734,Aqua,MODIS,54,61.03,304.6,15.1,D,0
-13.3239,-60.8715,305.1,1.7,1.3,2023-01-21,1734,Aqua,MODIS,18,61.03,283.1,7.2,D,0
-13.6432,-64.8781,309.1,3.6,1.8,2023-01-21,1734,Aqua,MODIS,46,61.03,292.3,24.6,D,0
-12.1603,-54.3443,314.8,1.1,1,2023-01-21,1734,Aqua,MODIS,16,61.03,296.4,6.6,D,0
-13.6073,-66.1515,309.5,4.5,1.9,2023-01-21,1734,Aqua,MODIS,54,61.03,289.9,41.4,D,0
-13.6116,-66.1928,326.4,4.5,2,2023-01-21,1734,Aqua,MODIS,81,61.03,289.8,176.9,D,0
-12.9517,-60.5612,308.1,1.6,1.3,2023-01-21,1734,Aqua,MODIS,29,61.03,290.4,12.7,D,0
-12.9463,-60.6899,310.7,1.7,1.3,2023-01-21,1734,Aqua,MODIS,24,61.03,289.8,9.6,D,0
-13.6069,-66.1557,312.6,4.5,1.9,2023-01-21,1734,Aqua,MODIS,64,61.03,289.8,61.6,D,0
-13.6115,-66.1969,324.9,4.5,2,2023-01-21,1734,Aqua,MODIS,80,61.03,289.9,161.5,D,0
-11.7669,-52.7532,325,1.3,1.1,2023-01-21,1734,Aqua,MODIS,76,61.03,304.5,21.8,D,0
-11.7442,-52.8051,328.5,1.3,1.1,2023-01-21,1735,Aqua,MODIS,42,61.03,306.2,24.7,D,0
-11.746,-52.8167,328.3,1.3,1.1,2023-01-21,1735,Aqua,MODIS,45,61.03,305,25.3,D,0
-11.7351,-52.8134,329.7,1.3,1.1,2023-01-21,1735,Aqua,MODIS,63,61.03,306.3,26.7,D,0
-12.0362,-55.374,315.7,1,1,2023-01-21,1735,Aqua,MODIS,20,61.03,294.8,7.3,D,0
-11.6611,-54.0793,326.4,1.1,1,2023-01-21,1735,Aqua,MODIS,34,61.03,306,17.8,D,0
-11.6517,-54.0807,328.9,1.1,1,2023-01-21,1735,Aqua,MODIS,63,61.03,307.4,21.9,D,0
-11.6423,-54.0822,323.5,1.1,1,2023-01-21,1735,Aqua,MODIS,35,61.03,303.7,14.7,D,0
-11.7649,-55.5377,315.2,1,1,2023-01-21,1735,Aqua,MODIS,46,61.03,294,6.8,D,0
-12.3739,-59.9899,310.3,1.5,1.2,2023-01-21,1735,Aqua,MODIS,58,61.03,292.5,10.6,D,0
-12.3561,-61.261,312.3,1.8,1.3,2023-01-21,1735,Aqua,MODIS,57,61.03,293.7,12,D,0
-10.2054,-49.7071,318.8,2.3,1.5,2023-01-21,1735,Aqua,MODIS,45,61.03,295.5,29.8,D,0
-10.1896,-49.7729,317.2,2.3,1.5,2023-01-21,1735,Aqua,MODIS,71,61.03,295,26.6,D,0
-11.895,-66.6186,305.9,4.6,2,2023-01-21,1735,Aqua,MODIS,34,61.03,288.8,36.8,D,0
-11.8947,-66.6262,305.8,4.6,2,2023-01-21,1735,Aqua,MODIS,50,61.03,288.7,39,D,0
-8.5726,-63.8701,309.7,2.5,1.5,2023-01-21,1736,Aqua,MODIS,56,61.03,288.7,24.3,D,0
-6.156,-60.0707,308.1,1.2,1.1,2023-01-21,1736,Aqua,MODIS,31,61.03,292.8,6.4,D,0
-5.8156,-61.2941,313.8,1.4,1.2,2023-01-21,1736,Aqua,MODIS,0,61.03,296.1,13.1,D,2
-5.2404,-60.0961,312,1.2,1.1,2023-01-21,1737,Aqua,MODIS,57,61.03,295.6,9.2,D,0
-3.2361,-53.9495,312.1,1.4,1.2,2023-01-21,1737,Aqua,MODIS,55,61.03,292.5,9.1,D,0
-3.3534,-64.7163,311.4,2.4,1.5,2023-01-21,1737,Aqua,MODIS,0,61.03,292.2,20.8,D,2
-3.358,-64.7226,311.5,2.4,1.5,2023-01-21,1737,Aqua,MODIS,0,61.03,292.3,19.7,D,2
-1.5934,-53.3932,319.2,1.7,1.3,2023-01-21,1737,Aqua,MODIS,60,61.03,294.7,23,D,0
1.5141,-59.975,311.5,1,1,2023-01-21,1738,Aqua,MODIS,68,61.03,292.3,7.2,D,0
1.5128,-59.9841,308.1,1,1,2023-01-21,1738,Aqua,MODIS,61,61.03,291,4.5,D,0
2.3727,-59.3859,323.8,1,1,2023-01-21,1739,Aqua,MODIS,80,61.03,297.3,12.3,D,0
2.3714,-59.3948,317,1,1,2023-01-21,1739,Aqua,MODIS,25,61.03,296.8,5.6,D,0
2.2963,-59.9796,317.2,1,1,2023-01-21,1739,Aqua,MODIS,55,61.03,294.8,8.9,D,0
2.5817,-59.9809,311.7,1,1,2023-01-21,1739,Aqua,MODIS,38,61.03,292.8,4.5,D,0
2.6524,-60.0005,317.7,1,1,2023-01-21,1739,Aqua,MODIS,56,61.03,292,9,D,0
3.0548,-60.8438,313.7,1.1,1,2023-01-21,1739,Aqua,MODIS,33,61.03,292.3,5.6,D,0
3.7031,-59.6173,316.1,1,1,2023-01-21,1739,Aqua,MODIS,38,61.03,290.8,7.9,D,0
4.0738,-63.6113,303.2,1.5,1.2,2023-01-21,1739,Aqua,MODIS,14,61.03,285.5,4.7,D,0
4.3478,-69.8787,307.1,4.6,2,2023-01-21,1739,Aqua,MODIS,41,61.03,287.3,39.7,D,0
4.3481,-69.8827,307.8,4.6,2,2023-01-21,1740,Aqua,MODIS,36,61.03,287.1,42.4,D,0
5.1992,-66.4935,315.8,2.4,1.5,2023-01-21,1740,Aqua,MODIS,72,61.03,293.2,33.2,D,0
5.1953,-66.4998,313.6,2.4,1.5,2023-01-21,1740,Aqua,MODIS,68,61.03,292.7,28.2,D,0
5.6854,-65.8151,317.7,2.1,1.4,2023-01-21,1740,Aqua,MODIS,75,61.03,296.4,22,D,0
5.6805,-67.8298,315.3,3,1.6,2023-01-21,1740,Aqua,MODIS,34,61.03,289.7,33.5,D,0
5.6815,-67.837,320.5,3,1.6,2023-01-21,1740,Aqua,MODIS,55,61.03,290,56.4,D,0
5.9266,-68.2881,320.1,3.2,1.7,2023-01-21,1740,Aqua,MODIS,69,61.03,291.7,65.8,D,0
-10.3826,-77.6801,333.4,1.3,1.1,2023-01-21,1914,Aqua,MODIS,83,61.03,302.5,22,D,2
-10.3844,-77.692,326.5,1.3,1.1,2023-01-21,1914,Aqua,MODIS,75,61.03,302.3,8.7,D,0
-4.8515,-80.8389,348.1,1.1,1,2023-01-21,1915,Aqua,MODIS,91,61.03,304.4,43.7,D,2
-20.6237,-58.4694,304.3,2.3,1.5,2023-01-22,0245,Terra,MODIS,45,61.03,288.6,12.1,N,0
-19.9177,-59.764,308,1.9,1.4,2023-01-22,0245,Terra,MODIS,68,61.03,295.2,14.5,N,0
-19.9208,-59.782,309.8,1.9,1.3,2023-01-22,0245,Terra,MODIS,74,61.03,295.3,17.6,N,0
-19.7831,-59.9442,312.1,1.9,1.3,2023-01-22,0245,Terra,MODIS,82,61.03,294.1,23.7,N,0
-19.7863,-59.9618,336.9,1.9,1.3,2023-01-22,0245,Terra,MODIS,100,61.03,294.6,93.2,N,0
-19.778,-59.952,327.9,1.9,1.3,2023-01-22,0245,Terra,MODIS,100,61.03,294.3,62,N,0
-19.781,-59.9696,322.2,1.9,1.3,2023-01-22,0245,Terra,MODIS,100,61.03,293.6,46.7,N,0
-18.833,-62.9393,309.9,1.2,1.1,2023-01-22,0246,Terra,MODIS,78,61.03,296.5,9,N,0
-18.4458,-62.3187,312.6,1.4,1.2,2023-01-22,0246,Terra,MODIS,85,61.03,296,14.1,N,0
-18.4478,-62.3314,315.9,1.4,1.2,2023-01-22,0246,Terra,MODIS,92,61.03,296.1,18.1,N,0
-17.9787,-62.0862,306.1,1.4,1.2,2023-01-22,0246,Terra,MODIS,65,61.03,294.7,8.3,N,0
-17.9809,-62.0995,308.2,1.4,1.2,2023-01-22,0246,Terra,MODIS,73,61.03,294.7,10.3,N,0
-17.9831,-62.1128,317.6,1.4,1.2,2023-01-22,0246,Terra,MODIS,95,61.03,294.9,22.2,N,0
-17.9726,-62.1147,314.4,1.4,1.2,2023-01-22,0246,Terra,MODIS,89,61.03,294.8,17.2,N,0
-17.9747,-62.128,314.7,1.4,1.2,2023-01-22,0246,Terra,MODIS,89,61.03,295,17.8,N,0
-17.6754,-60.6308,313.1,1.8,1.3,2023-01-22,0246,Terra,MODIS,86,61.03,294,23.2,N,0
-17.6782,-60.6191,303.7,1.8,1.3,2023-01-22,0246,Terra,MODIS,53,61.03,293.7,9.2,N,0
-17.6811,-60.6361,307.2,1.8,1.3,2023-01-22,0246,Terra,MODIS,69,61.03,294,14.5,N,0
-16.6004,-60.6059,316.5,1.9,1.4,2023-01-22,0246,Terra,MODIS,93,61.03,291.7,36.3,N,0
-16.6034,-60.6234,321.1,1.9,1.4,2023-01-22,0246,Terra,MODIS,100,61.03,291.6,47.2,N,0
-16.4936,-61.1301,304.1,1.8,1.3,2023-01-22,0246,Terra,MODIS,59,61.03,291.9,11.4,N,0
-16.4836,-61.1216,303.1,1.8,1.3,2023-01-22,0246,Terra,MODIS,40,61.03,291.6,9.4,N,0
-16.4863,-61.1379,302.8,1.8,1.3,2023-01-22,0246,Terra,MODIS,35,61.03,291.8,9,N,0
-15.8804,-63.1859,307.1,1.3,1.1,2023-01-22,0246,Terra,MODIS,69,61.03,293.9,8.8,N,0
-13.9248,-65.4287,307.1,1.1,1,2023-01-22,0247,Terra,MODIS,65,61.03,294.3,5.7,N,0
-13.0909,-67.383,311.7,1,1,2023-01-22,0247,Terra,MODIS,82,61.03,293.7,8.9,N,0
-13.0922,-67.3921,303.5,1,1,2023-01-22,0247,Terra,MODIS,37,61.03,293.5,3.4,N,0
-12.1007,-68.3969,304,1,1,2023-01-22,0248,Terra,MODIS,58,61.03,292.1,4.7,N,0
-2.0042,-78.3323,324.6,3.5,1.8,2023-01-22,0251,Terra,MODIS,100,61.03,276,167.2,N,1
-2.0095,-78.3723,331.8,3.5,1.8,2023-01-22,0251,Terra,MODIS,100,61.03,273.5,225.1,N,1
-2.009,-78.3408,335.3,3.5,1.8,2023-01-22,0251,Terra,MODIS,100,61.03,277.9,252,N,1
-2.015,-78.3829,322,3.5,1.8,2023-01-22,0251,Terra,MODIS,100,61.03,270.9,154.6,N,1
2.2961,-72.4954,307.4,1.1,1.1,2023-01-22,0252,Terra,MODIS,71,61.03,282.3,10.3,N,0
3.7558,-71.4994,312.2,1,1,2023-01-22,0252,Terra,MODIS,84,61.03,286.7,11.6,N,0
4.5385,-69.9918,313.1,1,1,2023-01-22,0252,Terra,MODIS,86,61.03,291.7,11,N,0
4.6295,-71.0536,302.9,1,1,2023-01-22,0252,Terra,MODIS,52,61.03,292.1,4.1,N,0
5.1519,-70.2789,315,1,1,2023-01-22,0252,Terra,MODIS,90,61.03,293,11.7,N,0
5.1506,-70.2879,328.3,1,1,2023-01-22,0252,Terra,MODIS,100,61.03,293.4,25.6,N,0
5.1609,-70.2801,305.1,1,1,2023-01-22,0252,Terra,MODIS,63,61.03,292.3,4.8,N,0
5.1596,-70.2892,303.5,1,1,2023-01-22,0252,Terra,MODIS,55,61.03,292.7,3.8,N,0
5.7302,-69.6221,314.6,1.1,1,2023-01-22,0252,Terra,MODIS,90,61.03,281.7,15.6,N,0
-16.5983,-60.6172,305,2.3,1.5,2023-01-22,0604,Aqua,MODIS,62,61.03,290.9,20.7,N,0
-16.6008,-60.5953,305.3,2.3,1.5,2023-01-22,0604,Aqua,MODIS,64,61.03,291.1,21.5,N,0
-19.7811,-59.9589,300.5,2.9,1.6,2023-01-22,0604,Aqua,MODIS,28,61.03,287.9,15,N,0
-19.7844,-59.9389,300.4,2.9,1.6,2023-01-22,0604,Aqua,MODIS,27,61.03,288.4,15,N,0
0.0167,-51.067,309.8,1,1,2023-01-22,1333,Terra,MODIS,0,61.03,286.9,3.9,D,2
-13.9071,-59.6443,315.8,2.1,1.4,2023-01-22,1337,Terra,MODIS,24,61.03,295.3,22.3,D,0
-13.9195,-59.6464,315.8,2.1,1.4,2023-01-22,1337,Terra,MODIS,18,61.03,295.8,21.6,D,0
-12.4675,-60.3533,307.3,2.5,1.5,2023-01-22,1337,Terra,MODIS,41,61.03,278.2,21.7,D,0
-13.8527,-59.5707,313.8,2,1.4,2023-01-22,1337,Terra,MODIS,63,61.03,293.9,21.5,D,0
-17.8458,-55.0141,327.4,1,1,2023-01-22,1338,Terra,MODIS,79,61.03,298.6,15.7,D,0
-18.0824,-54.7865,315.9,1,1,2023-01-22,1338,Terra,MODIS,43,61.03,299.4,6.8,D,0
-18.3266,-54.6276,316.9,1,1,2023-01-22,1338,Terra,MODIS,63,61.03,297.5,7.8,D,0
-18.8034,-52.4879,311.9,1.1,1.1,2023-01-22,1338,Terra,MODIS,60,61.03,294.1,6.8,D,0
-20.7752,-51.5196,312.4,1.3,1.1,2023-01-22,1338,Terra,MODIS,57,61.03,293.4,7.8,D,0
3.7469,-71.4895,320.7,1.2,1.1,2023-01-22,1510,Terra,MODIS,47,61.03,297.6,12.8,D,0
5.9479,-69.5735,322.5,1.6,1.2,2023-01-22,1510,Terra,MODIS,77,61.03,297.3,23.4,D,0
5.9458,-69.5598,318.3,1.6,1.2,2023-01-22,1510,Terra,MODIS,72,61.03,295.3,15.3,D,0
5.8769,-69.7844,320.2,1.5,1.2,2023-01-22,1510,Terra,MODIS,67,61.03,291.8,21.5,D,0
5.8784,-70.2611,319.9,1.4,1.2,2023-01-22,1510,Terra,MODIS,75,61.03,287.8,24.3,D,0
4.9868,-69.7515,323.4,1.6,1.2,2023-01-22,1510,Terra,MODIS,81,61.03,286.7,35.4,D,0
4.9847,-69.7378,315.3,1.6,1.2,2023-01-22,1510,Terra,MODIS,72,61.03,285.7,19.4,D,0
4.9829,-69.7444,325.2,1.6,1.2,2023-01-22,1510,Terra,MODIS,82,61.03,287.2,39.8,D,0
4.7821,-69.556,306.5,1.6,1.3,2023-01-22,1510,Terra,MODIS,39,61.03,277.6,11.3,D,0
4.0125,-71.9062,311.9,1.2,1.1,2023-01-22,1510,Terra,MODIS,51,61.03,284.4,8.7,D,0
3.7305,-71.2407,315.7,1.3,1.1,2023-01-22,1510,Terra,MODIS,36,61.03,294,8.9,D,0
3.7567,-71.4881,318.7,1.2,1.1,2023-01-22,1510,Terra,MODIS,33,61.03,297.1,10.3,D,0
-10.3314,-77.6236,320.9,1,1,2023-01-22,1514,Terra,MODIS,58,61.03,300.8,5.5,D,0
-13.0957,-67.3732,309.7,4.7,2,2023-01-22,1515,Terra,MODIS,63,61.03,287.4,44.2,D,0
-13.096,-67.3784,308.1,4.7,2,2023-01-22,1515,Terra,MODIS,48,61.03,287.3,32.7,D,0
-20.0319,-49.3227,307.7,3.3,1.7,2023-01-22,1637,Aqua,MODIS,0,61.03,286.7,22.5,D,0
-5.3778,-49.1323,311.7,2,1.4,2023-01-22,1641,Aqua,MODIS,44,61.03,293.9,13.2,D,0
-4.0004,-49.3126,312.6,1.9,1.4,2023-01-22,1641,Aqua,MODIS,68,61.03,293.4,20,D,0
-2.4725,-49.0441,310.8,1.7,1.3,2023-01-22,1641,Aqua,MODIS,58,61.03,292.9,14,D,0
-19.7836,-64.1653,320.5,1,1,2023-01-22,1815,Aqua,MODIS,24,61.03,302.4,9.8,D,0
-19.3247,-63.3836,322.9,1.1,1,2023-01-22,1815,Aqua,MODIS,53,61.03,304.2,10.5,D,0
-18.4099,-58.8593,322.8,2.1,1.4,2023-01-22,1815,Aqua,MODIS,74,61.03,303.7,34.9,D,0
-18.6522,-63.4968,328.5,1.1,1,2023-01-22,1815,Aqua,MODIS,75,61.03,303.6,16.7,D,0
-16.9307,-64.0568,323.2,1.1,1,2023-01-22,1816,Aqua,MODIS,48,61.03,303.8,12.8,D,0
-15.2334,-60.895,319.4,1.7,1.3,2023-01-22,1816,Aqua,MODIS,70,61.03,298.5,17.5,D,0
-15.8236,-67.0189,329.3,1,1,2023-01-22,1816,Aqua,MODIS,83,61.03,302.9,19.8,D,0
-15.5269,-67.2679,314.3,1,1,2023-01-22,1816,Aqua,MODIS,37,61.03,298.8,6.8,D,0
-15.2476,-68.3186,315.2,1.1,1.1,2023-01-22,1817,Aqua,MODIS,43,61.03,302.7,7,D,0
-13.7338,-60.2753,313.7,2,1.4,2023-01-22,1817,Aqua,MODIS,54,61.03,290.2,17.7,D,0
-14.2188,-65.4463,325.2,1,1,2023-01-22,1817,Aqua,MODIS,79,61.03,286.3,18.7,D,0
-13.1949,-63.9567,322.5,1.2,1.1,2023-01-22,1817,Aqua,MODIS,76,61.03,294.7,15.7,D,0
-13.1965,-63.9673,317.4,1.2,1.1,2023-01-22,1817,Aqua,MODIS,49,61.03,295.2,9.5,D,0
-13.0949,-67.3596,324.3,1,1,2023-01-22,1817,Aqua,MODIS,77,61.03,288.9,16.9,D,0
-13.0872,-67.3703,357,1,1,2023-01-22,1817,Aqua,MODIS,98,61.03,286.1,74.7,D,0
-13.0885,-67.3797,327,1,1,2023-01-22,1817,Aqua,MODIS,70,61.03,286.6,20.2,D,0
-12.8449,-67.087,325,1,1,2023-01-22,1817,Aqua,MODIS,77,61.03,295.9,15.8,D,0
-12.8359,-67.0883,330.3,1,1,2023-01-22,1817,Aqua,MODIS,84,61.03,296.1,22,D,0
-12.8372,-67.0976,321.8,1,1,2023-01-22,1817,Aqua,MODIS,48,61.03,295.6,11.9,D,0
-12.6542,-66.8466,332.7,1,1,2023-01-22,1817,Aqua,MODIS,86,61.03,294.3,23.8,D,0
-12.6452,-66.8479,344.2,1,1,2023-01-22,1817,Aqua,MODIS,92,61.03,295.6,43.1,D,0
-12.6465,-66.8571,323.8,1,1,2023-01-22,1817,Aqua,MODIS,57,61.03,298.2,13.3,D,0
-12.4997,-69.1077,315.1,1.2,1.1,2023-01-22,1817,Aqua,MODIS,71,61.03,297.2,9.3,D,0
-11.7552,-64.9811,320,1.1,1,2023-01-22,1817,Aqua,MODIS,60,61.03,300.2,9.2,D,0
-12.1024,-69.1014,312.6,1.2,1.1,2023-01-22,1817,Aqua,MODIS,60,61.03,296.5,6.6,D,0
-10.858,-65.3924,323.7,1.1,1,2023-01-22,1818,Aqua,MODIS,24,61.03,300.8,11.1,D,0
-10.8595,-65.4021,326.5,1.1,1,2023-01-22,1818,Aqua,MODIS,63,61.03,301.4,14.7,D,0
-9.9157,-64.0506,325.9,1.3,1.1,2023-01-22,1818,Aqua,MODIS,77,61.03,303.1,18.8,D,0
1.1813,-74.3576,307.2,1.7,1.3,2023-01-22,1821,Aqua,MODIS,0,61.03,285.6,7.7,D,0
1.5278,-72.1171,317,1.2,1.1,2023-01-22,1821,Aqua,MODIS,71,61.03,294.9,12.8,D,0
1.5263,-72.1276,313.2,1.2,1.1,2023-01-22,1821,Aqua,MODIS,65,61.03,294.1,8.8,D,0
1.6741,-73.8243,341.1,1.5,1.2,2023-01-22,1821,Aqua,MODIS,86,61.03,291.3,75.7,D,0
1.6721,-73.8377,326.4,1.5,1.2,2023-01-22,1821,Aqua,MODIS,77,61.03,292,36.9,D,0
2.1687,-71.5681,309.5,1.1,1,2023-01-22,1821,Aqua,MODIS,49,61.03,290.7,5.6,D,0
1.9316,-73.9501,317.7,1.5,1.2,2023-01-22,1821,Aqua,MODIS,73,61.03,291.9,18.3,D,0
1.9296,-73.9636,319.3,1.5,1.2,2023-01-22,1821,Aqua,MODIS,75,61.03,294.2,20.8,D,0
2.1383,-72.9852,308.6,1.3,1.1,2023-01-22,1821,Aqua,MODIS,50,61.03,289.5,4.9,D,0
2.1366,-72.9967,311.6,1.3,1.1,2023-01-22,1821,Aqua,MODIS,62,61.03,289.1,8,D,0
2.73,-72.0056,317.7,1.1,1.1,2023-01-22,1821,Aqua,MODIS,51,61.03,298.5,9.2,D,0
2.7214,-72.4965,315.3,1.2,1.1,2023-01-22,1821,Aqua,MODIS,31,61.03,292.7,11.8,D,0
2.9025,-72.2195,314.5,1.2,1.1,2023-01-22,1822,Aqua,MODIS,44,61.03,294.5,6.3,D,0
2.7281,-73.5489,322.1,1.4,1.2,2023-01-22,1822,Aqua,MODIS,74,61.03,287.2,27,D,0
2.9293,-72.3353,309.9,1.2,1.1,2023-01-22,1822,Aqua,MODIS,31,61.03,291.9,6,D,0
3.1039,-72.8148,348.6,1.2,1.1,2023-01-22,1822,Aqua,MODIS,95,61.03,301.2,68.4,D,0
3.1022,-72.8258,349.6,1.2,1.1,2023-01-22,1822,Aqua,MODIS,95,61.03,300.4,71.8,D,0
3.1137,-72.8163,325.1,1.2,1.1,2023-01-22,1822,Aqua,MODIS,79,61.03,300.3,19.4,D,0
3.3713,-71.7704,313.5,1.1,1,2023-01-22,1822,Aqua,MODIS,52,61.03,294.6,4.8,D,0
3.3648,-72.0096,326.8,1.1,1.1,2023-01-22,1822,Aqua,MODIS,76,61.03,291,20.3,D,0
3.3757,-72.0011,328,1.1,1.1,2023-01-22,1822,Aqua,MODIS,47,61.03,294.2,21.9,D,0
3.3851,-72.0025,336,1.1,1.1,2023-01-22,1822,Aqua,MODIS,61,61.03,292.9,32.6,D,0
3.3836,-72.0124,355.7,1.1,1.1,2023-01-22,1822,Aqua,MODIS,98,61.03,301.2,76.6,D,0
3.3822,-72.0223,342.6,1.1,1.1,2023-01-22,1822,Aqua,MODIS,87,61.03,295.9,43.8,D,0
3.393,-72.0138,332.8,1.1,1.1,2023-01-22,1822,Aqua,MODIS,83,61.03,296.9,27.1,D,0
3.3115,-72.6588,324.5,1.2,1.1,2023-01-22,1822,Aqua,MODIS,66,61.03,299.4,17.9,D,0
3.3099,-72.6694,322.8,1.2,1.1,2023-01-22,1822,Aqua,MODIS,54,61.03,301.3,15.5,D,0
3.3212,-72.6602,320.8,1.2,1.1,2023-01-22,1822,Aqua,MODIS,30,61.03,299.2,11.7,D,0
3.3181,-72.6816,327.9,1.2,1.1,2023-01-22,1822,Aqua,MODIS,69,61.03,299.5,21.1,D,0
3.4284,-72.0043,327,1.1,1.1,2023-01-22,1822,Aqua,MODIS,75,61.03,299.8,19,D,0
3.4269,-72.0142,362.7,1.1,1.1,2023-01-22,1822,Aqua,MODIS,94,61.03,300.4,99.9,D,0
3.4254,-72.0241,328.2,1.1,1.1,2023-01-22,1822,Aqua,MODIS,76,61.03,293.5,22.2,D,0
3.4933,-71.6273,315.4,1.1,1,2023-01-22,1822,Aqua,MODIS,54,61.03,293.7,5.5,D,0
3.4377,-72.0058,328.1,1.1,1.1,2023-01-22,1822,Aqua,MODIS,81,61.03,300,20.8,D,0
3.2887,-73.0826,319,1.3,1.1,2023-01-22,1822,Aqua,MODIS,59,61.03,299,12.2,D,0
3.5241,-71.8547,327.5,1.1,1,2023-01-22,1822,Aqua,MODIS,80,61.03,299.8,19.1,D,0
3.5226,-71.8645,327.2,1.1,1,2023-01-22,1822,Aqua,MODIS,77,61.03,301.3,18.2,D,0
3.6783,-71.6863,326.7,1.1,1,2023-01-22,1822,Aqua,MODIS,79,61.03,300.1,17.1,D,0
3.6987,-71.6115,323.4,1.1,1,2023-01-22,1822,Aqua,MODIS,60,61.03,299.9,11.4,D,0
3.8288,-70.9744,316,1,1,2023-01-22,1822,Aqua,MODIS,56,61.03,292.7,9.7,D,0
3.8892,-71.0019,324.8,1,1,2023-01-22,1822,Aqua,MODIS,77,61.03,295.6,16.1,D,0
3.8879,-71.011,315.1,1,1,2023-01-22,1822,Aqua,MODIS,38,61.03,293.3,6.7,D,0
3.9022,-70.976,317.3,1,1,2023-01-22,1822,Aqua,MODIS,54,61.03,295.2,8.9,D,0
3.9557,-70.7956,329.2,1,1,2023-01-22,1822,Aqua,MODIS,81,61.03,301.2,18.3,D,0
4.1167,-70.4509,320.8,1,1,2023-01-22,1822,Aqua,MODIS,46,61.03,300.2,8.5,D,0
4.2095,-70.3156,320.7,1,1,2023-01-22,1822,Aqua,MODIS,60,61.03,301.1,6.9,D,0
4.1434,-70.7711,341.3,1,1,2023-01-22,1822,Aqua,MODIS,90,61.03,297.3,35.9,D,0
4.0143,-71.9077,322.6,1.1,1,2023-01-22,1822,Aqua,MODIS,53,61.03,297.8,11.3,D,0
4.1843,-71.1255,320.8,1,1,2023-01-22,1822,Aqua,MODIS,50,61.03,299.9,10.1,D,0
4.5784,-70.3121,347.9,1,1,2023-01-22,1822,Aqua,MODIS,94,61.03,297.6,48.5,D,0
4.6716,-70.6872,324,1,1,2023-01-22,1822,Aqua,MODIS,54,61.03,300.7,10.7,D,0
4.5845,-72.095,357.3,1.1,1,2023-01-22,1822,Aqua,MODIS,98,61.03,299.8,81.2,D,0
4.583,-72.1048,326.5,1.1,1,2023-01-22,1822,Aqua,MODIS,79,61.03,299.8,18.1,D,0
4.934,-71.7253,314.5,1.1,1,2023-01-22,1822,Aqua,MODIS,38,61.03,296.2,5.7,D,0
5.0462,-71.7197,325.2,1.1,1,2023-01-22,1822,Aqua,MODIS,78,61.03,298.6,14.6,D,0
5.0449,-71.729,320.2,1.1,1,2023-01-22,1822,Aqua,MODIS,72,61.03,299.6,8.6,D,0
5.1546,-71.9798,325.5,1.1,1,2023-01-22,1822,Aqua,MODIS,75,61.03,297.5,16.9,D,0
5.2146,-71.8916,317.1,1.1,1,2023-01-22,1822,Aqua,MODIS,55,61.03,299.5,5.9,D,0
5.4898,-71.1438,323.3,1,1,2023-01-22,1822,Aqua,MODIS,71,61.03,295.1,13.1,D,0
5.5633,-70.9525,318.3,1,1,2023-01-22,1822,Aqua,MODIS,65,61.03,284.9,8.1,D,0
5.6846,-71.7611,322.6,1,1,2023-01-22,1822,Aqua,MODIS,77,61.03,302.9,12.2,D,0
5.9699,-70.109,324.8,1,1,2023-01-22,1822,Aqua,MODIS,55,61.03,300.1,13,D,0
5.8825,-72.2331,324,1.1,1,2023-01-22,1822,Aqua,MODIS,82,61.03,297.9,17.4,D,0
5.8918,-72.2338,331.6,1.1,1,2023-01-22,1822,Aqua,MODIS,87,61.03,300.8,27.9,D,0
-18.1169,-62.1454,306.8,4.2,1.9,2023-01-23,0149,Terra,MODIS,69,61.03,286.4,52.2,N,0
-18.1099,-62.1112,301.1,4.2,1.9,2023-01-23,0149,Terra,MODIS,38,61.03,286.2,29,N,0
-18.1135,-62.1505,304.7,4.2,1.9,2023-01-23,0149,Terra,MODIS,61,61.03,286.4,45.2,N,0
-16.2721,-59.2628,304.3,2.4,1.5,2023-01-23,0149,Terra,MODIS,59,61.03,283.9,18.7,N,0
-3.0544,-51.7478,303.3,1.3,1.1,2023-01-23,0153,Terra,MODIS,54,61.03,288,6.7,N,0
-2.9283,-52.508,302.3,1.2,1.1,2023-01-23,0153,Terra,MODIS,48,61.03,289.9,5.1,N,0
3.8939,-61.0475,303.9,1.6,1.2,2023-01-23,0155,Terra,MODIS,58,61.03,290.1,8.2,N,0
-9.1568,-78.3337,308.4,1,1,2023-01-23,0330,Terra,MODIS,74,61.03,282.9,10,N,0
-2.0039,-78.3417,332.1,1.1,1,2023-01-23,0332,Terra,MODIS,100,61.03,275.1,41.6,N,1
-16.2725,-59.2472,300.6,1.9,1.3,2023-01-23,0508,Aqua,MODIS,29,61.03,286.3,9.6,N,0
-18.102,-62.1176,304.6,2.9,1.6,2023-01-23,0508,Aqua,MODIS,61,61.03,291.3,21.4,N,0
-18.1164,-62.1207,309.5,2.9,1.6,2023-01-23,0508,Aqua,MODIS,77,61.03,291.3,37,N,0
-18.8867,-63.0598,301.1,3.2,1.7,2023-01-23,0509,Aqua,MODIS,37,61.03,286.8,21.5,N,0
-18.8878,-63.0364,302.2,3.2,1.7,2023-01-23,0509,Aqua,MODIS,47,61.03,285.3,22.8,N,0
-19.8411,-60.4533,303.4,2,1.4,2023-01-23,0509,Aqua,MODIS,55,61.03,293.1,10.4,N,0
-20.9576,-55.5834,303.2,1,1,2023-01-23,0509,Aqua,MODIS,54,61.03,286.7,4.9,N,0
-14.1416,-59.4204,306.9,1.6,1.2,2023-01-23,1418,Terra,MODIS,0,61.03,287.4,10,D,0
-13.5453,-65.8223,318.3,1.1,1.1,2023-01-23,1418,Terra,MODIS,70,61.03,297.1,10.4,D,0
-13.5469,-65.8122,318.9,1.1,1.1,2023-01-23,1418,Terra,MODIS,71,61.03,297.1,11,D,0
-13.3228,-67.3556,314.4,1.4,1.2,2023-01-23,1418,Terra,MODIS,58,61.03,295.3,10.9,D,0
-13.6391,-65.7508,312.5,1.1,1,2023-01-23,1418,Terra,MODIS,56,61.03,296.7,6.1,D,0
-13.6407,-65.7408,320.6,1.1,1,2023-01-23,1418,Terra,MODIS,73,61.03,296.3,14.3,D,0
-18.4078,-58.8592,309,2,1.4,2023-01-23,1419,Terra,MODIS,25,61.03,290.6,12.4,D,0
-18.567,-59.2264,317,1.9,1.3,2023-01-23,1419,Terra,MODIS,47,61.03,299.1,18,D,0
-18.8786,-58.225,310.6,2.2,1.4,2023-01-23,1419,Terra,MODIS,45,61.03,284.8,14.5,D,0
-18.8903,-63.0515,334.3,1.1,1,2023-01-23,1419,Terra,MODIS,87,61.03,298.9,28.4,D,0
-0.8933,-79.4883,311,2.2,1.4,2023-01-23,1553,Terra,MODIS,41,61.03,292.3,15.9,D,2
-1.8035,-79.5357,313.6,2.3,1.5,2023-01-23,1553,Terra,MODIS,58,61.03,293.7,17.7,D,2
-1.8064,-79.5159,313.8,2.3,1.5,2023-01-23,1553,Terra,MODIS,67,61.03,293.7,17.5,D,2
-1.8051,-79.5223,314.8,2.3,1.5,2023-01-23,1553,Terra,MODIS,60,61.03,293.9,19.9,D,0
-4.8784,-80.8539,324.7,2,1.4,2023-01-23,1554,Terra,MODIS,55,61.03,299.4,25.9,D,0
-8.4166,-78.6808,321.8,3.4,1.7,2023-01-23,1555,Terra,MODIS,63,61.03,297.7,56,D,0
-20.6665,-52.142,317.8,1.1,1,2023-01-23,1719,Aqua,MODIS,52,61.03,299.6,8.4,D,0
-20.5473,-51.474,323.8,1,1,2023-01-23,1719,Aqua,MODIS,60,61.03,303.9,13.3,D,0
-19.7454,-51.0074,318.5,1,1,2023-01-23,1719,Aqua,MODIS,31,61.03,300.2,6.6,D,0
-19.061,-51.3026,315.6,1,1,2023-01-23,1719,Aqua,MODIS,32,61.03,296.5,5.5,D,0
-19.0141,-51.0399,317.8,1,1,2023-01-23,1719,Aqua,MODIS,55,61.03,298.3,8.3,D,0
-17.9305,-62.2342,313.9,4.6,2,2023-01-23,1720,Aqua,MODIS,54,61.03,287.9,59.4,D,0
-17.9315,-62.238,318.4,4.6,2,2023-01-23,1720,Aqua,MODIS,69,61.03,288.3,88.6,D,0
-17.6881,-60.6335,322.2,3.5,1.8,2023-01-23,1720,Aqua,MODIS,78,61.03,292.7,81,D,0
-17.6723,-60.6352,324.7,3.5,1.8,2023-01-23,1720,Aqua,MODIS,80,61.03,294,98,D,0
-17.6781,-60.6418,325.9,3.5,1.8,2023-01-23,1720,Aqua,MODIS,50,61.03,293.7,95.5,D,0
-17.6623,-60.6435,321.8,3.5,1.8,2023-01-23,1720,Aqua,MODIS,77,61.03,292.6,78.8,D,0
-17.5739,-60.7195,309.6,3.5,1.8,2023-01-23,1720,Aqua,MODIS,48,61.03,289.8,31.3,D,0
-16.1063,-58.2083,331,2.2,1.4,2023-01-23,1720,Aqua,MODIS,73,61.03,295.3,69.6,D,0
-16.1066,-58.2152,324.3,2.2,1.4,2023-01-23,1720,Aqua,MODIS,80,61.03,296.1,50.1,D,0
-12.7881,-52.2067,316.7,1,1,2023-01-23,1721,Aqua,MODIS,36,61.03,293.5,9.5,D,0
-15.2601,-61.0289,311,3.4,1.7,2023-01-23,1721,Aqua,MODIS,11,61.03,290.9,34.1,D,0
-13.4888,-53.3148,318.5,1,1,2023-01-23,1721,Aqua,MODIS,70,61.03,297.5,10,D,0
-13.3025,-53.2973,320.1,1,1,2023-01-23,1721,Aqua,MODIS,48,61.03,301.4,11,D,0
-12.9912,-53.4352,310.2,1,1,2023-01-23,1721,Aqua,MODIS,27,61.03,290,4.8,D,0
-12.8816,-56.6972,323,1.5,1.2,2023-01-23,1721,Aqua,MODIS,61,61.03,300.2,23.2,D,0
-12.7207,-57.2221,316.7,1.6,1.3,2023-01-23,1721,Aqua,MODIS,57,61.03,297.9,17.5,D,0
-11.8335,-58.0752,311.7,1.8,1.3,2023-01-23,1721,Aqua,MODIS,47,61.03,294.3,17.1,D,0
-10.7703,-54.4426,318.9,1.1,1,2023-01-23,1722,Aqua,MODIS,36,61.03,299.1,12,D,0
-11.71,-58.4503,316.2,1.9,1.4,2023-01-23,1722,Aqua,MODIS,25,61.03,297.5,19.9,D,0
-10.7717,-54.4522,318.7,1.1,1,2023-01-23,1722,Aqua,MODIS,38,61.03,298.6,11.9,D,0
-2.1426,-54.4168,318,1,1,2023-01-23,1724,Aqua,MODIS,69,61.03,293.1,9.5,D,0
-3.037,-59.9304,314.5,1.8,1.3,2023-01-23,1724,Aqua,MODIS,28,61.03,293,15.8,D,2
-2.1439,-54.4257,317,1,1,2023-01-23,1724,Aqua,MODIS,67,61.03,294.6,8.5,D,0
-2.235,-54.4149,371.6,1,1,2023-01-23,1724,Aqua,MODIS,87,61.03,295.7,115.3,D,0
-3.0393,-59.9468,314.4,1.8,1.3,2023-01-23,1724,Aqua,MODIS,29,61.03,293.2,15.3,D,2
-2.2363,-54.4238,316.9,1,1,2023-01-23,1724,Aqua,MODIS,73,61.03,293.1,8.1,D,0
1.8204,-55.9898,320.3,1,1,2023-01-23,1725,Aqua,MODIS,77,61.03,285.9,14.3,D,0
1.8293,-55.9911,309.4,1,1,2023-01-23,1725,Aqua,MODIS,33,61.03,284.9,5.3,D,0
2.1339,-55.9806,307.2,1,1,2023-01-23,1725,Aqua,MODIS,44,61.03,282.9,5.8,D,0
2.1326,-55.9895,306.9,1,1,2023-01-23,1725,Aqua,MODIS,42,61.03,283,5.6,D,0
5.4086,-58.1071,313.2,1.1,1,2023-01-23,1726,Aqua,MODIS,62,61.03,297.6,6.6,D,0
3.8098,-60.6556,314.5,1.6,1.3,2023-01-23,1726,Aqua,MODIS,51,61.03,292.2,12.8,D,0
5.0191,-61.6111,315.5,1.8,1.3,2023-01-23,1726,Aqua,MODIS,67,61.03,297.6,18.4,D,0
-12.8637,-66.3624,313.6,4.6,2,2023-01-23,1859,Aqua,MODIS,63,61.03,290.4,61.4,D,0
-12.8655,-66.3665,314.8,4.6,2,2023-01-23,1859,Aqua,MODIS,66,61.03,290.6,70.2,D,0
-11.1437,-77.2931,345.2,1,1,2023-01-23,1900,Aqua,MODIS,90,61.03,305.5,34.8,D,2
-11.1446,-77.5524,334.9,1,1,2023-01-23,1900,Aqua,MODIS,80,61.03,309.3,13.1,D,0
-10.0321,-78.0762,330.1,1,1,2023-01-23,1901,Aqua,MODIS,79,61.03,306.8,9.6,D,0
-9.2955,-75.9994,318.4,1.1,1,2023-01-23,1901,Aqua,MODIS,36,61.03,299.8,9.7,D,2
-8.9456,-78.5194,327.9,1,1,2023-01-23,1901,Aqua,MODIS,61,61.03,303.5,10.7,D,0
-6.7669,-79.7008,339,1,1,2023-01-23,1902,Aqua,MODIS,86,61.03,305.7,23.2,D,0
-6.7682,-79.7102,334.5,1,1,2023-01-23,1902,Aqua,MODIS,61,61.03,306.6,17.5,D,0
-6.2596,-79.7539,346.3,1,1,2023-01-23,1902,Aqua,MODIS,90,61.03,309.8,31.6,D,0
-6.2505,-79.7552,333,1,1,2023-01-23,1902,Aqua,MODIS,57,61.03,308,8.8,D,0
-1.8744,-79.9862,321.8,1,1,2023-01-23,1903,Aqua,MODIS,48,61.03,301.4,9,D,2
1.9394,-73.9811,315.9,2.2,1.4,2023-01-23,1904,Aqua,MODIS,31,61.03,292.6,21.1,D,0
-16.9946,-62.1517,308.5,1,1,2023-01-24,0230,Terra,MODIS,75,61.03,291.1,6.6,N,0
-18.0171,-61.7062,314.2,1,1,2023-01-24,0230,Terra,MODIS,73,61.03,269.5,13,N,0
-18.0082,-61.7076,309.5,1,1,2023-01-24,0230,Terra,MODIS,78,61.03,272.3,11.1,N,0
-17.9992,-61.7091,310.8,1,1,2023-01-24,0230,Terra,MODIS,70,61.03,273.4,11.7,N,0
-17.676,-60.6341,304.5,1.1,1,2023-01-24,0230,Terra,MODIS,40,61.03,287.4,4.4,N,0
-17.6653,-60.6257,304.2,1.1,1,2023-01-24,0230,Terra,MODIS,50,61.03,288.1,4.2,N,0
-17.6668,-60.6356,322,1.1,1,2023-01-24,0230,Terra,MODIS,100,61.03,288.3,19.6,N,0
-17.6606,-60.657,303.3,1.1,1,2023-01-24,0230,Terra,MODIS,54,61.03,286.7,3.9,N,0
-16.9844,-62.1438,313.3,1,1,2023-01-24,0230,Terra,MODIS,87,61.03,291.8,9.7,N,0
-16.9857,-62.1531,328.6,1,1,2023-01-24,0230,Terra,MODIS,100,61.03,291.8,24.9,N,0
-16.9755,-62.1452,316.3,1,1,2023-01-24,0230,Terra,MODIS,93,61.03,291.5,12,N,0
-16.9768,-62.1545,330.2,1,1,2023-01-24,0230,Terra,MODIS,100,61.03,291.9,26.7,N,0
-16.0261,-60.085,304.5,1.2,1.1,2023-01-24,0230,Terra,MODIS,60,61.03,287.5,6.1,N,0
-16.1622,-61.2375,304.1,1,1,2023-01-24,0230,Terra,MODIS,59,61.03,288.1,4.9,N,2
-16.241,-62.1576,320.2,1,1,2023-01-24,0230,Terra,MODIS,100,61.03,292.6,17,N,0
-16.0141,-61.9866,302.3,1,1,2023-01-24,0230,Terra,MODIS,44,61.03,291.2,3.6,N,0
-15.9509,-61.8692,307.5,1,1,2023-01-24,0230,Terra,MODIS,71,61.03,290.7,6.6,N,0
-15.8654,-61.8502,306.9,1,1,2023-01-24,0230,Terra,MODIS,69,61.03,291.2,6.4,N,0
-15.5453,-60.3658,307.8,1.1,1.1,2023-01-24,0230,Terra,MODIS,73,61.03,287.8,8.2,N,0
-14.0565,-65.3899,320.1,1.1,1.1,2023-01-24,0231,Terra,MODIS,100,61.03,285.5,20.2,N,0
-12.904,-67.7787,305.7,1.6,1.2,2023-01-24,0231,Terra,MODIS,65,61.03,292,8.6,N,0
-14.8759,-66.2777,303.7,1.3,1.1,2023-01-24,0231,Terra,MODIS,57,61.03,293.7,5.6,N,0
-12.915,-67.7772,305,1.6,1.2,2023-01-24,0231,Terra,MODIS,47,61.03,292.1,7.6,N,0
-14.0579,-65.4004,332.7,1.1,1.1,2023-01-24,0231,Terra,MODIS,100,61.03,285.3,37.9,N,0
-12.1024,-66.5681,303.4,1.3,1.1,2023-01-24,0232,Terra,MODIS,55,61.03,274.9,9,N,0
2.4931,-60.688,305.9,1,1,2023-01-24,0545,Aqua,MODIS,47,61.03,291.3,7.5,N,0
2.4944,-60.697,304.2,1,1,2023-01-24,0545,Aqua,MODIS,29,61.03,291,6.5,N,0
-16.2433,-62.1546,309.6,1.1,1,2023-01-24,0550,Aqua,MODIS,78,61.03,288.5,10.3,N,0
-16.6954,-61.2479,300.4,1.2,1.1,2023-01-24,0550,Aqua,MODIS,27,61.03,271.7,7.4,N,0
-12.9039,-67.7671,300.6,1.5,1.2,2023-01-24,0550,Aqua,MODIS,29,61.03,287.2,5.5,N,0
-12.9011,-67.774,301.5,1.5,1.2,2023-01-24,0550,Aqua,MODIS,42,61.03,286.8,6.5,N,0
-18.0115,-61.6988,316,1.2,1.1,2023-01-24,0551,Aqua,MODIS,92,61.03,279.9,19.7,N,0
-18.01,-61.7101,309,1.2,1.1,2023-01-24,0551,Aqua,MODIS,71,61.03,280.7,12.2,N,0
-19.0987,-62.4072,300.6,1.1,1.1,2023-01-24,0551,Aqua,MODIS,26,61.03,279.3,5.8,N,0
-10.0895,-52.1129,311.1,1.3,1.1,2023-01-24,1320,Terra,MODIS,60,61.03,288.9,9.2,D,0
5.341,-66.0234,318.7,1.5,1.2,2023-01-24,1454,Terra,MODIS,69,61.03,298.1,17.6,D,0
5.3367,-66.03,312.4,1.5,1.2,2023-01-24,1454,Terra,MODIS,67,61.03,297.9,9,D,0
5.3347,-66.017,322.2,1.5,1.2,2023-01-24,1454,Terra,MODIS,79,61.03,297.1,23.8,D,0
4.2207,-59.9965,305.5,4.6,2,2023-01-24,1454,Terra,MODIS,47,61.03,284.6,31.2,D,0
5.6094,-69.6888,321,1,1,2023-01-24,1454,Terra,MODIS,27,61.03,302.8,6.7,D,0
5.6081,-69.6799,321.4,1,1,2023-01-24,1454,Terra,MODIS,31,61.03,301.8,7.5,D,0
5.8476,-71.7127,324.4,1.1,1,2023-01-24,1454,Terra,MODIS,70,61.03,291.7,21.8,D,0
5.3767,-70.6228,323.8,1,1,2023-01-24,1454,Terra,MODIS,74,61.03,299.1,14.4,D,0
5.3754,-70.6139,319.1,1,1,2023-01-24,1454,Terra,MODIS,66,61.03,298.5,10.1,D,0
5.324,-70.3857,317.4,1,1,2023-01-24,1454,Terra,MODIS,57,61.03,299.4,7.5,D,0
5.3152,-70.3869,315.9,1,1,2023-01-24,1454,Terra,MODIS,38,61.03,299.5,5.8,D,0
5.4645,-71.7423,316.2,1.1,1,2023-01-24,1454,Terra,MODIS,43,61.03,299.3,7.6,D,0
4.9878,-68.5941,316.1,1.1,1,2023-01-24,1454,Terra,MODIS,63,61.03,300.9,9,D,0
5.4444,-72.1179,314.8,1.1,1.1,2023-01-24,1454,Terra,MODIS,48,61.03,297.6,6.1,D,0
5.0764,-69.6328,355.2,1,1,2023-01-24,1454,Terra,MODIS,97,61.03,301.8,65.9,D,0
5.0751,-69.6239,317.1,1,1,2023-01-24,1454,Terra,MODIS,53,61.03,300.3,6,D,0
5.0961,-69.829,322.2,1,1,2023-01-24,1454,Terra,MODIS,60,61.03,301.2,9.3,D,0
5.0899,-69.848,322.1,1,1,2023-01-24,1454,Terra,MODIS,67,61.03,301.7,9.2,D,0
5.1727,-70.8006,317.4,1,1,2023-01-24,1454,Terra,MODIS,62,61.03,297.3,9,D,0
5.0724,-70.2354,318.9,1,1,2023-01-24,1454,Terra,MODIS,63,61.03,299.9,7.8,D,0
5.0585,-71.1602,320,1,1,2023-01-24,1454,Terra,MODIS,70,61.03,299.8,10.7,D,0
4.8336,-70.0626,317.4,1,1,2023-01-24,1454,Terra,MODIS,64,61.03,299.4,7.1,D,0
4.8369,-71.0928,320.9,1,1,2023-01-24,1454,Terra,MODIS,57,61.03,298.8,10.5,D,0
3.061,-60.0392,314.4,4.8,2,2023-01-24,1454,Terra,MODIS,73,61.03,292,70.8,D,0
3.0615,-60.0462,313.4,4.8,2,2023-01-24,1454,Terra,MODIS,72,61.03,291.8,65.3,D,0
4.5867,-70.6392,321.6,1,1,2023-01-24,1454,Terra,MODIS,73,61.03,299.4,10.9,D,0
4.6329,-71.2787,329.9,1,1,2023-01-24,1454,Terra,MODIS,82,61.03,300.4,21.5,D,0
4.5006,-70.4949,316.6,1,1,2023-01-24,1454,Terra,MODIS,65,61.03,298.5,7.9,D,0
4.4832,-70.8839,317.1,1,1,2023-01-24,1454,Terra,MODIS,66,61.03,298.6,6.8,D,0
4.4621,-71.4361,328.7,1,1,2023-01-24,1454,Terra,MODIS,81,61.03,297.7,19.5,D,0
4.3599,-71.9385,317.7,1.1,1,2023-01-24,1454,Terra,MODIS,57,61.03,298.2,9.5,D,0
4.2049,-71.1241,316.6,1,1,2023-01-24,1454,Terra,MODIS,65,61.03,299.6,6.7,D,0
4.1417,-71.3234,316.8,1,1,2023-01-24,1454,Terra,MODIS,65,61.03,300.5,6.1,D,0
3.8553,-71.447,326.2,1,1,2023-01-24,1454,Terra,MODIS,80,61.03,299.8,17,D,0
5.0777,-69.6417,315.6,1,1,2023-01-24,1454,Terra,MODIS,36,61.03,299.8,4.6,D,0
5.6308,-65.8267,321.6,1.5,1.2,2023-01-24,1454,Terra,MODIS,42,61.03,298.6,21.4,D,0
5.6243,-65.8556,322.5,1.5,1.2,2023-01-24,1454,Terra,MODIS,58,61.03,298.1,22.4,D,0
5.6221,-65.8417,340.2,1.5,1.2,2023-01-24,1454,Terra,MODIS,91,61.03,298.5,66.1,D,0
5.9914,-69.1474,323.7,1,1,2023-01-24,1454,Terra,MODIS,41,61.03,302.5,10.7,D,0
5.7766,-67.9445,322.5,1.1,1.1,2023-01-24,1454,Terra,MODIS,45,61.03,303.6,9,D,0
5.9717,-69.5694,320.2,1,1,2023-01-24,1454,Terra,MODIS,51,61.03,302.1,7.2,D,0
5.9704,-69.5605,322.4,1,1,2023-01-24,1454,Terra,MODIS,65,61.03,301.2,9.4,D,0
5.9497,-70.0485,320.8,1,1,2023-01-24,1454,Terra,MODIS,60,61.03,298.6,8.3,D,0
5.9484,-70.0397,320.8,1,1,2023-01-24,1454,Terra,MODIS,60,61.03,299.7,8.1,D,0
-13.7433,-75.9299,324.2,1.1,1,2023-01-24,1459,Terra,MODIS,29,61.03,300.3,8.5,D,0
-13.7418,-75.9399,338.8,1.1,1,2023-01-24,1459,Terra,MODIS,88,61.03,301.5,31.3,D,0
-13.8809,-65.787,305.9,3.1,1.7,2023-01-24,1459,Terra,MODIS,48,61.03,283.6,18.8,D,0
-13.6052,-66.7885,316.4,2.6,1.5,2023-01-24,1459,Terra,MODIS,74,61.03,291.8,36.9,D,0
-13.6122,-66.7838,313.5,2.6,1.5,2023-01-24,1459,Terra,MODIS,70,61.03,290.7,26.6,D,0
-13.4483,-66.6326,307.2,2.6,1.6,2023-01-24,1459,Terra,MODIS,57,61.03,287.3,14.5,D,0
-12.9184,-67.7735,314,2.1,1.4,2023-01-24,1459,Terra,MODIS,39,61.03,295,18.6,D,0
-12.9058,-67.7719,327.1,2.1,1.4,2023-01-24,1459,Terra,MODIS,83,61.03,295.9,55.2,D,0
-12.7175,-66.3015,310.4,2.7,1.6,2023-01-24,1459,Terra,MODIS,60,61.03,289.9,19.3,D,0
-20.7629,-61.3678,330.2,1,1,2023-01-24,1802,Aqua,MODIS,81,61.03,285.7,17.9,D,0
-20.7642,-61.3774,329.5,1,1,2023-01-24,1802,Aqua,MODIS,80,61.03,286,16.6,D,0
-11.5715,-52.5514,310.4,4.7,2,2023-01-24,1804,Aqua,MODIS,23,61.03,289.3,69.4,D,0
-12.9017,-62.1228,319.8,1,1,2023-01-24,1804,Aqua,MODIS,32,61.03,299.8,9.8,D,0
-12.8735,-62.0569,328.6,1,1,2023-01-24,1804,Aqua,MODIS,82,61.03,296.9,20.8,D,0
-13.7129,-68.1337,315,1.7,1.3,2023-01-24,1804,Aqua,MODIS,70,61.03,294.6,16.5,D,0
-10.8909,-54.0046,309.9,3.8,1.8,2023-01-24,1804,Aqua,MODIS,38,61.03,285.9,26.2,D,0
-12.559,-65.5626,318.8,1.2,1.1,2023-01-24,1804,Aqua,MODIS,45,61.03,297.6,10.5,D,0
-12.767,-67.1614,321.7,1.4,1.2,2023-01-24,1804,Aqua,MODIS,77,61.03,294.1,22.7,D,0
-12.7687,-67.1746,317.4,1.4,1.2,2023-01-24,1804,Aqua,MODIS,72,61.03,293.9,16.3,D,0
-12.7634,-67.1673,326.8,1.4,1.2,2023-01-24,1804,Aqua,MODIS,82,61.03,294.1,32,D,0
-12.3871,-66.6493,311.2,1.3,1.1,2023-01-24,1804,Aqua,MODIS,57,61.03,285.8,8.9,D,0
-11.8264,-66.5706,342.1,1.3,1.1,2023-01-24,1804,Aqua,MODIS,92,61.03,295,60,D,0
-11.8163,-66.572,323.2,1.3,1.1,2023-01-24,1804,Aqua,MODIS,63,61.03,292.6,23,D,0
-10.3218,-59.1968,319,1.6,1.2,2023-01-24,1804,Aqua,MODIS,67,61.03,298.1,20.1,D,0
-11.22,-69.1168,307.1,1.9,1.3,2023-01-24,1804,Aqua,MODIS,0,61.03,284.4,14.1,D,0
-11.2222,-69.134,309.1,1.9,1.3,2023-01-24,1804,Aqua,MODIS,49,61.03,285.5,17.4,D,0
-8.9216,-61.4894,322.8,1.2,1.1,2023-01-24,1805,Aqua,MODIS,66,61.03,301.9,14.5,D,0
-8.8843,-66.7518,313.5,1.2,1.1,2023-01-24,1805,Aqua,MODIS,27,61.03,296.9,9.6,D,0
-7.9284,-61.2737,317.7,1.2,1.1,2023-01-24,1805,Aqua,MODIS,70,61.03,296.2,11.5,D,0
-7.629,-63.3358,319.3,1,1,2023-01-24,1805,Aqua,MODIS,34,61.03,295.5,10.4,D,0
2.5006,-59.8736,333.6,2.3,1.5,2023-01-24,1808,Aqua,MODIS,86,61.03,298.4,84.7,D,0
2.4976,-59.894,323.1,2.3,1.5,2023-01-24,1808,Aqua,MODIS,78,61.03,296.9,41.5,D,0
2.4987,-59.8805,328.4,2.3,1.5,2023-01-24,1808,Aqua,MODIS,83,61.03,298.2,58.4,D,0
2.9785,-60.4808,337,2.1,1.4,2023-01-24,1808,Aqua,MODIS,73,61.03,294.2,91.3,D,0
3.6225,-60.7263,324.1,2.1,1.4,2023-01-24,1808,Aqua,MODIS,64,61.03,305.2,28.1,D,0
3.6521,-60.7859,327.8,2,1.4,2023-01-24,1808,Aqua,MODIS,81,61.03,302.6,40.5,D,0
3.6576,-60.7755,325.2,2,1.4,2023-01-24,1808,Aqua,MODIS,79,61.03,304.5,31.2,D,0
3.6552,-60.7935,322.5,2,1.4,2023-01-24,1808,Aqua,MODIS,76,61.03,301,23.4,D,0
3.0947,-72.018,316.8,1.9,1.3,2023-01-24,1808,Aqua,MODIS,71,61.03,295.8,21.9,D,0
3.7815,-67.4642,311.9,1,1,2023-01-24,1808,Aqua,MODIS,45,61.03,296.4,4.8,D,0
3.7802,-67.4732,328.8,1,1,2023-01-24,1808,Aqua,MODIS,82,61.03,294.5,21.4,D,0
3.9596,-67.2547,325.2,1,1,2023-01-24,1808,Aqua,MODIS,60,61.03,298,16.9,D,0
3.9583,-67.2637,316.5,1,1,2023-01-24,1808,Aqua,MODIS,57,61.03,300.4,8,D,0
4.2419,-66.3836,316.4,1,1,2023-01-24,1808,Aqua,MODIS,0,61.03,298.2,7,D,0
4.4553,-66.2438,315.6,1,1,2023-01-24,1808,Aqua,MODIS,56,61.03,299.3,7.2,D,0
4.4541,-66.2528,317.6,1,1,2023-01-24,1808,Aqua,MODIS,71,61.03,299.6,8.9,D,0
3.8355,-71.4573,321.4,1.6,1.3,2023-01-24,1809,Aqua,MODIS,73,61.03,295.7,22,D,0
3.8333,-71.4719,315.9,1.7,1.3,2023-01-24,1809,Aqua,MODIS,29,61.03,294.7,12.1,D,0
4.6147,-66.3526,321.3,1,1,2023-01-24,1809,Aqua,MODIS,76,61.03,298.2,11.6,D,0
3.7494,-72.3511,321.8,1.9,1.4,2023-01-24,1809,Aqua,MODIS,71,61.03,297.8,29.3,D,0
3.7468,-72.3683,320.2,1.9,1.4,2023-01-24,1809,Aqua,MODIS,65,61.03,298.6,26.2,D,0
4.6242,-66.4146,319.8,1,1,2023-01-24,1809,Aqua,MODIS,64,61.03,298.3,10.9,D,0
4.6229,-66.4235,320.1,1,1,2023-01-24,1809,Aqua,MODIS,69,61.03,298,11.2,D,0
3.741,-72.355,320.9,1.9,1.4,2023-01-24,1809,Aqua,MODIS,68,61.03,299,27.8,D,0
4.0647,-70.8331,315.8,1.5,1.2,2023-01-24,1809,Aqua,MODIS,43,61.03,297.4,14.2,D,0
4.1236,-71.298,314.8,1.6,1.2,2023-01-24,1809,Aqua,MODIS,39,61.03,295.9,13,D,0
4.1214,-71.3121,318.8,1.6,1.2,2023-01-24,1809,Aqua,MODIS,51,61.03,294.1,19.1,D,0
4.5565,-68.7726,332.2,1.1,1,2023-01-24,1809,Aqua,MODIS,85,61.03,300.2,29,D,0
4.6454,-68.6864,325.9,1.1,1,2023-01-24,1809,Aqua,MODIS,79,61.03,300.1,18.1,D,0
4.7792,-68.332,327.3,1.1,1,2023-01-24,1809,Aqua,MODIS,68,61.03,302,16.8,D,0
4.7737,-68.3696,343.6,1.1,1,2023-01-24,1809,Aqua,MODIS,92,61.03,302.2,43.6,D,0
4.4843,-70.8875,316.3,1.5,1.2,2023-01-24,1809,Aqua,MODIS,48,61.03,295.5,11.6,D,0
4.172,-72.949,310.1,2.1,1.4,2023-01-24,1809,Aqua,MODIS,0,61.03,292,11.2,D,0
5.1603,-66.5292,318.8,1,1,2023-01-24,1809,Aqua,MODIS,74,61.03,299.7,10.8,D,0
5.159,-66.5381,315.9,1,1,2023-01-24,1809,Aqua,MODIS,69,61.03,298.3,7.9,D,0
4.8469,-68.8038,317.6,1.1,1,2023-01-24,1809,Aqua,MODIS,44,61.03,297.8,9.2,D,0
4.9769,-67.9854,318.3,1,1,2023-01-24,1809,Aqua,MODIS,49,61.03,298.9,8.4,D,0
5.0204,-67.7502,318.7,1,1,2023-01-24,1809,Aqua,MODIS,70,61.03,301.5,9.2,D,0
5.0191,-67.7592,317.6,1,1,2023-01-24,1809,Aqua,MODIS,64,61.03,301.8,8.3,D,0
4.9894,-68.5948,317.7,1.1,1,2023-01-24,1809,Aqua,MODIS,34,61.03,300.6,8.9,D,0
4.988,-68.6044,331.1,1.1,1,2023-01-24,1809,Aqua,MODIS,83,61.03,300.1,25.6,D,0
4.6319,-71.2782,322.6,1.6,1.2,2023-01-24,1809,Aqua,MODIS,70,61.03,296.2,28.4,D,0
4.6329,-71.2836,321.1,1.6,1.2,2023-01-24,1809,Aqua,MODIS,45,61.03,296.6,23.7,D,0
5.9566,-62.8388,313.8,1.5,1.2,2023-01-24,1809,Aqua,MODIS,48,61.03,289.1,15.2,D,0
5.4892,-66.2922,314.8,1,1,2023-01-24,1809,Aqua,MODIS,25,61.03,297.4,6.3,D,0
4.7694,-71.1444,318.2,1.5,1.2,2023-01-24,1809,Aqua,MODIS,56,61.03,298.3,14.7,D,0
4.7673,-71.1578,317.1,1.5,1.2,2023-01-24,1809,Aqua,MODIS,51,61.03,299.4,12.6,D,0
5.4982,-66.2935,318.1,1,1,2023-01-24,1809,Aqua,MODIS,63,61.03,298.8,9.6,D,0
5.4969,-66.3026,319.4,1,1,2023-01-24,1809,Aqua,MODIS,55,61.03,299.8,11.1,D,0
5.5972,-65.8585,323.5,1,1,2023-01-24,1809,Aqua,MODIS,68,61.03,302.1,12.3,D,0
5.6076,-65.8504,334.6,1,1,2023-01-24,1809,Aqua,MODIS,87,61.03,303.3,26.3,D,0
5.6194,-65.8331,350.8,1,1,2023-01-24,1809,Aqua,MODIS,96,61.03,306.1,56.9,D,0
5.6181,-65.8424,353.8,1,1,2023-01-24,1809,Aqua,MODIS,97,61.03,308.4,63,D,0
5.6167,-65.8518,334.1,1,1,2023-01-24,1809,Aqua,MODIS,87,61.03,306,24.8,D,0
5.6274,-65.8305,324.9,1,1,2023-01-24,1809,Aqua,MODIS,55,61.03,305,14.8,D,0
5.6261,-65.8398,333.1,1,1,2023-01-24,1809,Aqua,MODIS,82,61.03,306.3,24.6,D,0
5.6248,-65.8492,328.4,1,1,2023-01-24,1809,Aqua,MODIS,71,61.03,305.3,17.4,D,0
5.6523,-65.7864,317.8,1,1,2023-01-24,1809,Aqua,MODIS,34,61.03,302,7.2,D,0
5.413,-67.584,323.6,1,1,2023-01-24,1809,Aqua,MODIS,43,61.03,304.9,10.3,D,0
5.6817,-67.5781,325.7,1,1,2023-01-24,1809,Aqua,MODIS,68,61.03,302.1,11.2,D,2
5.3068,-70.3805,336.5,1.3,1.1,2023-01-24,1809,Aqua,MODIS,87,61.03,295.4,49.1,D,0
5.3051,-70.3922,322,1.3,1.1,2023-01-24,1809,Aqua,MODIS,43,61.03,295.9,22,D,0
5.3254,-70.3953,337.7,1.3,1.1,2023-01-24,1809,Aqua,MODIS,88,61.03,297.5,50.8,D,0
5.3245,-70.3887,327.4,1.3,1.1,2023-01-24,1809,Aqua,MODIS,71,61.03,296,31.7,D,0
5.3227,-70.4004,327.2,1.3,1.1,2023-01-24,1809,Aqua,MODIS,76,61.03,293.6,30.4,D,0
5.7656,-67.946,342.8,1,1,2023-01-24,1809,Aqua,MODIS,90,61.03,309.3,33.4,D,0
5.8977,-67.4851,326.2,1,1,2023-01-24,1809,Aqua,MODIS,56,61.03,304.4,15.4,D,0
5.6036,-69.6879,323.2,1.2,1.1,2023-01-24,1809,Aqua,MODIS,48,61.03,304.2,14.2,D,0
5.9435,-68.3088,326.5,1,1,2023-01-24,1809,Aqua,MODIS,75,61.03,308.1,10.8,D,0
5.4277,-71.9467,318.1,1.7,1.3,2023-01-24,1809,Aqua,MODIS,64,61.03,300.9,12.9,D,0
5.9706,-69.5646,326,1.2,1.1,2023-01-24,1809,Aqua,MODIS,44,61.03,303.4,15.3,D,0
5.8568,-71.6997,314.4,1.6,1.2,2023-01-24,1809,Aqua,MODIS,47,61.03,295.2,8.3,D,0
-18.4957,-55.0393,311.4,2.5,1.5,2023-01-25,0133,Terra,MODIS,82,61.03,290.1,33.7,N,0
-18.4883,-55.0468,306.1,2.5,1.5,2023-01-25,0133,Terra,MODIS,67,61.03,290.1,21.8,N,0
-6.5784,-51.0972,318.1,1,1,2023-01-25,0136,Terra,MODIS,96,61.03,281.7,15.8,N,2
-6.5797,-51.1062,320.1,1,1,2023-01-25,0136,Terra,MODIS,100,61.03,280.7,17.9,N,2
-6.5694,-51.0984,305,1,1,2023-01-25,0136,Terra,MODIS,62,61.03,281.8,6.5,N,2
-6.5707,-51.1074,304.3,1,1,2023-01-25,0136,Terra,MODIS,59,61.03,280.9,6.3,N,2
-3.6199,-49.1128,304.1,1.1,1,2023-01-25,0136,Terra,MODIS,58,61.03,290.5,5.6,N,0
-19.608,-63.1342,309.1,3.2,1.7,2023-01-25,0310,Terra,MODIS,64,61.03,283.9,53.9,N,0
-2.0073,-78.3396,309.1,1.2,1.1,2023-01-25,0316,Terra,MODIS,76,61.03,270.9,17,N,1
-2.0032,-78.3467,304.2,1.2,1.1,2023-01-25,0316,Terra,MODIS,59,61.03,270.5,14.3,N,1
4.7145,-70.9936,300.3,2.2,1.4,2023-01-25,0317,Terra,MODIS,25,61.03,290,10.5,N,0
4.8484,-70.7851,302,2.3,1.5,2023-01-25,0317,Terra,MODIS,46,61.03,290.2,11.9,N,0
4.8454,-70.7905,301,2.3,1.5,2023-01-25,0317,Terra,MODIS,37,61.03,290.4,11.2,N,0
-6.568,-51.0956,323.6,1.3,1.1,2023-01-25,0452,Aqua,MODIS,100,61.03,286.6,30.8,N,2
-6.5777,-51.0925,320.3,1.3,1.1,2023-01-25,0452,Aqua,MODIS,100,61.03,286.4,25.5,N,2
-6.5759,-51.1039,322.1,1.3,1.1,2023-01-25,0452,Aqua,MODIS,100,61.03,286.3,28.2,N,2
4.586,-69.9215,305.8,1,1,2023-01-25,0627,Aqua,MODIS,66,61.03,292.4,5.8,N,0
-2.0044,-78.3441,308.4,2.4,1.5,2023-01-25,0629,Aqua,MODIS,74,61.03,269.2,51.5,N,1
-2.0028,-78.3316,301.1,2.4,1.5,2023-01-25,0629,Aqua,MODIS,38,61.03,269.2,35,N,1
4.4533,-60.2115,313.3,1.5,1.2,2023-01-25,1357,Terra,MODIS,66,61.03,299.3,9.6,D,0
4.4731,-60.6839,315.9,1.7,1.3,2023-01-25,1357,Terra,MODIS,54,61.03,301.3,13.1,D,0
4.4711,-60.6693,317.1,1.7,1.3,2023-01-25,1357,Terra,MODIS,47,61.03,302.8,14.6,D,0
4.472,-60.676,321.6,1.7,1.3,2023-01-25,1357,Terra,MODIS,77,61.03,302.4,25.6,D,0
3.9499,-59.5421,314.7,1.4,1.2,2023-01-25,1357,Terra,MODIS,59,61.03,300,7.7,D,0
3.9446,-59.7102,317.1,1.4,1.2,2023-01-25,1357,Terra,MODIS,58,61.03,301.7,9.1,D,0
3.9152,-60.4655,323.8,1.6,1.2,2023-01-25,1357,Terra,MODIS,77,61.03,301.8,24.9,D,0
3.9133,-60.4516,321.3,1.6,1.2,2023-01-25,1357,Terra,MODIS,74,61.03,301.8,19.2,D,0
3.8696,-60.6364,317.9,1.6,1.3,2023-01-25,1357,Terra,MODIS,69,61.03,301.3,13.9,D,0
3.7716,-60.0148,318.6,1.5,1.2,2023-01-25,1357,Terra,MODIS,70,61.03,302,12.8,D,0
3.6147,-59.5526,328.9,1.3,1.1,2023-01-25,1357,Terra,MODIS,82,61.03,300.2,29.8,D,0
3.2623,-60.162,324.7,1.5,1.2,2023-01-25,1357,Terra,MODIS,79,61.03,301.1,23.5,D,0
3.2604,-60.1491,321.3,1.5,1.2,2023-01-25,1357,Terra,MODIS,75,61.03,300.5,17.3,D,0
3.2177,-59.9235,314.5,1.4,1.2,2023-01-25,1357,Terra,MODIS,65,61.03,294.5,10.5,D,0
2.9357,-59.5229,320.9,1.3,1.1,2023-01-25,1357,Terra,MODIS,74,61.03,299.6,15.8,D,0
2.9341,-59.5114,315.1,1.3,1.1,2023-01-25,1357,Terra,MODIS,49,61.03,299.1,7.9,D,0
2.9352,-59.5173,322.2,1.3,1.1,2023-01-25,1357,Terra,MODIS,75,61.03,299.5,17.5,D,0
2.8011,-59.2995,315.7,1.3,1.1,2023-01-25,1357,Terra,MODIS,66,61.03,300,7.7,D,0
2.9032,-60.2238,314.8,1.5,1.2,2023-01-25,1357,Terra,MODIS,63,61.03,298.3,12.7,D,0
2.8173,-59.6231,318.7,1.3,1.1,2023-01-25,1357,Terra,MODIS,51,61.03,300.4,12.4,D,0
2.8072,-59.6245,315.6,1.3,1.1,2023-01-25,1357,Terra,MODIS,42,61.03,300.5,8.8,D,0
2.8055,-59.6129,323.5,1.3,1.1,2023-01-25,1357,Terra,MODIS,77,61.03,299.9,19.8,D,0
2.6349,-59.9288,320.2,1.4,1.2,2023-01-25,1357,Terra,MODIS,73,61.03,301.1,13.2,D,0
2.522,-59.7064,321.6,1.3,1.1,2023-01-25,1357,Terra,MODIS,75,61.03,298.4,17.1,D,0
-11.2521,-57.5068,315.6,1.1,1,2023-01-25,1401,Terra,MODIS,47,61.03,295.6,8.7,D,0
-13.839,-55.2753,305.3,1.6,1.2,2023-01-25,1402,Terra,MODIS,0,61.03,285.2,14.2,D,0
-13.6904,-59.0753,312.9,1,1,2023-01-25,1402,Terra,MODIS,52,61.03,296.4,8.8,D,0
-13.914,-59.7025,314.3,1,1,2023-01-25,1402,Terra,MODIS,49,61.03,297.8,7.3,D,0
-13.9219,-59.6479,314.7,1,1,2023-01-25,1402,Terra,MODIS,37,61.03,297.9,8.3,D,0
-15.0309,-55.5428,311.4,1.6,1.2,2023-01-25,1402,Terra,MODIS,45,61.03,291.4,9.1,D,0
-14.4695,-60.1211,314.4,1,1,2023-01-25,1402,Terra,MODIS,47,61.03,297.7,6.1,D,0
-13.5708,-65.8597,312.5,2,1.4,2023-01-25,1402,Terra,MODIS,58,61.03,291.3,13.7,D,0
-14.5855,-59.9581,315.8,1,1,2023-01-25,1402,Terra,MODIS,43,61.03,298,6.3,D,0
-14.6276,-59.9894,314.7,1,1,2023-01-25,1402,Terra,MODIS,65,61.03,297.1,5.5,D,0
-13.7823,-65.8281,311.6,2,1.4,2023-01-25,1402,Terra,MODIS,55,61.03,291.8,13.1,D,0
-15.9958,-60.654,316.1,1,1,2023-01-25,1402,Terra,MODIS,34,61.03,297.1,7.1,D,0
-13.7851,-65.8347,310.7,2,1.4,2023-01-25,1402,Terra,MODIS,51,61.03,291.6,11.7,D,0
-14.8923,-59.6866,314.9,1,1,2023-01-25,1402,Terra,MODIS,35,61.03,296.3,7.2,D,0
-20.688,-53.9692,313.8,2.5,1.5,2023-01-25,1403,Terra,MODIS,44,61.03,295.3,23.9,D,0
-16.8619,-60.778,334.6,1,1,2023-01-25,1403,Terra,MODIS,87,61.03,296.4,26.9,D,2
-19.742,-56.5424,311.9,1.5,1.2,2023-01-25,1403,Terra,MODIS,58,61.03,294.9,10.1,D,0
-19.6128,-63.1333,312.1,1.1,1,2023-01-25,1404,Terra,MODIS,41,61.03,294,6.6,D,0
-20.8093,-53.6029,317.6,2.6,1.6,2023-01-25,1404,Terra,MODIS,67,61.03,296.9,35.1,D,0
-20.8041,-53.5966,316,2.6,1.6,2023-01-25,1404,Terra,MODIS,40,61.03,295.8,28.3,D,0
-20.7436,-59.8333,320.5,1.1,1,2023-01-25,1404,Terra,MODIS,69,61.03,299.5,10.4,D,0
3.6905,-73.0459,311.8,2.9,1.6,2023-01-25,1535,Terra,MODIS,65,61.03,293.5,23.4,D,0
5.97,-70.1054,313,4.5,2,2023-01-25,1535,Terra,MODIS,68,61.03,297,44.6,D,0
5.9344,-71.1146,311.8,3.8,1.8,2023-01-25,1535,Terra,MODIS,66,61.03,294.4,32.2,D,0
5.6219,-70.4222,314.4,4.3,1.9,2023-01-25,1535,Terra,MODIS,71,61.03,295.8,51,D,0
5.6179,-70.4277,316,4.3,1.9,2023-01-25,1535,Terra,MODIS,73,61.03,295.9,59.8,D,0
5.6119,-70.39,314,4.3,1.9,2023-01-25,1535,Terra,MODIS,53,61.03,296,46.8,D,0
5.4728,-71.9479,318.8,3.3,1.7,2023-01-25,1535,Terra,MODIS,73,61.03,294.6,57.6,D,0
5.4681,-71.9191,328,3.3,1.7,2023-01-25,1535,Terra,MODIS,79,61.03,292.8,114,D,0
5.4701,-71.9242,329.2,3.3,1.7,2023-01-25,1535,Terra,MODIS,84,61.03,293.6,120.9,D,0
4.7894,-70.123,317.9,4.7,2,2023-01-25,1535,Terra,MODIS,73,61.03,296,82.1,D,0
4.7884,-70.1283,318.5,4.7,2,2023-01-25,1535,Terra,MODIS,74,61.03,296,88.8,D,0
5.0599,-77.1711,304.4,1.3,1.1,2023-01-25,1535,Terra,MODIS,40,61.03,288.7,3.6,D,0
4.127,-71.7528,323.7,3.6,1.8,2023-01-25,1535,Terra,MODIS,80,61.03,295.7,88.2,D,0
4.1326,-71.7573,319.2,3.6,1.8,2023-01-25,1535,Terra,MODIS,75,61.03,295.8,64.6,D,0
4.1169,-71.7597,314.2,3.6,1.8,2023-01-25,1535,Terra,MODIS,53,61.03,295.1,36.7,D,0
3.6971,-71.5177,325.1,3.8,1.8,2023-01-25,1535,Terra,MODIS,81,61.03,294.6,113.5,D,0
3.6918,-71.4842,311.7,3.8,1.8,2023-01-25,1535,Terra,MODIS,35,61.03,293.7,29.9,D,0
3.6596,-71.489,313.8,3.8,1.8,2023-01-25,1535,Terra,MODIS,65,61.03,294.2,44.6,D,0
3.6681,-71.4943,315.9,3.8,1.8,2023-01-25,1535,Terra,MODIS,71,61.03,294.2,57,D,0
3.6631,-71.461,311.7,3.9,1.8,2023-01-25,1535,Terra,MODIS,63,61.03,293.7,33.9,D,0
1.6203,-75.6026,313.5,2,1.4,2023-01-25,1536,Terra,MODIS,28,61.03,296.2,15.3,D,2
1.6082,-75.6042,314.8,2,1.4,2023-01-25,1536,Terra,MODIS,57,61.03,296.3,17.4,D,2
1.4546,-75.6846,312.9,1.9,1.4,2023-01-25,1536,Terra,MODIS,68,61.03,293.3,14.9,D,0
1.2509,-74.3441,310.6,2.5,1.5,2023-01-25,1536,Terra,MODIS,63,61.03,294.1,16.6,D,0
2.1927,-75.6203,311.2,1.9,1.3,2023-01-25,1536,Terra,MODIS,66,61.03,296.8,16.7,D,2
3.8762,-77.0024,319.9,1.4,1.2,2023-01-25,1536,Terra,MODIS,56,61.03,296,17.7,D,2
3.8855,-77.0639,313.7,1.4,1.2,2023-01-25,1536,Terra,MODIS,0,61.03,295.7,11.3,D,2
-1.0432,-79.4817,317.6,1.2,1.1,2023-01-25,1537,Terra,MODIS,57,61.03,295.7,10.8,D,2
-0.8963,-79.49,317.2,1.1,1.1,2023-01-25,1537,Terra,MODIS,69,61.03,295.4,10.6,D,2
-0.9551,-79.353,314.6,1.2,1.1,2023-01-25,1537,Terra,MODIS,53,61.03,294.3,8.4,D,0
-1.4441,-79.4582,313.9,1.2,1.1,2023-01-25,1537,Terra,MODIS,25,61.03,295.4,6.7,D,0
-1.5733,-79.4717,314.4,1.2,1.1,2023-01-25,1537,Terra,MODIS,63,61.03,295.9,8.1,D,0
-1.5524,-80.4279,314.9,1.1,1,2023-01-25,1537,Terra,MODIS,61,61.03,297.7,6.9,D,2
-1.7097,-79.3975,312.4,1.2,1.1,2023-01-25,1537,Terra,MODIS,58,61.03,295.6,5.9,D,0
-1.8033,-79.5226,316.8,1.2,1.1,2023-01-25,1537,Terra,MODIS,52,61.03,295.5,7.8,D,2
-4.8747,-80.7856,329.5,1.1,1,2023-01-25,1538,Terra,MODIS,74,61.03,302.1,16,D,0
-6.6162,-76.4118,312.9,2.3,1.5,2023-01-25,1538,Terra,MODIS,70,61.03,292.5,21.1,D,0
-6.491,-76.3673,316.7,2.3,1.5,2023-01-25,1538,Terra,MODIS,57,61.03,294.1,27.1,D,2
-8.0208,-79.0432,323.6,1.5,1.2,2023-01-25,1539,Terra,MODIS,66,61.03,300.3,10.8,D,0
-19.9911,-53.3672,317.9,1.9,1.3,2023-01-25,1706,Aqua,MODIS,48,61.03,299.6,20.1,D,0
-18.9187,-56.9665,310,3.4,1.7,2023-01-25,1706,Aqua,MODIS,56,61.03,290.7,20.3,D,0
-18.1981,-52.1727,320.8,1.5,1.2,2023-01-25,1706,Aqua,MODIS,74,61.03,302.7,18.4,D,0
-19.8847,-50.3819,319,1.2,1.1,2023-01-25,1706,Aqua,MODIS,45,61.03,302.5,10.6,D,0
-19.1587,-53.471,319.8,1.9,1.3,2023-01-25,1706,Aqua,MODIS,67,61.03,302.3,26.9,D,0
-20.8783,-52.2694,312.8,1.6,1.3,2023-01-25,1706,Aqua,MODIS,27,61.03,295,11.8,D,0
-20.4779,-49.8511,319,1.2,1.1,2023-01-25,1706,Aqua,MODIS,58,61.03,301.9,11.4,D,0
-15.3252,-54.33,310.8,1.9,1.4,2023-01-25,1707,Aqua,MODIS,45,61.03,293,15.1,D,0
-15.6139,-54.1082,317,1.9,1.3,2023-01-25,1707,Aqua,MODIS,32,61.03,297.6,22,D,0
-12.7394,-58.0569,308.3,3.4,1.7,2023-01-25,1708,Aqua,MODIS,44,61.03,289,31.1,D,0
-11.9589,-54.457,314.6,1.7,1.3,2023-01-25,1708,Aqua,MODIS,34,61.03,294.4,15.1,D,0
-11.1961,-50.8556,317.2,1.1,1,2023-01-25,1708,Aqua,MODIS,50,61.03,298.7,9.3,D,0
-11.1175,-52.4114,315.9,1.2,1.1,2023-01-25,1708,Aqua,MODIS,68,61.03,296.8,11.9,D,0
-10.6762,-52.3065,316.6,1.2,1.1,2023-01-25,1708,Aqua,MODIS,59,61.03,299.3,10.6,D,0
-10.5099,-52.597,318,1.2,1.1,2023-01-25,1708,Aqua,MODIS,41,61.03,300.2,12.1,D,0
-12.6081,-56.6641,311,2.6,1.6,2023-01-25,1708,Aqua,MODIS,50,61.03,289.1,26,D,0
-13.0233,-53.1972,315.9,1.5,1.2,2023-01-25,1708,Aqua,MODIS,68,61.03,297.2,14.2,D,0
-13.1969,-56.2101,315.5,2.5,1.5,2023-01-25,1708,Aqua,MODIS,36,61.03,295,31.8,D,0
-12.4088,-51.7151,316.2,1.2,1.1,2023-01-25,1708,Aqua,MODIS,40,61.03,299.9,12.5,D,0
-12.8866,-55.3537,310.2,2.1,1.4,2023-01-25,1708,Aqua,MODIS,44,61.03,290.6,14.2,D,0
-12.8221,-55.2457,313.3,2.1,1.4,2023-01-25,1708,Aqua,MODIS,57,61.03,293,21.8,D,0
-12.7813,-55.1185,312.9,2,1.4,2023-01-25,1708,Aqua,MODIS,66,61.03,294.5,20.5,D,0
-12.9402,-56.4728,310.5,2.6,1.5,2023-01-25,1708,Aqua,MODIS,47,61.03,290.7,22.7,D,0
-12.324,-52.2849,317.1,1.3,1.1,2023-01-25,1708,Aqua,MODIS,44,61.03,300.2,12.3,D,0
-12.6847,-55.1734,311.7,2,1.4,2023-01-25,1708,Aqua,MODIS,44,61.03,293.6,17.1,D,0
-12.6824,-55.1805,312.3,2,1.4,2023-01-25,1708,Aqua,MODIS,59,61.03,294.2,18.8,D,0
-12.6612,-55.3168,318.9,2.1,1.4,2023-01-25,1708,Aqua,MODIS,39,61.03,296.5,31.4,D,0
-12.4369,-54.6863,311.8,1.8,1.3,2023-01-25,1708,Aqua,MODIS,67,61.03,293.2,17,D,0
-9.54,-50.9178,314,1,1,2023-01-25,1709,Aqua,MODIS,64,61.03,294.7,7.7,D,0
-8.6353,-50.1224,316.9,1,1,2023-01-25,1709,Aqua,MODIS,50,61.03,297.7,7.5,D,0
-8.4356,-49.4393,323.4,1,1,2023-01-25,1709,Aqua,MODIS,74,61.03,295.6,12.4,D,0
-8.4369,-49.4484,333.2,1,1,2023-01-25,1709,Aqua,MODIS,84,61.03,296.6,24.7,D,0
-8.4509,-49.8037,319.3,1,1,2023-01-25,1709,Aqua,MODIS,68,61.03,299.8,10.8,D,0
-8.3937,-50.2312,318,1,1,2023-01-25,1709,Aqua,MODIS,51,61.03,299.7,8.9,D,0
-8.3578,-50.3716,321.3,1,1,2023-01-25,1709,Aqua,MODIS,73,61.03,298.8,10.2,D,0
-8.173,-49.7249,319.7,1,1,2023-01-25,1709,Aqua,MODIS,53,61.03,299.6,11.2,D,0
-7.9871,-49.2109,333.3,1,1,2023-01-25,1709,Aqua,MODIS,84,61.03,299.2,25.1,D,0
1.3234,-50.7187,313,1.1,1,2023-01-25,1711,Aqua,MODIS,49,61.03,284.2,5.7,D,0
2.7556,-59.3952,321.4,2.5,1.5,2023-01-25,1712,Aqua,MODIS,78,61.03,300.4,27.3,D,0
0.6337,-59.7021,312.8,2.8,1.6,2023-01-25,1712,Aqua,MODIS,70,61.03,291.5,40.8,D,0
0.6301,-59.7272,317,2.8,1.6,2023-01-25,1712,Aqua,MODIS,75,61.03,290.4,59.6,D,0
0.6359,-59.7074,318.3,2.8,1.6,2023-01-25,1712,Aqua,MODIS,75,61.03,291.6,57.2,D,0
0.632,-59.7324,311.3,2.8,1.6,2023-01-25,1712,Aqua,MODIS,24,61.03,289.9,33.3,D,0
0.751,-59.33,317.6,2.6,1.6,2023-01-25,1712,Aqua,MODIS,76,61.03,292.7,43.8,D,0
0.7369,-59.4239,323.8,2.7,1.6,2023-01-25,1712,Aqua,MODIS,81,61.03,293.7,70.4,D,0
0.7649,-59.3321,333.1,2.6,1.6,2023-01-25,1712,Aqua,MODIS,88,61.03,293.6,113.1,D,0
0.8287,-59.7178,310.8,2.8,1.6,2023-01-25,1712,Aqua,MODIS,66,61.03,294,23.8,D,0
2.5932,-59.9527,323.7,2.7,1.6,2023-01-25,1712,Aqua,MODIS,69,61.03,289.3,68.4,D,0
2.7387,-59.415,330.3,2.5,1.5,2023-01-25,1712,Aqua,MODIS,85,61.03,300.8,63.6,D,0
2.7522,-59.417,328,2.5,1.5,2023-01-25,1712,Aqua,MODIS,84,61.03,301.3,53,D,0
2.9362,-59.5022,315.5,2.5,1.5,2023-01-25,1712,Aqua,MODIS,64,61.03,298.5,23.7,D,0
3.5304,-59.3021,315.3,2.3,1.5,2023-01-25,1712,Aqua,MODIS,71,61.03,297.6,30.3,D,0
3.5404,-59.3107,316.5,2.3,1.5,2023-01-25,1712,Aqua,MODIS,65,61.03,298.3,30.1,D,0
3.7119,-59.4929,320.9,2.4,1.5,2023-01-25,1712,Aqua,MODIS,77,61.03,301.5,32.6,D,0
3.7076,-59.499,322.8,2.4,1.5,2023-01-25,1712,Aqua,MODIS,79,61.03,301.7,39.1,D,0
3.706,-59.9536,328.5,2.6,1.6,2023-01-25,1712,Aqua,MODIS,83,61.03,297.5,76.1,D,0
3.8269,-59.431,319.6,2.4,1.5,2023-01-25,1712,Aqua,MODIS,65,61.03,299.1,33.9,D,0
3.7112,-59.9595,320.5,2.6,1.6,2023-01-25,1712,Aqua,MODIS,76,61.03,295.4,39.2,D,0
3.8225,-59.4355,326.8,2.4,1.5,2023-01-25,1712,Aqua,MODIS,82,61.03,299.3,60.9,D,0
3.8192,-59.4565,326.8,2.4,1.5,2023-01-25,1712,Aqua,MODIS,77,61.03,295,61.5,D,0
3.8051,-59.8105,319.2,2.5,1.5,2023-01-25,1712,Aqua,MODIS,27,61.03,300.7,23.3,D,0
3.8945,-59.3194,311.7,2.3,1.5,2023-01-25,1712,Aqua,MODIS,41,61.03,296.3,17.6,D,0
3.8119,-59.8577,323.2,2.6,1.5,2023-01-25,1712,Aqua,MODIS,72,61.03,301.9,39.7,D,0
3.9473,-59.2301,311.5,2.3,1.5,2023-01-25,1713,Aqua,MODIS,50,61.03,298.1,22.4,D,0
3.9069,-60.4539,319.6,2.8,1.6,2023-01-25,1713,Aqua,MODIS,68,61.03,301.5,33.9,D,0
4.2971,-59.9575,312.2,2.6,1.5,2023-01-25,1713,Aqua,MODIS,51,61.03,295.4,17.7,D,0
5.6482,-57.6864,315.4,1.6,1.2,2023-01-25,1713,Aqua,MODIS,28,61.03,299.9,15.9,D,0
5.6508,-57.6788,319.2,1.6,1.2,2023-01-25,1713,Aqua,MODIS,75,61.03,295.6,24.6,D,0
5.1669,-61.4427,316,3.2,1.7,2023-01-25,1713,Aqua,MODIS,67,61.03,300.3,41.6,D,0
5.164,-61.447,314.5,3.2,1.7,2023-01-25,1713,Aqua,MODIS,71,61.03,300.1,36.6,D,0
-14.118,-66.6585,316.6,2.3,1.5,2023-01-25,1846,Aqua,MODIS,65,61.03,291.8,27.9,D,0
-13.4795,-66.1703,313,2.6,1.5,2023-01-25,1846,Aqua,MODIS,62,61.03,294,20.2,D,0
-13.3438,-66.9651,314.9,2.3,1.5,2023-01-25,1846,Aqua,MODIS,58,61.03,292.5,21,D,0
-10.3239,-73.577,309.4,1,1,2023-01-25,1847,Aqua,MODIS,38,61.03,291.7,3.6,D,0
-9.984,-73.8959,316.2,1,1,2023-01-25,1847,Aqua,MODIS,65,61.03,297.4,6.8,D,0
-9.9853,-73.905,341.2,1,1,2023-01-25,1847,Aqua,MODIS,91,61.03,300.3,38.7,D,0
-9.8545,-73.7039,318.8,1,1,2023-01-25,1847,Aqua,MODIS,72,61.03,298.1,10.6,D,0
-9.7801,-73.7619,321.4,1,1,2023-01-25,1847,Aqua,MODIS,75,61.03,298.1,12.2,D,0
-9.3368,-74.0054,323.5,1,1,2023-01-25,1847,Aqua,MODIS,77,61.03,297.1,14.6,D,0
-9.3109,-74.9753,314.9,1,1,2023-01-25,1847,Aqua,MODIS,62,61.03,297.5,5.6,D,0
-9.299,-75.9969,324.3,1.1,1,2023-01-25,1847,Aqua,MODIS,29,61.03,301.4,13.7,D,2
-7.3914,-76.2925,314.6,1,1,2023-01-25,1848,Aqua,MODIS,55,61.03,290,8.7,D,0
-9.009,-75.0536,320.7,1,1,2023-01-25,1848,Aqua,MODIS,71,61.03,298.7,10.2,D,0
-9.0103,-75.0626,321.8,1,1,2023-01-25,1848,Aqua,MODIS,75,61.03,296,11.6,D,0
-8.9762,-75.529,309.9,1,1,2023-01-25,1848,Aqua,MODIS,47,61.03,293.5,3.6,D,0
-8.5711,-74.3794,317,1,1,2023-01-25,1848,Aqua,MODIS,54,61.03,297.2,6.3,D,0
-8.5687,-74.4258,322.7,1,1,2023-01-25,1848,Aqua,MODIS,75,61.03,298.4,12.8,D,0
-8.3469,-74.7983,315.1,1,1,2023-01-25,1848,Aqua,MODIS,64,61.03,299,5.4,D,0
-8.3341,-74.7726,319.5,1,1,2023-01-25,1848,Aqua,MODIS,72,61.03,298.9,9.3,D,0
-8.3251,-74.7739,330.3,1,1,2023-01-25,1848,Aqua,MODIS,83,61.03,300,21.1,D,0
-8.531,-76.4855,317.2,1.1,1,2023-01-25,1848,Aqua,MODIS,71,61.03,298.7,10.1,D,0
-8.3156,-75.3523,313.4,1,1,2023-01-25,1848,Aqua,MODIS,61,61.03,296.8,5,D,0
-8.1008,-75.138,318.6,1,1,2023-01-25,1848,Aqua,MODIS,71,61.03,297.5,9.3,D,0
-8.1254,-75.3738,344.8,1,1,2023-01-25,1848,Aqua,MODIS,93,61.03,298.4,46.4,D,0
-8.1267,-75.3828,313.2,1,1,2023-01-25,1848,Aqua,MODIS,62,61.03,297.2,5.9,D,0
-8.0817,-75.1959,326.6,1,1,2023-01-25,1848,Aqua,MODIS,80,61.03,298,18.3,D,0
-8.5636,-78.7528,331.5,1.5,1.2,2023-01-25,1848,Aqua,MODIS,68,61.03,308.1,26.3,D,0
-8.5547,-78.7676,331.6,1.5,1.2,2023-01-25,1848,Aqua,MODIS,62,61.03,308.3,25.5,D,0
-7.9019,-75.5449,317.7,1,1,2023-01-25,1848,Aqua,MODIS,71,61.03,297,9.6,D,0
-7.9032,-75.554,318.2,1,1,2023-01-25,1848,Aqua,MODIS,72,61.03,297.2,10,D,0
-7.7147,-76.5012,314.5,1.1,1,2023-01-25,1848,Aqua,MODIS,67,61.03,298.2,6.7,D,0
-7.5656,-76.35,331.5,1.1,1,2023-01-25,1848,Aqua,MODIS,64,61.03,295.8,27.7,D,0
-7.5565,-76.3514,336,1.1,1,2023-01-25,1848,Aqua,MODIS,88,61.03,294.7,33,D,0
-7.5578,-76.3606,335,1.1,1,2023-01-25,1848,Aqua,MODIS,87,61.03,292,31.6,D,0
-7.5368,-76.3447,318.8,1.1,1,2023-01-25,1848,Aqua,MODIS,69,61.03,295.2,12.3,D,0
-7.512,-76.3677,312.6,1.1,1,2023-01-25,1848,Aqua,MODIS,56,61.03,297.1,6.1,D,0
-7.4725,-76.2191,329.9,1,1,2023-01-25,1848,Aqua,MODIS,84,61.03,295.7,25.3,D,0
-7.504,-76.559,319.7,1.1,1,2023-01-25,1848,Aqua,MODIS,70,61.03,299.1,11.4,D,0
-7.4071,-76.2716,326.8,1,1,2023-01-25,1848,Aqua,MODIS,81,61.03,293.8,21.4,D,0
-7.4246,-76.3957,321.8,1.1,1,2023-01-25,1848,Aqua,MODIS,76,61.03,298.6,12.2,D,0
-7.4259,-76.4052,322.2,1.1,1,2023-01-25,1848,Aqua,MODIS,77,61.03,298.3,12.5,D,0
-7.3793,-76.3991,320.7,1.1,1,2023-01-25,1848,Aqua,MODIS,69,61.03,296.1,11.2,D,0
-7.3715,-76.4099,319.3,1.1,1,2023-01-25,1848,Aqua,MODIS,52,61.03,297.2,9.7,D,0
-7.2431,-76.3471,317.2,1,1,2023-01-25,1848,Aqua,MODIS,53,61.03,295.6,8.7,D,0
-7.2208,-76.255,329.9,1,1,2023-01-25,1848,Aqua,MODIS,84,61.03,298.3,22.4,D,0
-7.2116,-76.2561,314.7,1,1,2023-01-25,1848,Aqua,MODIS,64,61.03,297.5,5.3,D,0
-7.2381,-76.4444,319.8,1.1,1,2023-01-25,1848,Aqua,MODIS,57,61.03,296.6,11.8,D,0
-7.624,-79.2607,338.5,1.5,1.2,2023-01-25,1848,Aqua,MODIS,88,61.03,303.8,38.3,D,0
-7.229,-76.4458,339,1.1,1,2023-01-25,1848,Aqua,MODIS,90,61.03,298.9,36.4,D,0
-7.2303,-76.4552,329.8,1.1,1,2023-01-25,1848,Aqua,MODIS,83,61.03,297.8,22,D,0
-7.2419,-76.7928,313.5,1.1,1,2023-01-25,1848,Aqua,MODIS,54,61.03,295.6,5.1,D,0
-7.1587,-76.4047,321.1,1.1,1,2023-01-25,1848,Aqua,MODIS,46,61.03,299.8,9.1,D,0
-7.0591,-76.2812,322.4,1,1,2023-01-25,1848,Aqua,MODIS,76,61.03,298.4,13,D,0
-7.0475,-76.3305,330.3,1,1,2023-01-25,1848,Aqua,MODIS,84,61.03,298.1,22.9,D,0
-7.0384,-76.3318,337.7,1,1,2023-01-25,1848,Aqua,MODIS,89,61.03,298.5,33,D,0
-7.0397,-76.3411,327.8,1,1,2023-01-25,1848,Aqua,MODIS,81,61.03,297,19,D,0
-6.9778,-76.5588,324.6,1.1,1,2023-01-25,1848,Aqua,MODIS,76,61.03,299.8,11,D,0
-6.952,-76.5585,320.2,1.1,1,2023-01-25,1848,Aqua,MODIS,70,61.03,299.6,8.7,D,0
-6.9282,-76.5232,318.5,1.1,1,2023-01-25,1848,Aqua,MODIS,53,61.03,297.5,7.7,D,0
-6.7842,-76.2923,316.8,1,1,2023-01-25,1848,Aqua,MODIS,43,61.03,296.1,6.9,D,2
-6.7449,-76.1464,318.3,1,1,2023-01-25,1848,Aqua,MODIS,72,61.03,296.1,9.4,D,0
-6.7334,-76.4475,316.6,1,1,2023-01-25,1848,Aqua,MODIS,48,61.03,294.7,7,D,0
-6.5145,-76.7199,315.9,1.1,1,2023-01-25,1848,Aqua,MODIS,67,61.03,299.3,6.2,D,0
-6.5158,-76.7294,315.5,1.1,1,2023-01-25,1848,Aqua,MODIS,60,61.03,299.1,6.2,D,0
-6.4789,-76.7344,317.8,1.1,1,2023-01-25,1848,Aqua,MODIS,73,61.03,298,9.5,D,0
-6.2272,-76.1932,318.8,1,1,2023-01-25,1848,Aqua,MODIS,60,61.03,295,10.3,D,0
-6.2285,-76.2024,326,1,1,2023-01-25,1848,Aqua,MODIS,81,61.03,298.9,17.9,D,0
-5.4335,-80.7696,330.6,1.8,1.3,2023-01-25,1849,Aqua,MODIS,70,61.03,302.9,24.3,D,0
0.9402,-75.205,326.2,1.1,1,2023-01-25,1850,Aqua,MODIS,78,61.03,298.8,18.3,D,0
1.9838,-72.7625,314.9,1.5,1.2,2023-01-25,1850,Aqua,MODIS,28,61.03,294.8,10,D,0
1.2949,-74.3834,329,1.2,1.1,2023-01-25,1850,Aqua,MODIS,79,61.03,302.3,22,D,0
1.3741,-74.2445,332.3,1.2,1.1,2023-01-25,1850,Aqua,MODIS,84,61.03,299,29.5,D,0
1.3725,-74.2551,323.2,1.2,1.1,2023-01-25,1850,Aqua,MODIS,46,61.03,300.3,15.6,D,0
-1.5643,-79.7482,315,1.4,1.2,2023-01-25,1850,Aqua,MODIS,0,61.03,296,8.8,D,2
1.4094,-74.2995,333.3,1.2,1.1,2023-01-25,1850,Aqua,MODIS,84,61.03,300.5,31.4,D,0
1.2741,-74.3911,327,1.2,1.1,2023-01-25,1850,Aqua,MODIS,77,61.03,298.4,20.2,D,0
1.2219,-75.9328,327.5,1,1,2023-01-25,1850,Aqua,MODIS,80,61.03,299.3,18.2,D,0
1.5079,-75.4072,316.1,1.1,1,2023-01-25,1850,Aqua,MODIS,62,61.03,298.5,6.3,D,0
1.2756,-74.3807,321.1,1.2,1.1,2023-01-25,1850,Aqua,MODIS,52,61.03,297,12.5,D,0
3.7009,-71.515,319.2,2,1.4,2023-01-25,1851,Aqua,MODIS,48,61.03,299.3,24.8,D,0
3.1721,-75.4177,316.6,1.1,1,2023-01-25,1851,Aqua,MODIS,60,61.03,301.2,7.6,D,0
3.6505,-72.064,338.5,1.8,1.3,2023-01-25,1851,Aqua,MODIS,88,61.03,301.3,73.9,D,0
3.6674,-72.1157,323.9,1.8,1.3,2023-01-25,1851,Aqua,MODIS,32,61.03,300.8,26.1,D,0
3.654,-72.2112,331.8,1.8,1.3,2023-01-25,1851,Aqua,MODIS,83,61.03,301.7,47.5,D,0
3.1176,-76.3889,315.4,1,1,2023-01-25,1851,Aqua,MODIS,40,61.03,299.7,5.8,D,0
3.8838,-71.2275,334.5,2.1,1.4,2023-01-25,1851,Aqua,MODIS,85,61.03,301.1,76.9,D,0
3.8812,-71.2465,322.5,2.1,1.4,2023-01-25,1851,Aqua,MODIS,50,61.03,299.3,32.2,D,0
4.0269,-70.5503,328.5,2.4,1.5,2023-01-25,1851,Aqua,MODIS,80,61.03,299.6,62.9,D,0
4.0479,-70.5973,321.5,2.4,1.5,2023-01-25,1851,Aqua,MODIS,48,61.03,299.5,33.7,D,0
3.4468,-74.9809,321.6,1.2,1.1,2023-01-25,1851,Aqua,MODIS,74,61.03,299.5,13.7,D,0
3.4454,-74.9907,316,1.2,1.1,2023-01-25,1851,Aqua,MODIS,51,61.03,301.3,6.8,D,0
3.2229,-76.6125,320.4,1,1,2023-01-25,1851,Aqua,MODIS,63,61.03,295.2,12.1,D,0
4.0183,-71.3926,324.6,2.1,1.4,2023-01-25,1851,Aqua,MODIS,35,61.03,301.9,36.8,D,0
4.0129,-71.88,329,1.9,1.3,2023-01-25,1851,Aqua,MODIS,80,61.03,299.2,45,D,0
4.0105,-71.897,324,1.9,1.3,2023-01-25,1851,Aqua,MODIS,72,61.03,301.3,30.1,D,0
3.4709,-75.9069,317.1,1.1,1,2023-01-25,1851,Aqua,MODIS,68,61.03,292.7,14.5,D,0
3.584,-75.5101,319.7,1.1,1,2023-01-25,1851,Aqua,MODIS,73,61.03,300,12.9,D,0
4.4558,-70.1444,321.7,2.7,1.6,2023-01-25,1851,Aqua,MODIS,66,61.03,297.5,45.5,D,0
4.4597,-70.1498,325,2.7,1.6,2023-01-25,1851,Aqua,MODIS,71,61.03,296.3,60.4,D,0
4.6028,-69.4191,317.3,3.1,1.7,2023-01-25,1851,Aqua,MODIS,62,61.03,297.2,37.5,D,0
4.818,-68.2062,321.1,3.8,1.8,2023-01-25,1851,Aqua,MODIS,71,61.03,297.4,81.4,D,0
4.8303,-68.1808,314.9,3.9,1.8,2023-01-25,1851,Aqua,MODIS,42,61.03,297,45.6,D,0
4.8257,-68.2151,325.8,3.8,1.8,2023-01-25,1851,Aqua,MODIS,73,61.03,298.5,118.5,D,0
4.607,-69.9557,322.3,2.8,1.6,2023-01-25,1851,Aqua,MODIS,66,61.03,298.9,53.2,D,0
4.6212,-69.9578,328.6,2.8,1.6,2023-01-25,1851,Aqua,MODIS,76,61.03,301.5,81,D,0
4.1898,-73.3111,322.2,1.5,1.2,2023-01-25,1851,Aqua,MODIS,72,61.03,300.8,18.9,D,0
3.9996,-75.2878,316.5,1.1,1.1,2023-01-25,1851,Aqua,MODIS,68,61.03,299.7,9.2,D,0
4.0682,-74.8653,316.2,1.2,1.1,2023-01-25,1851,Aqua,MODIS,67,61.03,301.4,7.4,D,0
4.5072,-72.582,319.3,1.7,1.3,2023-01-25,1851,Aqua,MODIS,61,61.03,301,16.6,D,0
4.7449,-71.0405,323.4,2.3,1.5,2023-01-25,1851,Aqua,MODIS,48,61.03,300.7,43,D,0
4.7579,-71.0423,322.9,2.3,1.5,2023-01-25,1851,Aqua,MODIS,68,61.03,298,42,D,0
5.0017,-70.7015,350.7,2.5,1.5,2023-01-25,1851,Aqua,MODIS,95,61.03,298.4,203.5,D,0
4.9987,-70.7233,348.8,2.4,1.5,2023-01-25,1851,Aqua,MODIS,94,61.03,298.9,184.9,D,0
5.0152,-70.7033,338.3,2.5,1.5,2023-01-25,1851,Aqua,MODIS,88,61.03,299.1,115.7,D,0
4.997,-70.708,356.8,2.5,1.5,2023-01-25,1851,Aqua,MODIS,98,61.03,296.8,254.2,D,0
4.9941,-70.7298,327.2,2.4,1.5,2023-01-25,1851,Aqua,MODIS,78,61.03,297.1,56.3,D,0
5.0105,-70.7098,341.1,2.5,1.5,2023-01-25,1851,Aqua,MODIS,90,61.03,298.9,133.6,D,0
5.7766,-68.0057,341.5,4.1,1.9,2023-01-25,1851,Aqua,MODIS,90,61.03,298.8,282.9,D,0
5.7934,-68.0079,330.9,4.1,1.9,2023-01-25,1851,Aqua,MODIS,78,61.03,301.3,160.8,D,0
4.8649,-74.853,318,1.2,1.1,2023-01-25,1851,Aqua,MODIS,60,61.03,301.9,7,D,0
5.7794,-68.0111,338.9,4.1,1.9,2023-01-25,1851,Aqua,MODIS,88,61.03,299.7,248.9,D,0
5.1465,-76.6857,316.9,1,1,2023-01-25,1851,Aqua,MODIS,48,61.03,298.9,8,D,0
5.1556,-76.687,315.9,1,1,2023-01-25,1851,Aqua,MODIS,46,61.03,298.4,7.2,D,0
5.7963,-68.0133,327.4,4.1,1.9,2023-01-25,1851,Aqua,MODIS,78,61.03,301,128.9,D,0
2.6367,-72.112,323,1.7,1.3,2023-01-25,1851,Aqua,MODIS,31,61.03,297.6,28,D,0
2.6483,-72.1137,330.3,1.7,1.3,2023-01-25,1851,Aqua,MODIS,81,61.03,298.4,46.6,D,0
2.3541,-76.058,311.5,1,1,2023-01-25,1851,Aqua,MODIS,56,61.03,296.7,6.5,D,0
2.2614,-76.9577,315.8,1,1,2023-01-25,1851,Aqua,MODIS,69,61.03,300.1,6.2,D,0
2.2601,-76.9666,315.4,1,1,2023-01-25,1851,Aqua,MODIS,68,61.03,300.4,5.8,D,0
2.6507,-75.7888,317.8,1.1,1,2023-01-25,1851,Aqua,MODIS,71,61.03,298.2,11.1,D,0
2.6494,-75.7984,320.9,1.1,1,2023-01-25,1851,Aqua,MODIS,75,61.03,298,14.3,D,0
3.1612,-72.3789,328,1.7,1.3,2023-01-25,1851,Aqua,MODIS,78,61.03,299.4,37.3,D,0
3.1404,-72.9373,317.3,1.5,1.2,2023-01-25,1851,Aqua,MODIS,66,61.03,298.6,9.4,D,0
2.5696,-77.8895,314.2,1,1,2023-01-25,1851,Aqua,MODIS,42,61.03,297.4,6.7,D,2
3.6993,-71.5094,317.4,2,1.4,2023-01-25,1851,Aqua,MODIS,46,61.03,299,21.1,D,0
-20.6421,-55.8654,302.6,1.1,1,2023-01-26,0213,Terra,MODIS,50,61.03,291.2,4,N,0
-20.9738,-59.6213,307.2,1.1,1.1,2023-01-26,0213,Terra,MODIS,63,61.03,296.6,5.3,N,0
-20.6808,-60.1976,333.4,1.2,1.1,2023-01-26,0213,Terra,MODIS,100,61.03,295.9,37.1,N,0
-20.6822,-60.2088,319.3,1.2,1.1,2023-01-26,0213,Terra,MODIS,98,61.03,295.3,16.5,N,0
-20.7334,-61.3674,302.6,1.4,1.2,2023-01-26,0213,Terra,MODIS,17,61.03,286.7,10.8,N,0
-19.9458,-58.7861,304.6,1,1,2023-01-26,0213,Terra,MODIS,57,61.03,293.1,3.7,N,0
-19.9206,-59.7644,316.9,1.1,1,2023-01-26,0213,Terra,MODIS,93,61.03,292.3,13.8,N,0
-19.922,-59.7748,349.6,1.1,1,2023-01-26,0213,Terra,MODIS,100,61.03,293.4,67.9,N,0
-19.9233,-59.7852,307.3,1.1,1,2023-01-26,0213,Terra,MODIS,66,61.03,291.3,5.6,N,0
-19.7911,-59.6941,306.4,1.1,1,2023-01-26,0213,Terra,MODIS,66,61.03,291.9,5.2,N,0
-18.6288,-63.3891,313.8,1.8,1.3,2023-01-26,0214,Terra,MODIS,88,61.03,293,23.6,N,0
-18.6309,-63.3779,303.4,1.8,1.3,2023-01-26,0214,Terra,MODIS,55,61.03,292.9,8.5,N,0
-18.6328,-63.3941,307.7,1.8,1.3,2023-01-26,0214,Terra,MODIS,72,61.03,292.9,14.4,N,0
-18.1367,-61.9084,304.6,1.4,1.2,2023-01-26,0214,Terra,MODIS,61,61.03,290.9,6.6,N,0
-18.1279,-61.9226,304.8,1.4,1.2,2023-01-26,0214,Terra,MODIS,62,61.03,290.5,6.7,N,0
-18.1294,-61.9355,321.8,1.4,1.2,2023-01-26,0214,Terra,MODIS,100,61.03,290.9,28.3,N,0
-18.0786,-61.9219,312.9,1.4,1.2,2023-01-26,0214,Terra,MODIS,86,61.03,291.2,16.6,N,0
-18.1019,-62.3765,304.7,1.5,1.2,2023-01-26,0214,Terra,MODIS,61,61.03,289.3,8.2,N,0
-18.1036,-62.3903,334.4,1.5,1.2,2023-01-26,0214,Terra,MODIS,100,61.03,289.2,59.1,N,0
-17.9597,-61.5461,303.9,1.3,1.1,2023-01-26,0214,Terra,MODIS,58,61.03,287.2,6.8,N,0
-17.7405,-61.0894,308,1.2,1.1,2023-01-26,0214,Terra,MODIS,73,61.03,276.4,10.3,N,0
-17.7419,-61.1007,301,1.2,1.1,2023-01-26,0214,Terra,MODIS,23,61.03,277.9,4.7,N,0
-17.7321,-61.1021,304.6,1.2,1.1,2023-01-26,0214,Terra,MODIS,45,61.03,276.7,7.4,N,0
-17.8142,-62.8411,306.2,1.6,1.2,2023-01-26,0214,Terra,MODIS,67,61.03,289.3,10.8,N,0
-16.9883,-62.1548,306.4,1.4,1.2,2023-01-26,0214,Terra,MODIS,68,61.03,280.5,10.9,N,0
-16.3705,-61.2804,344.3,1.2,1.1,2023-01-26,0214,Terra,MODIS,100,61.03,291.2,64.1,N,0
-16.3719,-61.2915,327.8,1.2,1.1,2023-01-26,0214,Terra,MODIS,100,61.03,290.6,31.9,N,0
-16.3673,-61.2753,315.4,1.2,1.1,2023-01-26,0214,Terra,MODIS,91,61.03,289.7,15.7,N,0
-16.3687,-61.2864,349.4,1.2,1.1,2023-01-26,0214,Terra,MODIS,100,61.03,292,77.4,N,0
-16.359,-61.2878,333.2,1.2,1.1,2023-01-26,0214,Terra,MODIS,100,61.03,290,41.8,N,0
-16.1974,-61.2049,310.5,1.2,1.1,2023-01-26,0214,Terra,MODIS,80,61.03,286.8,11.6,N,0
-16.1988,-61.2159,309.4,1.2,1.1,2023-01-26,0214,Terra,MODIS,77,61.03,286.7,10.5,N,0
-16.1787,-61.2356,305.8,1.2,1.1,2023-01-26,0214,Terra,MODIS,63,61.03,288.8,7.3,N,2
-16.1676,-61.2261,332.4,1.2,1.1,2023-01-26,0214,Terra,MODIS,100,61.03,290.7,39.2,N,2
-16.169,-61.237,347.3,1.2,1.1,2023-01-26,0214,Terra,MODIS,100,61.03,291.3,71.2,N,2
-16.1579,-61.2275,311.6,1.2,1.1,2023-01-26,0214,Terra,MODIS,83,61.03,289.9,11.3,N,2
-16.1593,-61.2384,319.8,1.2,1.1,2023-01-26,0214,Terra,MODIS,99,61.03,289.9,20.3,N,2
-16.0888,-61.1487,301.6,1.2,1.1,2023-01-26,0214,Terra,MODIS,43,61.03,286.5,4,N,0
-16.0902,-61.1595,302.8,1.2,1.1,2023-01-26,0214,Terra,MODIS,51,61.03,286.8,4.8,N,0
-15.539,-60.3755,304.7,1.1,1,2023-01-26,0215,Terra,MODIS,61,61.03,288.5,5.3,N,0
0.7634,-59.331,302.1,1.2,1.1,2023-01-26,0219,Terra,MODIS,47,61.03,290.6,5.6,N,0
4.3438,-60.7724,308,1.1,1.1,2023-01-26,0220,Terra,MODIS,73,61.03,294.6,7.4,N,0
4.3533,-60.7738,311.4,1.1,1.1,2023-01-26,0220,Terra,MODIS,82,61.03,294.6,9.9,N,0
5.0543,-66.5699,304.8,1.3,1.1,2023-01-26,0220,Terra,MODIS,60,61.03,294.5,7.8,N,0
5.0646,-66.5708,305.1,1.3,1.1,2023-01-26,0220,Terra,MODIS,62,61.03,294.1,8.2,N,0
4.7335,-68.7578,305.3,2,1.4,2023-01-26,0220,Terra,MODIS,64,61.03,293.3,13.9,N,0
4.721,-69.2579,313.6,2.2,1.4,2023-01-26,0220,Terra,MODIS,87,61.03,293.6,32.3,N,0
4.7337,-69.2598,304.9,2.2,1.4,2023-01-26,0220,Terra,MODIS,62,61.03,292.1,14.3,N,0
4.7215,-69.2634,311.1,2.2,1.4,2023-01-26,0220,Terra,MODIS,82,61.03,293.5,26.2,N,0
4.7342,-69.2652,301.3,2.2,1.4,2023-01-26,0220,Terra,MODIS,29,61.03,290.9,7.6,N,0
4.7979,-69.8781,304.1,2.4,1.5,2023-01-26,0220,Terra,MODIS,59,61.03,293,17.3,N,0
-2.0072,-78.3135,304.2,3,1.7,2023-01-26,0357,Terra,MODIS,59,61.03,274.9,55.6,N,1
-18.1278,-61.931,301.3,1,1,2023-01-26,0537,Aqua,MODIS,40,61.03,277.8,4.7,N,0
-18.1037,-62.3898,319.9,1,1,2023-01-26,0537,Aqua,MODIS,99,61.03,284.4,18.5,N,0
-18.1052,-62.3801,314.5,1,1,2023-01-26,0537,Aqua,MODIS,89,61.03,284.3,13.5,N,0
-18.6229,-63.3866,302.7,1.1,1.1,2023-01-26,0538,Aqua,MODIS,51,61.03,277.8,6.1,N,0
-18.628,-63.3834,308.6,1.1,1.1,2023-01-26,0538,Aqua,MODIS,75,61.03,282,11.2,N,0
-19.9216,-59.7776,304.7,1.1,1,2023-01-26,0538,Aqua,MODIS,59,61.03,285.2,8.9,N,0
-19.923,-59.7673,304.1,1.1,1,2023-01-26,0538,Aqua,MODIS,53,61.03,280.2,8,N,0
-20.6814,-60.1981,324.9,1.1,1,2023-01-26,0538,Aqua,MODIS,100,61.03,287.7,23,N,0
-20.6828,-60.188,304.3,1.1,1,2023-01-26,0538,Aqua,MODIS,57,61.03,288,4.5,N,0
-2.0009,-78.3282,365.1,1.5,1.2,2023-01-26,0712,Aqua,MODIS,100,61.03,276.8,186.5,N,1
-2.0053,-78.3374,373.2,1.5,1.2,2023-01-26,0712,Aqua,MODIS,100,61.03,277.5,232.8,N,1
-2.0081,-78.3171,323.9,1.5,1.2,2023-01-26,0712,Aqua,MODIS,100,61.03,274.6,47.2,N,1
-1.9986,-78.3435,335.6,1.5,1.2,2023-01-26,0712,Aqua,MODIS,100,61.03,272.7,73.5,N,1
-18.7508,-49.8016,317.8,1.3,1.1,2023-01-26,1306,Terra,MODIS,39,61.03,300.4,11.7,D,0
-20.5377,-53.4029,318.5,2.1,1.4,2023-01-26,1307,Terra,MODIS,30,61.03,302.4,23.4,D,0
4.6623,-71.2479,322.5,1.7,1.3,2023-01-26,1438,Terra,MODIS,37,61.03,300.3,22.8,D,0
5.7073,-65.7771,322.8,1,1,2023-01-26,1438,Terra,MODIS,80,61.03,299,12.6,D,0
5.9453,-68.6314,322.3,1.2,1.1,2023-01-26,1438,Terra,MODIS,71,61.03,301.1,13.8,D,0
5.6339,-67.5615,322.8,1.1,1,2023-01-26,1438,Terra,MODIS,74,61.03,304.2,13.3,D,0
5.9843,-70.359,327,1.6,1.2,2023-01-26,1438,Terra,MODIS,79,61.03,298.4,33.9,D,0
5.97,-70.4177,315.8,1.6,1.2,2023-01-26,1438,Terra,MODIS,58,61.03,294.7,12.4,D,0
5.2326,-66.0564,314.7,1,1,2023-01-26,1438,Terra,MODIS,62,61.03,299.9,6.9,D,0
5.6184,-69.207,333.1,1.3,1.1,2023-01-26,1438,Terra,MODIS,83,61.03,301.2,33.7,D,0
5.6168,-69.1956,326.9,1.3,1.1,2023-01-26,1438,Terra,MODIS,77,61.03,300.3,21.9,D,0
4.9529,-65.3472,313.7,1,1,2023-01-26,1438,Terra,MODIS,69,61.03,301.1,8,D,0
5.6296,-70.5317,330.8,1.6,1.2,2023-01-26,1438,Terra,MODIS,83,61.03,293.7,42.4,D,0
5.0563,-66.5599,310.9,1,1,2023-01-26,1438,Terra,MODIS,45,61.03,299.4,4.7,D,0
4.1337,-60.9201,315.9,1.9,1.3,2023-01-26,1438,Terra,MODIS,49,61.03,300,14.6,D,0
4.7806,-65.4303,318.3,1,1,2023-01-26,1438,Terra,MODIS,66,61.03,302.2,7.1,D,0
5.4929,-70.6145,317.5,1.6,1.2,2023-01-26,1438,Terra,MODIS,49,61.03,298.3,13.6,D,0
5.491,-70.6003,318.8,1.6,1.2,2023-01-26,1438,Terra,MODIS,51,61.03,299.5,15.8,D,0
5.5012,-70.6049,319,1.6,1.2,2023-01-26,1438,Terra,MODIS,54,61.03,299.1,16.1,D,0
5.4902,-70.6064,320.6,1.6,1.2,2023-01-26,1438,Terra,MODIS,69,61.03,299.1,20,D,0
5.3475,-70.8989,327.4,1.7,1.3,2023-01-26,1438,Terra,MODIS,80,61.03,299.1,36.7,D,0
5.3485,-70.9047,321.5,1.7,1.3,2023-01-26,1438,Terra,MODIS,73,61.03,298.8,24.2,D,0
5.3464,-70.8898,318.1,1.7,1.3,2023-01-26,1438,Terra,MODIS,67,61.03,299,16.9,D,0
5.3372,-70.9062,339,1.7,1.3,2023-01-26,1438,Terra,MODIS,89,61.03,299.1,71.7,D,0
4.937,-68.2266,321.1,1.1,1.1,2023-01-26,1438,Terra,MODIS,69,61.03,302,9.5,D,0
3.8713,-61.0104,324.9,1.9,1.3,2023-01-26,1438,Terra,MODIS,81,61.03,300.3,36.6,D,0
3.668,-59.8468,336.8,2.3,1.5,2023-01-26,1438,Terra,MODIS,89,61.03,296.1,110.2,D,0
3.655,-59.8487,334.8,2.3,1.5,2023-01-26,1438,Terra,MODIS,88,61.03,296.6,99.1,D,0
3.6575,-59.8549,344.4,2.3,1.5,2023-01-26,1438,Terra,MODIS,93,61.03,295.5,151,D,0
3.6545,-59.8345,318.7,2.3,1.5,2023-01-26,1438,Terra,MODIS,60,61.03,296.5,31.8,D,0
4.7929,-67.7993,313,1.1,1,2023-01-26,1438,Terra,MODIS,43,61.03,300.1,6.8,D,0
4.878,-68.897,325.7,1.2,1.1,2023-01-26,1438,Terra,MODIS,77,61.03,302,20.2,D,0
4.8556,-68.8784,333.6,1.2,1.1,2023-01-26,1438,Terra,MODIS,85,61.03,300.7,33.8,D,0
4.8459,-68.8798,349.6,1.2,1.1,2023-01-26,1438,Terra,MODIS,95,61.03,301,70.8,D,0
4.7451,-68.7492,322.5,1.2,1.1,2023-01-26,1438,Terra,MODIS,73,61.03,301.5,15.5,D,0
3.5358,-60.6973,315.5,2,1.4,2023-01-26,1438,Terra,MODIS,71,61.03,299.6,14.6,D,0
4.7234,-69.2428,315.1,1.3,1.1,2023-01-26,1438,Terra,MODIS,48,61.03,300.1,6.2,D,0
4.9472,-70.9085,315.6,1.7,1.3,2023-01-26,1438,Terra,MODIS,61,61.03,300,12.4,D,0
4.8028,-69.8765,322.3,1.4,1.2,2023-01-26,1438,Terra,MODIS,72,61.03,300.8,17.3,D,0
4.8011,-69.8641,318.4,1.4,1.2,2023-01-26,1438,Terra,MODIS,64,61.03,299.8,11.4,D,0
4.7925,-69.8779,318.8,1.4,1.2,2023-01-26,1438,Terra,MODIS,38,61.03,300.1,11.1,D,0
4.8312,-71.0669,327,1.7,1.3,2023-01-26,1438,Terra,MODIS,74,61.03,301,33.3,D,0
4.8198,-71.0684,333,1.7,1.3,2023-01-26,1438,Terra,MODIS,85,61.03,301.8,49.6,D,0
4.8213,-71.0743,336.4,1.7,1.3,2023-01-26,1438,Terra,MODIS,87,61.03,302,61.4,D,0
4.8192,-71.0593,323.8,1.7,1.3,2023-01-26,1438,Terra,MODIS,76,61.03,301.3,26.2,D,0
4.4699,-69.3309,316.5,1.3,1.1,2023-01-26,1438,Terra,MODIS,55,61.03,301.2,10.2,D,0
4.6733,-71.2561,326.5,1.8,1.3,2023-01-26,1438,Terra,MODIS,50,61.03,300.3,30.7,D,0
4.3728,-69.1413,321.1,1.2,1.1,2023-01-26,1438,Terra,MODIS,70,61.03,299.8,15.1,D,0
4.676,-71.2618,321.4,1.8,1.3,2023-01-26,1438,Terra,MODIS,26,61.03,300.2,19.8,D,0
4.3714,-69.1477,321.1,1.2,1.1,2023-01-26,1438,Terra,MODIS,60,61.03,299.5,15,D,0
4.6645,-71.2633,325.2,1.8,1.3,2023-01-26,1438,Terra,MODIS,67,61.03,302.5,29.7,D,0
4.3338,-70.8668,316.4,1.6,1.3,2023-01-26,1438,Terra,MODIS,61,61.03,300.6,10.9,D,0
4.3335,-70.8736,319.5,1.6,1.3,2023-01-26,1438,Terra,MODIS,70,61.03,300.7,17.3,D,0
4.3024,-70.7345,317.8,1.6,1.2,2023-01-26,1438,Terra,MODIS,67,61.03,301.8,12.8,D,0
4.2143,-70.1919,317.7,1.4,1.2,2023-01-26,1438,Terra,MODIS,66,61.03,300.1,12.6,D,0
4.073,-70.5693,316.4,1.5,1.2,2023-01-26,1438,Terra,MODIS,65,61.03,300.3,10.5,D,0
4.0711,-70.5559,319.6,1.5,1.2,2023-01-26,1438,Terra,MODIS,71,61.03,300.5,15.7,D,0
4.1457,-71.7451,316.4,1.9,1.3,2023-01-26,1438,Terra,MODIS,65,61.03,301,13.2,D,0
3.5726,-72.7081,323.7,2.2,1.4,2023-01-26,1439,Terra,MODIS,78,61.03,301.6,38.1,D,0
1.9308,-60.4109,306.9,2.3,1.5,2023-01-26,1439,Terra,MODIS,59,61.03,288.6,14.5,D,0
2.7368,-64.096,313.3,1.2,1.1,2023-01-26,1439,Terra,MODIS,69,61.03,296.5,10.3,D,0
3.6656,-72.0713,321,2,1.4,2023-01-26,1439,Terra,MODIS,69,61.03,300.8,25.1,D,0
3.7013,-71.511,321.6,1.8,1.3,2023-01-26,1439,Terra,MODIS,51,61.03,300.3,24.9,D,0
3.7036,-71.5265,342.9,1.8,1.3,2023-01-26,1439,Terra,MODIS,92,61.03,300.4,91.4,D,0
3.7117,-71.5186,348.7,1.8,1.3,2023-01-26,1439,Terra,MODIS,95,61.03,301,118.5,D,0
3.7138,-71.5342,324.2,1.8,1.3,2023-01-26,1439,Terra,MODIS,78,61.03,299.3,30.7,D,0
3.8881,-72.171,319.2,2,1.4,2023-01-26,1439,Terra,MODIS,72,61.03,301.7,21.3,D,0
2.7272,-64.0973,310.7,1.2,1.1,2023-01-26,1439,Terra,MODIS,65,61.03,296.9,7.6,D,0
3.4706,-72.3433,318.9,2,1.4,2023-01-26,1439,Terra,MODIS,72,61.03,299.5,26,D,0
3.5698,-72.6889,318.7,2.2,1.4,2023-01-26,1439,Terra,MODIS,72,61.03,301.2,21.8,D,0
3.5726,-72.702,330.3,2.2,1.4,2023-01-26,1439,Terra,MODIS,84,61.03,301.9,58.8,D,0
-14.7997,-71.5174,333,1,1,2023-01-26,1444,Terra,MODIS,86,61.03,298.2,27.9,D,0
-20.3828,-56.6586,326.4,1,1,2023-01-26,1748,Aqua,MODIS,44,61.03,307.7,13,D,0
-20.9629,-62.7676,323.8,1.6,1.2,2023-01-26,1748,Aqua,MODIS,58,61.03,300.2,18.5,D,0
-19.7371,-57.8965,321.4,1,1,2023-01-26,1748,Aqua,MODIS,70,61.03,296.6,8.5,D,0
-20.5786,-56.6885,327.2,1,1,2023-01-26,1748,Aqua,MODIS,49,61.03,308,15.4,D,0
-14.0774,-65.4511,302.3,2,1.4,2023-01-26,1750,Aqua,MODIS,40,61.03,276,8.3,D,0
-12.2912,-66.7223,314.1,2.3,1.5,2023-01-26,1751,Aqua,MODIS,65,61.03,292.8,22.5,D,0
-12.2948,-66.7288,312.6,2.3,1.5,2023-01-26,1751,Aqua,MODIS,51,61.03,292.8,18.4,D,0
-9.5741,-65.2226,315.5,1.6,1.3,2023-01-26,1751,Aqua,MODIS,69,61.03,296.1,17.4,D,0
-11.9651,-62.8326,324.5,1.2,1.1,2023-01-26,1751,Aqua,MODIS,61,61.03,294.4,17.9,D,0
-9.5664,-65.9651,313.6,1.9,1.3,2023-01-26,1751,Aqua,MODIS,43,61.03,292.4,19,D,0
-9.0201,-66.0741,313.6,1.9,1.3,2023-01-26,1752,Aqua,MODIS,46,61.03,295.1,16.2,D,0
-8.9964,-66.0314,314.5,1.8,1.3,2023-01-26,1752,Aqua,MODIS,54,61.03,294.6,18.1,D,0
-9.0746,-65.8756,312.3,1.8,1.3,2023-01-26,1752,Aqua,MODIS,34,61.03,292.9,14.1,D,0
0.5055,-67.4041,317.4,1.7,1.3,2023-01-26,1754,Aqua,MODIS,54,61.03,295.5,20.3,D,0
-1.0343,-62.9288,312.1,1,1,2023-01-26,1754,Aqua,MODIS,60,61.03,295.4,5.1,D,0
-0.0036,-60.5786,323.1,1.1,1.1,2023-01-26,1754,Aqua,MODIS,77,61.03,298.4,16.3,D,0
0.0029,-60.5996,313.4,1.1,1,2023-01-26,1754,Aqua,MODIS,36,61.03,296.4,5.4,D,0
0.2176,-60.6888,317.8,1.1,1,2023-01-26,1754,Aqua,MODIS,71,61.03,298.5,9.4,D,0
0.378,-60.6182,324.1,1.1,1.1,2023-01-26,1754,Aqua,MODIS,79,61.03,296.1,17.3,D,0
0.4225,-60.6101,335,1.1,1.1,2023-01-26,1754,Aqua,MODIS,87,61.03,298.6,31.6,D,0
0.7108,-59.8816,384.6,1.2,1.1,2023-01-26,1754,Aqua,MODIS,100,61.03,288.1,229.5,D,0
1.1436,-60.0747,323.9,1.2,1.1,2023-01-26,1754,Aqua,MODIS,80,61.03,289.5,22.6,D,0
0.5037,-67.4091,312.2,1.7,1.3,2023-01-26,1754,Aqua,MODIS,27,61.03,296.2,9.5,D,0
2.1893,-61.7754,331.5,1,1,2023-01-26,1754,Aqua,MODIS,80,61.03,298.5,25.6,D,0
2.5212,-59.5101,319.5,1.4,1.2,2023-01-26,1754,Aqua,MODIS,69,61.03,293.9,12.3,D,0
2.5059,-59.6185,318,1.3,1.1,2023-01-26,1754,Aqua,MODIS,0,61.03,286.1,14.9,D,0
2.4042,-60.7016,315.7,1.2,1.1,2023-01-26,1754,Aqua,MODIS,47,61.03,296.6,9.6,D,0
2.6184,-59.7607,317.9,1.3,1.1,2023-01-26,1754,Aqua,MODIS,45,61.03,290.4,12.6,D,0
2.6201,-61.729,315.7,1.1,1,2023-01-26,1755,Aqua,MODIS,10,61.03,296.1,8.1,D,0
2.9027,-60.7093,329.6,1.2,1.1,2023-01-26,1755,Aqua,MODIS,81,61.03,299.6,22.7,D,2
3.0483,-60.2542,320.1,1.2,1.1,2023-01-26,1755,Aqua,MODIS,52,61.03,294.8,11.2,D,0
3.0467,-60.2653,320,1.2,1.1,2023-01-26,1755,Aqua,MODIS,50,61.03,295.1,11.7,D,0
3.1469,-59.8489,322.5,1.3,1.1,2023-01-26,1755,Aqua,MODIS,50,61.03,300.8,12.8,D,0
2.7286,-64.0994,331.2,1,1,2023-01-26,1755,Aqua,MODIS,85,61.03,294.5,27.3,D,0
3.4202,-59.7241,324.5,1.4,1.2,2023-01-26,1755,Aqua,MODIS,69,61.03,305,13.8,D,0
3.4371,-60.3904,322.6,1.2,1.1,2023-01-26,1755,Aqua,MODIS,71,61.03,304.6,8.8,D,0
3.4355,-60.4014,325.6,1.2,1.1,2023-01-26,1755,Aqua,MODIS,74,61.03,305.7,13.3,D,0
3.4344,-60.4793,333.3,1.2,1.1,2023-01-26,1755,Aqua,MODIS,84,61.03,302.7,28.1,D,0
3.4329,-60.4901,351.5,1.2,1.1,2023-01-26,1755,Aqua,MODIS,95,61.03,302.3,73.6,D,0
3.006,-65.2364,316.8,1.1,1.1,2023-01-26,1755,Aqua,MODIS,66,61.03,300,10.4,D,0
2.6436,-59.7232,318,1.3,1.1,2023-01-26,1755,Aqua,MODIS,55,61.03,296,7.5,D,0
3.0045,-65.2462,313.4,1.1,1.1,2023-01-26,1755,Aqua,MODIS,60,61.03,299.7,7.1,D,0
3.7476,-60.2257,323.3,1.3,1.1,2023-01-26,1755,Aqua,MODIS,67,61.03,305,11.7,D,0
3.7459,-60.2371,330.9,1.3,1.1,2023-01-26,1755,Aqua,MODIS,81,61.03,304.2,24.9,D,0
4.0108,-60.1643,327.4,1.3,1.1,2023-01-26,1755,Aqua,MODIS,78,61.03,305.3,20.1,D,0
4.064,-60.2258,323.8,1.3,1.1,2023-01-26,1755,Aqua,MODIS,65,61.03,307.6,14,D,0
4.0624,-60.2372,331.8,1.3,1.1,2023-01-26,1755,Aqua,MODIS,83,61.03,306.9,27.7,D,0
4.056,-60.7927,320.3,1.2,1.1,2023-01-26,1755,Aqua,MODIS,49,61.03,301.8,6.8,D,0
4.1899,-59.9763,321.9,1.3,1.1,2023-01-26,1755,Aqua,MODIS,54,61.03,299.6,15.3,D,0
4.1611,-61.258,320.5,1.1,1.1,2023-01-26,1755,Aqua,MODIS,66,61.03,300.6,9,D,0
3.7676,-63.9872,311.7,1,1,2023-01-26,1755,Aqua,MODIS,44,61.03,298.4,6.6,D,0
3.6613,-65.2238,334.7,1.1,1,2023-01-26,1755,Aqua,MODIS,87,61.03,300.2,33.7,D,0
3.6599,-65.2335,314.5,1.1,1,2023-01-26,1755,Aqua,MODIS,67,61.03,298.6,7.9,D,0
3.7009,-65.1961,343.2,1.1,1,2023-01-26,1755,Aqua,MODIS,92,61.03,297,48.7,D,0
3.7102,-65.1975,316.1,1.1,1,2023-01-26,1755,Aqua,MODIS,49,61.03,296.2,9.2,D,0
4.5096,-59.8166,321,1.4,1.2,2023-01-26,1755,Aqua,MODIS,41,61.03,303.8,17.2,D,0
4.5079,-59.829,320.4,1.4,1.2,2023-01-26,1755,Aqua,MODIS,33,61.03,303.4,15.7,D,0
3.7584,-65.7536,310.9,1.2,1.1,2023-01-26,1755,Aqua,MODIS,57,61.03,298.7,5.1,D,0
3.4641,-67.8938,312,1.6,1.3,2023-01-26,1755,Aqua,MODIS,52,61.03,291.2,13.1,D,0
3.9973,-64.499,351.3,1,1,2023-01-26,1755,Aqua,MODIS,96,61.03,298.3,63.1,D,0
3.996,-64.5081,320.1,1,1,2023-01-26,1755,Aqua,MODIS,58,61.03,294.9,13.6,D,0
4.1295,-64.347,321.9,1,1,2023-01-26,1755,Aqua,MODIS,68,61.03,297.9,15.6,D,0
4.1282,-64.356,363.9,1,1,2023-01-26,1755,Aqua,MODIS,100,61.03,296.8,96.1,D,0
3.9109,-67.1395,321.3,1.4,1.2,2023-01-26,1755,Aqua,MODIS,63,61.03,303.8,15.8,D,0
3.9091,-67.152,319.2,1.4,1.2,2023-01-26,1755,Aqua,MODIS,53,61.03,305.9,13.4,D,0
4.0828,-67.6887,313.6,1.5,1.2,2023-01-26,1755,Aqua,MODIS,29,61.03,297.3,13.8,D,2
5.0609,-61.1255,323.4,1.2,1.1,2023-01-26,1755,Aqua,MODIS,71,61.03,306.3,11.7,D,0
5.1732,-61.1156,324.5,1.2,1.1,2023-01-26,1755,Aqua,MODIS,79,61.03,305.7,13.9,D,0
3.6971,-71.5374,313.3,3.1,1.7,2023-01-26,1755,Aqua,MODIS,40,61.03,293.3,29.7,D,0
4.7849,-65.4703,343.7,1.1,1,2023-01-26,1755,Aqua,MODIS,92,61.03,307.1,45.3,D,0
4.7835,-65.48,368.7,1.1,1,2023-01-26,1755,Aqua,MODIS,100,61.03,312.3,119.1,D,0
4.7821,-65.4896,327,1.1,1,2023-01-26,1755,Aqua,MODIS,82,61.03,304.9,20.6,D,0
4.7943,-65.4716,327,1.1,1,2023-01-26,1755,Aqua,MODIS,77,61.03,303.7,17.9,D,0
4.7928,-65.4814,405.6,1.1,1,2023-01-26,1755,Aqua,MODIS,100,61.03,310.2,323.2,D,0
4.7914,-65.4911,354.3,1.1,1,2023-01-26,1755,Aqua,MODIS,97,61.03,305,75.5,D,0
4.8265,-65.3173,326.2,1.1,1,2023-01-26,1755,Aqua,MODIS,53,61.03,306.6,17.8,D,0
3.6915,-72.9462,316.9,4,1.9,2023-01-26,1755,Aqua,MODIS,68,61.03,295.8,53,D,0
3.6966,-72.9512,319.1,4,1.9,2023-01-26,1755,Aqua,MODIS,72,61.03,296,67.9,D,0
5.4646,-61.5192,322.8,1.1,1.1,2023-01-26,1755,Aqua,MODIS,78,61.03,297.1,18.5,D,0
4.3215,-69.2829,313.3,2,1.4,2023-01-26,1755,Aqua,MODIS,45,61.03,292.8,17.9,D,0
5.4741,-61.5204,332.1,1.1,1.1,2023-01-26,1755,Aqua,MODIS,86,61.03,294.8,30.9,D,0
4.951,-65.3513,314.8,1.1,1,2023-01-26,1755,Aqua,MODIS,68,61.03,303.1,8.5,D,0
4.6008,-68.738,316.3,1.8,1.3,2023-01-26,1755,Aqua,MODIS,32,61.03,299.7,17.4,D,0
4.2892,-70.9509,317.9,2.7,1.6,2023-01-26,1755,Aqua,MODIS,67,61.03,295.8,39.4,D,0
4.2837,-70.9323,321.3,2.7,1.6,2023-01-26,1755,Aqua,MODIS,74,61.03,293.7,52.7,D,0
5.0899,-65.8975,309.7,1.1,1.1,2023-01-26,1755,Aqua,MODIS,49,61.03,296.3,5.3,D,0
5.0884,-65.9077,316.9,1.1,1.1,2023-01-26,1755,Aqua,MODIS,62,61.03,297.3,12.2,D,0
5.3437,-64.2369,343.2,1,1,2023-01-26,1755,Aqua,MODIS,80,61.03,300.2,44.5,D,0
5.0485,-66.3072,319,1.2,1.1,2023-01-26,1755,Aqua,MODIS,63,61.03,307,13.7,D,0
4.5453,-69.7899,320.3,2.2,1.4,2023-01-26,1755,Aqua,MODIS,17,61.03,298.7,32.8,D,0
4.5423,-69.8091,338.4,2.2,1.4,2023-01-26,1755,Aqua,MODIS,89,61.03,297.5,105.2,D,0
4.5551,-69.8111,324.5,2.2,1.4,2023-01-26,1755,Aqua,MODIS,68,61.03,298.6,49.2,D,0
5.0508,-66.563,318.4,1.2,1.1,2023-01-26,1755,Aqua,MODIS,72,61.03,300.5,13.7,D,0
5.0493,-66.5734,321.6,1.2,1.1,2023-01-26,1755,Aqua,MODIS,76,61.03,302.1,18.3,D,0
5.0506,-66.5682,327.6,1.2,1.1,2023-01-26,1755,Aqua,MODIS,82,61.03,301.6,25.8,D,0
4.5445,-69.7948,327.5,2.2,1.4,2023-01-26,1755,Aqua,MODIS,47,61.03,298.5,54.6,D,0
4.5414,-69.814,323.2,2.2,1.4,2023-01-26,1755,Aqua,MODIS,25,61.03,296.8,40.3,D,0
5.2309,-66.0566,314.2,1.2,1.1,2023-01-26,1755,Aqua,MODIS,46,61.03,296.2,8,D,0
4.86,-68.9287,316.1,1.8,1.3,2023-01-26,1755,Aqua,MODIS,50,61.03,290,19.9,D,0
5.3734,-66.2421,317.8,1.2,1.1,2023-01-26,1755,Aqua,MODIS,62,61.03,295.3,10.6,D,0
5.3719,-66.2529,323.4,1.2,1.1,2023-01-26,1755,Aqua,MODIS,79,61.03,298.7,17.9,D,0
5.3762,-66.2497,324.8,1.2,1.1,2023-01-26,1755,Aqua,MODIS,80,61.03,299,22,D,0
5.5269,-65.8587,329.9,1.1,1.1,2023-01-26,1756,Aqua,MODIS,84,61.03,302.2,23.9,D,0
5.5254,-65.8688,328.5,1.1,1.1,2023-01-26,1756,Aqua,MODIS,83,61.03,302.9,21.4,D,0
5.5364,-65.8601,321.2,1.1,1.1,2023-01-26,1756,Aqua,MODIS,77,61.03,303.1,13.2,D,0
5.5706,-65.8243,325,1.1,1.1,2023-01-26,1756,Aqua,MODIS,81,61.03,302,19.3,D,0
5.5826,-65.9392,355.4,1.1,1.1,2023-01-26,1756,Aqua,MODIS,98,61.03,303.7,77.7,D,0
5.4348,-67.9441,331.6,1.5,1.2,2023-01-26,1756,Aqua,MODIS,84,61.03,305.7,35.5,D,0
5.4328,-67.9576,329.3,1.5,1.2,2023-01-26,1756,Aqua,MODIS,82,61.03,305.2,31.3,D,0
5.4457,-67.9457,325.9,1.5,1.2,2023-01-26,1756,Aqua,MODIS,79,61.03,305.6,21.6,D,0
5.6227,-70.5324,316.5,2.4,1.5,2023-01-26,1756,Aqua,MODIS,49,61.03,295.4,25,D,0
5.6359,-70.5346,317.8,2.4,1.5,2023-01-26,1756,Aqua,MODIS,59,61.03,296.8,28.1,D,0
-8.4443,-78.672,331.9,2.3,1.5,2023-01-26,1930,Aqua,MODIS,68,61.03,300.8,45.5,D,0
-18.4072,-62.4085,320.9,2,1.4,2023-01-27,0255,Terra,MODIS,90,61.03,269.9,0,N,0
-18.4193,-62.4061,328.1,2,1.4,2023-01-27,0255,Terra,MODIS,98,61.03,270.9,0,N,0
-13.2943,-66.9514,321,1.2,1.1,2023-01-27,0256,Terra,MODIS,100,61.03,292.1,21.3,N,0
-14.1373,-66.6298,300.9,1.2,1.1,2023-01-27,0256,Terra,MODIS,13,61.03,280.9,5.7,N,0
-13.2863,-66.9637,307.9,1.2,1.1,2023-01-27,0256,Terra,MODIS,73,61.03,291.9,7.8,N,0
-13.2959,-66.9621,307.7,1.2,1.1,2023-01-27,0256,Terra,MODIS,72,61.03,292,7.3,N,0
-2.0076,-78.3357,336.3,2.3,1.5,2023-01-27,0300,Terra,MODIS,100,61.03,277.6,138.8,N,1
0.6561,-75.8405,304.2,1.3,1.1,2023-01-27,0300,Terra,MODIS,59,61.03,293.1,7.6,N,0
-2.011,-78.3617,330,2.3,1.5,2023-01-27,0300,Terra,MODIS,100,61.03,275.6,110.9,N,1
-2.0083,-78.3422,345.2,2.3,1.5,2023-01-27,0300,Terra,MODIS,100,61.03,279.6,188.7,N,1
-2.0124,-78.3711,310,2.3,1.5,2023-01-27,0300,Terra,MODIS,79,61.03,273.5,47.3,N,1
5.6218,-65.874,305,2.8,1.6,2023-01-27,0301,Terra,MODIS,62,61.03,293.1,22.6,N,0
3.5187,-72.0812,304.9,1,1,2023-01-27,0301,Terra,MODIS,62,61.03,292.7,6.2,N,0
3.3006,-74.7356,300.3,1.1,1,2023-01-27,0301,Terra,MODIS,23,61.03,288.9,5,N,0
4.9986,-68.2808,310.8,1.8,1.3,2023-01-27,0301,Terra,MODIS,81,61.03,293.9,19.1,N,0
4.9964,-68.2967,307,1.8,1.3,2023-01-27,0301,Terra,MODIS,70,61.03,293.9,12.9,N,0
4.9946,-68.2861,314.2,1.8,1.3,2023-01-27,0301,Terra,MODIS,89,61.03,294,25.5,N,0
4.9738,-69.3879,314.4,1.5,1.2,2023-01-27,0301,Terra,MODIS,89,61.03,292.9,21.3,N,0
5.6186,-65.8984,312.6,2.8,1.6,2023-01-27,0301,Terra,MODIS,85,61.03,294.1,47,N,0
5.2434,-69.4296,304.7,1.5,1.2,2023-01-27,0301,Terra,MODIS,61,61.03,293.2,9.4,N,0
5.9648,-69.5237,310.5,1.5,1.2,2023-01-27,0302,Terra,MODIS,80,61.03,293,16.3,N,0
5.954,-69.5222,320.6,1.5,1.2,2023-01-27,0302,Terra,MODIS,100,61.03,293.9,31.6,N,0
5.3499,-70.8223,306.2,1.2,1.1,2023-01-27,0302,Terra,MODIS,67,61.03,292.9,8.4,N,0
5.8108,-68.1981,307.3,1.9,1.3,2023-01-27,0302,Terra,MODIS,24,61.03,293.4,13.8,N,0
5.937,-68.619,304,1.7,1.3,2023-01-27,0302,Terra,MODIS,58,61.03,292.6,11.2,N,0
5.9457,-68.6266,302.9,1.7,1.3,2023-01-27,0302,Terra,MODIS,23,61.03,292.5,9.1,N,0
5.5895,-71.7518,303.4,1.1,1,2023-01-27,0302,Terra,MODIS,55,61.03,281.6,7.4,N,0
5.8812,-70.2987,303.3,1.3,1.1,2023-01-27,0302,Terra,MODIS,47,61.03,292.3,6.7,N,0
5.8711,-70.2973,303.6,1.3,1.1,2023-01-27,0302,Terra,MODIS,56,61.03,292.7,6.9,N,0
5.9456,-68.6183,302.3,1.1,1.1,2023-01-27,0614,Aqua,MODIS,44,61.03,292.2,5,N,0
4.2663,-70.9601,310.8,1.5,1.2,2023-01-27,0614,Aqua,MODIS,81,61.03,293.4,16.2,N,0
4.7311,-68.7371,304.5,1.1,1,2023-01-27,0614,Aqua,MODIS,60,61.03,292.6,6.1,N,0
4.7404,-68.7357,302.5,1.1,1,2023-01-27,0614,Aqua,MODIS,50,61.03,292.4,4.7,N,0
4.9612,-69.3859,319.8,1.2,1.1,2023-01-27,0614,Aqua,MODIS,99,61.03,293.3,21.8,N,0
4.9708,-69.3845,306.4,1.2,1.1,2023-01-27,0614,Aqua,MODIS,68,61.03,292.3,8.6,N,0
5.9362,-68.6196,303.6,1.1,1.1,2023-01-27,0614,Aqua,MODIS,46,61.03,292.4,5.8,N,0
5.6273,-65.8904,321,1,1,2023-01-27,0614,Aqua,MODIS,100,61.03,295.5,17.1,N,0
5.626,-65.8814,308.4,1,1,2023-01-27,0614,Aqua,MODIS,58,61.03,294.6,6.4,N,0
5.6184,-65.8918,320.8,1,1,2023-01-27,0614,Aqua,MODIS,100,61.03,295.6,17,N,0
5.9441,-68.6084,302.3,1.1,1.1,2023-01-27,0614,Aqua,MODIS,44,61.03,292.1,5.2,N,0
-1.9975,-78.3322,314,4.4,1.9,2023-01-27,0616,Aqua,MODIS,88,61.03,274.4,146.4,N,1
-2.0104,-78.3295,302.8,4.4,1.9,2023-01-27,0616,Aqua,MODIS,51,61.03,272.6,79.3,N,1
-19.1951,-54.9739,307.4,1.1,1,2023-01-27,1347,Terra,MODIS,31,61.03,281.8,5.2,D,0
-20.4796,-53.1399,318.6,1.4,1.2,2023-01-27,1347,Terra,MODIS,51,61.03,303.3,14.8,D,0
-20.6156,-52.4916,317.6,1.6,1.2,2023-01-27,1347,Terra,MODIS,47,61.03,302.4,16.8,D,0
-20.6268,-52.493,315.1,1.6,1.2,2023-01-27,1347,Terra,MODIS,22,61.03,300,12.2,D,0
-20.6687,-52.1329,314.7,1.7,1.3,2023-01-27,1347,Terra,MODIS,24,61.03,299.9,13.6,D,0
-20.6135,-53.5349,321,1.4,1.2,2023-01-27,1348,Terra,MODIS,37,61.03,306.1,13.9,D,0
-20.2258,-56.8289,321.5,1,1,2023-01-27,1348,Terra,MODIS,55,61.03,302.7,10.4,D,0
-20.5769,-56.6886,320.3,1,1,2023-01-27,1348,Terra,MODIS,58,61.03,303,9.5,D,0
-20.7116,-56.5849,318.2,1,1,2023-01-27,1348,Terra,MODIS,58,61.03,302.2,6.9,D,0
-20.8357,-56.0265,319.4,1,1,2023-01-27,1348,Terra,MODIS,30,61.03,304.3,6.9,D,0
-20.9326,-59.4173,326.2,1.1,1,2023-01-27,1348,Terra,MODIS,52,61.03,304.9,12.2,D,0
5.6732,-71.7378,322.7,1.6,1.3,2023-01-27,1519,Terra,MODIS,77,61.03,303.4,24.9,D,0
5.6248,-65.8921,310.6,4.7,2,2023-01-27,1519,Terra,MODIS,32,61.03,296.5,48.3,D,0
5.9471,-68.6128,312.8,2.8,1.6,2023-01-27,1519,Terra,MODIS,58,61.03,295.3,21.6,D,0
5.7573,-68.1959,324.7,3.1,1.7,2023-01-27,1519,Terra,MODIS,35,61.03,300.7,64.7,D,0
5.772,-68.2004,323.6,3.1,1.7,2023-01-27,1519,Terra,MODIS,59,61.03,301.5,64.9,D,0
5.7573,-68.2028,327.1,3.1,1.7,2023-01-27,1519,Terra,MODIS,64,61.03,300.8,80.6,D,0
5.9487,-70.4164,320.6,2,1.4,2023-01-27,1519,Terra,MODIS,74,61.03,300.5,30.4,D,0
5.9458,-70.3985,319.5,2,1.4,2023-01-27,1519,Terra,MODIS,73,61.03,300.2,27.9,D,0
5.9431,-70.4054,326.7,2,1.4,2023-01-27,1519,Terra,MODIS,80,61.03,300.3,50,D,0
5.8943,-70.9277,318,1.9,1.3,2023-01-27,1519,Terra,MODIS,25,61.03,302,17,D,0
5.8825,-70.9295,322.3,1.9,1.3,2023-01-27,1519,Terra,MODIS,76,61.03,301.3,27.9,D,0
5.88,-70.9131,320.7,1.9,1.3,2023-01-27,1519,Terra,MODIS,74,61.03,301.1,23.4,D,0
5.7151,-70.5259,316.4,2,1.4,2023-01-27,1519,Terra,MODIS,67,61.03,301.1,18.5,D,0
5.7123,-70.5082,329.5,2,1.4,2023-01-27,1519,Terra,MODIS,83,61.03,302.4,57.7,D,0
5.2513,-69.4241,313,2.5,1.5,2023-01-27,1519,Terra,MODIS,55,61.03,294,20.4,D,0
5.2436,-69.432,314.7,2.5,1.5,2023-01-27,1519,Terra,MODIS,61,61.03,295.2,24.2,D,0
4.939,-68.2403,328.4,3.2,1.7,2023-01-27,1519,Terra,MODIS,81,61.03,299.7,92.1,D,0
4.9395,-68.2458,325.3,3.2,1.7,2023-01-27,1519,Terra,MODIS,78,61.03,299.5,76.3,D,0
4.9352,-68.2179,323,3.2,1.7,2023-01-27,1519,Terra,MODIS,70,61.03,299.6,66.1,D,0
5.2469,-70.3108,319.5,2.1,1.4,2023-01-27,1519,Terra,MODIS,71,61.03,303.8,28.1,D,0
4.9246,-68.2481,320.8,3.2,1.7,2023-01-27,1519,Terra,MODIS,73,61.03,299.6,53.5,D,0
4.9202,-68.2202,317.8,3.2,1.7,2023-01-27,1519,Terra,MODIS,50,61.03,298.8,41.8,D,0
4.9713,-69.3956,315.4,2.6,1.5,2023-01-27,1519,Terra,MODIS,63,61.03,297.9,26.2,D,0
4.8682,-68.9311,319,2.8,1.6,2023-01-27,1519,Terra,MODIS,70,61.03,299,40.7,D,0
4.8781,-68.9351,315.4,2.8,1.6,2023-01-27,1519,Terra,MODIS,57,61.03,299.7,28.4,D,0
5.7002,-74.7633,309.2,1.1,1,2023-01-27,1519,Terra,MODIS,58,61.03,295.7,3.6,D,0
4.782,-68.9063,315.9,2.8,1.6,2023-01-27,1519,Terra,MODIS,65,61.03,297.7,33.9,D,0
4.7262,-68.7346,314.1,2.9,1.6,2023-01-27,1519,Terra,MODIS,60,61.03,298.5,24.2,D,0
5.1478,-71.8331,315.9,1.6,1.3,2023-01-27,1519,Terra,MODIS,24,61.03,301.5,11.8,D,0
5.1474,-71.8388,322.9,1.6,1.3,2023-01-27,1519,Terra,MODIS,77,61.03,301.8,28.1,D,0
5.1384,-71.8548,326.2,1.6,1.3,2023-01-27,1519,Terra,MODIS,80,61.03,301.5,35.1,D,0
5.1363,-71.8405,331,1.6,1.3,2023-01-27,1519,Terra,MODIS,84,61.03,301,46.9,D,0
4.959,-70.9094,326.9,1.9,1.4,2023-01-27,1519,Terra,MODIS,80,61.03,301.8,45.7,D,0
4.7829,-69.8616,314.3,2.4,1.5,2023-01-27,1519,Terra,MODIS,60,61.03,296.5,20.3,D,0
4.969,-71.6474,326.1,1.7,1.3,2023-01-27,1519,Terra,MODIS,80,61.03,302,34,D,0
4.8341,-70.9349,318,1.9,1.4,2023-01-27,1519,Terra,MODIS,69,61.03,302.8,20.7,D,0
5.0002,-72.5911,339.8,1.4,1.2,2023-01-27,1519,Terra,MODIS,90,61.03,304.4,60.2,D,0
4.9982,-72.5784,320.8,1.4,1.2,2023-01-27,1519,Terra,MODIS,74,61.03,302.5,18.1,D,0
4.9952,-72.5983,320.3,1.4,1.2,2023-01-27,1519,Terra,MODIS,69,61.03,303.5,16.7,D,0
4.9933,-72.5856,332.4,1.4,1.2,2023-01-27,1519,Terra,MODIS,86,61.03,304.2,41.2,D,0
4.8546,-72.1738,314.6,1.6,1.2,2023-01-27,1519,Terra,MODIS,64,61.03,301.6,10.2,D,0
4.7892,-74.2922,309.2,1.1,1.1,2023-01-27,1519,Terra,MODIS,53,61.03,295.4,5.8,D,0
4.7392,-74.2539,317.1,1.2,1.1,2023-01-27,1519,Terra,MODIS,66,61.03,299.2,11.4,D,2
4.3364,-71.9502,316.2,1.6,1.3,2023-01-27,1519,Terra,MODIS,30,61.03,301.7,10.6,D,0
4.8805,-75.8941,315,1,1,2023-01-27,1519,Terra,MODIS,67,61.03,300.6,7.2,D,0
4.8792,-75.8852,313.3,1,1,2023-01-27,1519,Terra,MODIS,58,61.03,300.9,5.9,D,0
4.0533,-71.0017,320.3,2,1.4,2023-01-27,1519,Terra,MODIS,72,61.03,301.6,26.9,D,0
4.0507,-70.9844,318.5,2,1.4,2023-01-27,1519,Terra,MODIS,70,61.03,301.2,22.2,D,0
3.7876,-71.1484,315.3,1.9,1.4,2023-01-27,1519,Terra,MODIS,64,61.03,298.5,14.5,D,0
3.8032,-71.4841,316.2,1.8,1.3,2023-01-27,1519,Terra,MODIS,65,61.03,301.1,15.4,D,0
3.8679,-72.2027,323.3,1.6,1.2,2023-01-27,1519,Terra,MODIS,73,61.03,303.4,23,D,0
3.859,-72.2183,317.8,1.6,1.2,2023-01-27,1519,Terra,MODIS,51,61.03,302.1,13.6,D,0
3.8569,-72.2042,321.4,1.6,1.2,2023-01-27,1519,Terra,MODIS,70,61.03,302.8,19.5,D,0
3.9156,-72.7333,321.9,1.5,1.2,2023-01-27,1519,Terra,MODIS,65,61.03,305.9,14.8,D,0
3.6352,-71.3551,319.2,1.9,1.3,2023-01-27,1520,Terra,MODIS,71,61.03,300.8,24,D,0
3.6574,-71.6372,316.5,1.8,1.3,2023-01-27,1520,Terra,MODIS,53,61.03,301.6,15.9,D,0
3.6614,-72.0548,320.1,1.7,1.3,2023-01-27,1520,Terra,MODIS,33,61.03,303.8,17.4,D,0
3.6502,-72.0565,324.4,1.7,1.3,2023-01-27,1520,Terra,MODIS,73,61.03,303.9,25.6,D,0
3.6818,-72.9425,316.4,1.4,1.2,2023-01-27,1520,Terra,MODIS,68,61.03,303.7,9.7,D,0
3.668,-73.0397,321.8,1.4,1.2,2023-01-27,1520,Terra,MODIS,76,61.03,304.1,18,D,0
3.5145,-72.0737,315.3,1.7,1.3,2023-01-27,1520,Terra,MODIS,64,61.03,302.5,11.4,D,0
3.4196,-72.8954,320.7,1.5,1.2,2023-01-27,1520,Terra,MODIS,75,61.03,304.4,16.9,D,0
3.4706,-73.8517,320.9,1.3,1.1,2023-01-27,1520,Terra,MODIS,75,61.03,301.1,15.1,D,0
3.1313,-71.826,318.2,1.8,1.3,2023-01-27,1520,Terra,MODIS,67,61.03,299.7,22.3,D,0
3.1289,-71.8104,330.7,1.8,1.3,2023-01-27,1520,Terra,MODIS,84,61.03,299.2,54,D,0
3.1319,-71.8159,327.9,1.8,1.3,2023-01-27,1520,Terra,MODIS,81,61.03,299.4,44,D,0
3.1204,-71.8175,319.5,1.8,1.3,2023-01-27,1520,Terra,MODIS,72,61.03,299.5,23.6,D,0
3.3261,-73.3625,317.5,1.4,1.2,2023-01-27,1520,Terra,MODIS,70,61.03,301.6,12.5,D,0
3.3243,-73.3506,326.7,1.4,1.2,2023-01-27,1520,Terra,MODIS,81,61.03,303.2,27,D,0
2.8869,-71.8797,312.8,1.8,1.3,2023-01-27,1520,Terra,MODIS,60,61.03,298.4,13.5,D,0
3.0585,-73.8331,323.6,1.3,1.1,2023-01-27,1520,Terra,MODIS,78,61.03,301.2,20.4,D,0
3.0567,-73.8277,317.1,1.3,1.1,2023-01-27,1520,Terra,MODIS,50,61.03,300.9,10.8,D,0
2.8131,-73.4314,314.7,1.4,1.2,2023-01-27,1520,Terra,MODIS,66,61.03,299.2,11,D,0
2.8157,-73.4369,314.1,1.4,1.2,2023-01-27,1520,Terra,MODIS,66,61.03,299.1,10.8,D,0
2.6563,-74.8359,307.7,1.1,1.1,2023-01-27,1520,Terra,MODIS,44,61.03,296,5.4,D,0
2.6498,-74.833,308.4,1.1,1.1,2023-01-27,1520,Terra,MODIS,58,61.03,295.5,8.2,D,0
2.1609,-73.7912,312.5,1.3,1.1,2023-01-27,1520,Terra,MODIS,54,61.03,300.8,6.8,D,0
2.1592,-73.7796,327.4,1.3,1.1,2023-01-27,1520,Terra,MODIS,82,61.03,300.5,28.6,D,0
1.8962,-73.8712,311.5,1.3,1.1,2023-01-27,1520,Terra,MODIS,59,61.03,300.2,7.4,D,0
1.5665,-71.872,308.8,1.9,1.3,2023-01-27,1520,Terra,MODIS,52,61.03,296.5,10.1,D,0
1.2414,-74.2909,316.3,1.3,1.1,2023-01-27,1520,Terra,MODIS,67,61.03,301.2,10.8,D,0
1.2525,-74.4351,311.2,1.2,1.1,2023-01-27,1520,Terra,MODIS,50,61.03,298.9,5.2,D,0
1.2117,-74.2951,320.2,1.3,1.1,2023-01-27,1520,Terra,MODIS,73,61.03,299.8,15.5,D,0
0.9384,-74.6035,313.6,1.2,1.1,2023-01-27,1520,Terra,MODIS,61,61.03,301.6,7.1,D,0
0.6581,-75.8477,317.5,1.1,1,2023-01-27,1520,Terra,MODIS,71,61.03,300.2,11.4,D,0
0.6567,-75.8383,321.5,1.1,1,2023-01-27,1520,Terra,MODIS,76,61.03,300.6,15.8,D,0
-0.1856,-76.6393,315.4,1,1,2023-01-27,1521,Terra,MODIS,35,61.03,301,6.7,D,2
-4.8654,-80.9363,323.8,1.2,1.1,2023-01-27,1522,Terra,MODIS,41,61.03,299.9,8.6,D,0
-4.8715,-80.8955,338.3,1.2,1.1,2023-01-27,1522,Terra,MODIS,65,61.03,300.2,32.8,D,0
-4.8731,-80.8853,324.1,1.2,1.1,2023-01-27,1522,Terra,MODIS,58,61.03,299.3,9.3,D,0
-5.4411,-78.5436,317.9,1,1,2023-01-27,1522,Terra,MODIS,68,61.03,296,9.4,D,0
-5.6366,-78.5294,318.6,1,1,2023-01-27,1522,Terra,MODIS,71,61.03,300.6,7.4,D,2
-6.0445,-76.1333,310.6,1.2,1.1,2023-01-27,1522,Terra,MODIS,50,61.03,295,5.9,D,0
-5.7406,-79.9589,334,1,1,2023-01-27,1522,Terra,MODIS,81,61.03,303.9,16.4,D,0
-6.5921,-76.7506,317.3,1.1,1.1,2023-01-27,1522,Terra,MODIS,62,61.03,295.7,9.8,D,0
-6.8276,-76.7955,316.9,1.1,1.1,2023-01-27,1523,Terra,MODIS,73,61.03,295.5,10.3,D,0
-6.8337,-76.7919,316.3,1.1,1.1,2023-01-27,1523,Terra,MODIS,67,61.03,295.8,10.8,D,0
-6.4672,-79.6612,323.3,1,1,2023-01-27,1523,Terra,MODIS,53,61.03,300.4,7.1,D,0
-6.7041,-79.8066,332.7,1,1,2023-01-27,1523,Terra,MODIS,82,61.03,300.1,20.4,D,0
-6.713,-79.8079,337.3,1,1,2023-01-27,1523,Terra,MODIS,86,61.03,300.5,27.8,D,0
-7.1941,-76.6726,312.9,1.2,1.1,2023-01-27,1523,Terra,MODIS,54,61.03,294.3,5.9,D,0
-8.3941,-74.8166,314.8,1.6,1.2,2023-01-27,1523,Terra,MODIS,68,61.03,295.5,11.8,D,0
-8.9413,-78.5627,326.6,1,1,2023-01-27,1523,Terra,MODIS,73,61.03,299.2,15.1,D,0
-20.9826,-51.6842,315.1,2.6,1.6,2023-01-27,1652,Aqua,MODIS,0,61.03,298.5,32.9,D,0
-20.5961,-51.4551,317.4,2.5,1.5,2023-01-27,1652,Aqua,MODIS,28,61.03,299.4,27.7,D,0
-20.3368,-51.6425,311.3,2.5,1.5,2023-01-27,1652,Aqua,MODIS,22,61.03,292.1,19.3,D,0
-20.5223,-53.3957,311,3.4,1.7,2023-01-27,1652,Aqua,MODIS,31,61.03,293.7,41.5,D,0
-20.0268,-49.3335,319.9,1.7,1.3,2023-01-27,1652,Aqua,MODIS,59,61.03,301.2,20.6,D,0
-20.3229,-52.914,315.3,3.2,1.7,2023-01-27,1652,Aqua,MODIS,13,61.03,295.3,44.6,D,0
-19.5341,-49.7012,315.6,1.8,1.3,2023-01-27,1653,Aqua,MODIS,68,61.03,295.3,15.5,D,0
-19.765,-52.1598,317.5,2.7,1.6,2023-01-27,1653,Aqua,MODIS,53,61.03,299.4,32.3,D,0
-19.5477,-50.9882,310.3,2.2,1.4,2023-01-27,1653,Aqua,MODIS,33,61.03,293.3,21.3,D,0
-19.3279,-49.2948,311,1.6,1.3,2023-01-27,1653,Aqua,MODIS,39,61.03,292.7,10.3,D,0
-19.4629,-51.0474,319.5,2.2,1.4,2023-01-27,1653,Aqua,MODIS,51,61.03,299.5,36.4,D,0
-18.4603,-50.4515,316.3,1.9,1.4,2023-01-27,1653,Aqua,MODIS,57,61.03,297.2,17.5,D,2
-17.4999,-49.8368,311.6,1.7,1.3,2023-01-27,1653,Aqua,MODIS,21,61.03,293.6,15.5,D,0
-16.8793,-49.2534,313.7,1.5,1.2,2023-01-27,1653,Aqua,MODIS,51,61.03,293.4,13,D,0
-3.1743,-50.2613,319.6,1.2,1.1,2023-01-27,1657,Aqua,MODIS,64,61.03,295.8,15.8,D,0
-0.3909,-51.7168,306,1.3,1.1,2023-01-27,1658,Aqua,MODIS,47,61.03,284.6,6,D,0
-19.8406,-60.4473,318.3,2.9,1.6,2023-01-27,1831,Aqua,MODIS,22,61.03,293.1,31.5,D,0
-19.2568,-62.6812,333.4,2,1.4,2023-01-27,1831,Aqua,MODIS,73,61.03,301,48.6,D,0
-19.1275,-62.416,326.1,2.1,1.4,2023-01-27,1831,Aqua,MODIS,57,61.03,294,44.2,D,0
-19.0774,-63.9108,318.6,1.7,1.3,2023-01-27,1831,Aqua,MODIS,39,61.03,291.3,18.9,D,0
-14.1446,-66.6137,333,1.3,1.1,2023-01-27,1833,Aqua,MODIS,80,61.03,297.3,33.2,D,0
-14.1364,-66.6276,328.6,1.3,1.1,2023-01-27,1833,Aqua,MODIS,80,61.03,297.1,23.5,D,0
-14.1223,-66.6618,333.3,1.3,1.1,2023-01-27,1833,Aqua,MODIS,81,61.03,296.4,32.7,D,0
-12.8366,-64.699,321,1.9,1.4,2023-01-27,1833,Aqua,MODIS,65,61.03,293.4,28.4,D,0
-13.0806,-66.9427,341,1.3,1.1,2023-01-27,1833,Aqua,MODIS,91,61.03,292.4,55.7,D,0
-13.0825,-66.9547,334.1,1.3,1.1,2023-01-27,1833,Aqua,MODIS,86,61.03,294.9,39.1,D,0
-13.0704,-66.9444,328.9,1.3,1.1,2023-01-27,1833,Aqua,MODIS,74,61.03,289.9,26.4,D,0
-13.0723,-66.9564,337.3,1.3,1.1,2023-01-27,1833,Aqua,MODIS,88,61.03,293.8,43.9,D,0
-13.0725,-66.9509,344.6,1.3,1.1,2023-01-27,1833,Aqua,MODIS,92,61.03,292.5,62.8,D,0
-13.0624,-66.9526,323.6,1.3,1.1,2023-01-27,1833,Aqua,MODIS,67,61.03,288.6,18.5,D,0
-13.0642,-66.9646,334,1.3,1.1,2023-01-27,1833,Aqua,MODIS,81,61.03,293.2,38.4,D,0
-8.6271,-74.7035,312.7,1.3,1.1,2023-01-27,1834,Aqua,MODIS,65,61.03,296,7.5,D,0
-8.4952,-74.6322,316.6,1.3,1.1,2023-01-27,1834,Aqua,MODIS,71,61.03,296.5,12.1,D,0
-8.4156,-74.787,316.7,1.3,1.1,2023-01-27,1834,Aqua,MODIS,71,61.03,297.9,10.2,D,0
-8.4005,-74.753,317.4,1.3,1.1,2023-01-27,1834,Aqua,MODIS,72,61.03,298.9,11.5,D,0
-8.2722,-74.7175,313.8,1.3,1.1,2023-01-27,1834,Aqua,MODIS,67,61.03,292.4,8.7,D,0
-8.216,-74.9732,314.1,1.3,1.1,2023-01-27,1834,Aqua,MODIS,56,61.03,296.8,8.9,D,0
-8.2199,-75.2363,322.5,1.4,1.2,2023-01-27,1834,Aqua,MODIS,70,61.03,292.6,22.9,D,0
-8.2216,-75.2488,328.6,1.4,1.2,2023-01-27,1834,Aqua,MODIS,82,61.03,293.6,34.4,D,0
-8.0965,-75.083,311.9,1.4,1.2,2023-01-27,1835,Aqua,MODIS,61,61.03,294.7,7.5,D,0
-8.0982,-75.0953,314.4,1.4,1.2,2023-01-27,1835,Aqua,MODIS,66,61.03,294.7,10.7,D,0
-8.0733,-75.1167,323.1,1.4,1.2,2023-01-27,1835,Aqua,MODIS,79,61.03,295.9,23.5,D,0
-8.0593,-75.1687,314.2,1.4,1.2,2023-01-27,1835,Aqua,MODIS,68,61.03,293,11.5,D,0
-8.061,-75.1811,320.3,1.4,1.2,2023-01-27,1835,Aqua,MODIS,76,61.03,295.2,20.2,D,0
-7.6613,-73.309,310.6,1.1,1,2023-01-27,1835,Aqua,MODIS,54,61.03,294.5,5.1,D,0
-7.4447,-72.7427,312.6,1,1,2023-01-27,1835,Aqua,MODIS,58,61.03,292.1,6.2,D,0
-7.4513,-72.7891,317.5,1,1,2023-01-27,1835,Aqua,MODIS,54,61.03,300.7,9.9,D,0
-7.555,-74.8424,311.8,1.3,1.1,2023-01-27,1835,Aqua,MODIS,58,61.03,286.6,9.7,D,0
-7.5448,-74.8437,314.3,1.3,1.1,2023-01-27,1835,Aqua,MODIS,59,61.03,288.6,12.3,D,0
-7.6203,-76.4111,315.2,1.7,1.3,2023-01-27,1835,Aqua,MODIS,56,61.03,292.5,18.7,D,0
-7.6216,-76.4175,321.9,1.7,1.3,2023-01-27,1835,Aqua,MODIS,78,61.03,292.2,32.7,D,0
-7.6017,-76.5268,309.6,1.7,1.3,2023-01-27,1835,Aqua,MODIS,46,61.03,288,12.7,D,0
-7.3699,-76.2522,312.2,1.6,1.2,2023-01-27,1835,Aqua,MODIS,43,61.03,290.5,15.6,D,0
-7.3921,-76.4167,315.9,1.7,1.3,2023-01-27,1835,Aqua,MODIS,66,61.03,295.9,15.8,D,0
-7.2976,-76.0486,342.1,1.6,1.2,2023-01-27,1835,Aqua,MODIS,92,61.03,295.8,77,D,0
-7.2947,-76.04,327.9,1.5,1.2,2023-01-27,1835,Aqua,MODIS,83,61.03,295.8,39.6,D,0
-7.2967,-76.0538,329.8,1.6,1.2,2023-01-27,1835,Aqua,MODIS,84,61.03,295.1,43.2,D,0
-7.3311,-76.3844,318.5,1.6,1.3,2023-01-27,1835,Aqua,MODIS,68,61.03,290.1,21.8,D,0
-7.3484,-76.5954,341,1.7,1.3,2023-01-27,1835,Aqua,MODIS,91,61.03,295.3,85.4,D,0
-7.3505,-76.6105,337.1,1.7,1.3,2023-01-27,1835,Aqua,MODIS,88,61.03,292.5,72.4,D,0
-7.2739,-76.3005,321.7,1.6,1.3,2023-01-27,1835,Aqua,MODIS,67,61.03,291.5,28,D,0
-7.2502,-76.3804,330.5,1.6,1.3,2023-01-27,1835,Aqua,MODIS,68,61.03,295.1,42.9,D,0
-7.2521,-76.3947,325.9,1.6,1.3,2023-01-27,1835,Aqua,MODIS,80,61.03,292.7,33.5,D,0
-7.2561,-76.4249,346,1.6,1.3,2023-01-27,1835,Aqua,MODIS,93,61.03,293.7,97.5,D,0
-7.258,-76.4399,325.8,1.7,1.3,2023-01-27,1835,Aqua,MODIS,67,61.03,290.9,34,D,0
-7.2508,-76.387,338.6,1.6,1.3,2023-01-27,1835,Aqua,MODIS,81,61.03,294.5,66.9,D,0
-7.2549,-76.4167,321.7,1.6,1.3,2023-01-27,1835,Aqua,MODIS,71,61.03,293.5,26,D,0
-7.257,-76.4318,345.1,1.6,1.3,2023-01-27,1835,Aqua,MODIS,88,61.03,293.7,95.2,D,0
-7.2395,-76.3882,331.7,1.6,1.3,2023-01-27,1835,Aqua,MODIS,74,61.03,291.2,47.7,D,0
-7.2202,-76.3315,326.4,1.6,1.3,2023-01-27,1835,Aqua,MODIS,37,61.03,289.5,32.7,D,0
-7.1911,-76.456,352.7,1.7,1.3,2023-01-27,1835,Aqua,MODIS,97,61.03,299.1,124.4,D,0
-7.1456,-76.4521,326.9,1.6,1.3,2023-01-27,1835,Aqua,MODIS,81,61.03,297.1,30.5,D,0
-7.1477,-76.4672,320.4,1.7,1.3,2023-01-27,1835,Aqua,MODIS,28,61.03,298.2,14.5,D,0
-7.1292,-76.5007,326.1,1.7,1.3,2023-01-27,1835,Aqua,MODIS,47,61.03,296.4,27.4,D,0
-7.1089,-76.6091,317.9,1.7,1.3,2023-01-27,1835,Aqua,MODIS,71,61.03,294,19.1,D,0
-6.978,-76.2315,328.6,1.6,1.2,2023-01-27,1835,Aqua,MODIS,77,61.03,294,34.8,D,0
-6.98,-76.2462,340.5,1.6,1.2,2023-01-27,1835,Aqua,MODIS,91,61.03,294.6,69.8,D,0
-7.0135,-76.5835,314.5,1.7,1.3,2023-01-27,1835,Aqua,MODIS,17,61.03,292.6,11.4,D,0
-7.0154,-76.5981,320.4,1.7,1.3,2023-01-27,1835,Aqua,MODIS,69,61.03,291.6,23.3,D,0
-6.9588,-76.8584,310.9,1.8,1.3,2023-01-27,1835,Aqua,MODIS,38,61.03,291.9,13,D,0
-6.76,-76.6507,316.7,1.7,1.3,2023-01-27,1835,Aqua,MODIS,0,61.03,288.4,21,D,0
-6.7044,-76.4958,314,1.6,1.3,2023-01-27,1835,Aqua,MODIS,44,61.03,294.2,13.8,D,0
-6.6964,-76.605,317.3,1.7,1.3,2023-01-27,1835,Aqua,MODIS,68,61.03,292.5,21.8,D,0
-6.6536,-76.459,333.2,1.6,1.3,2023-01-27,1835,Aqua,MODIS,87,61.03,295.5,54,D,0
-6.6555,-76.4731,330.3,1.6,1.3,2023-01-27,1835,Aqua,MODIS,80,61.03,295.9,46,D,0
-6.4999,-76.8525,315,1.7,1.3,2023-01-27,1835,Aqua,MODIS,68,61.03,294,22,D,0
-6.5035,-76.8569,318.8,1.7,1.3,2023-01-27,1835,Aqua,MODIS,73,61.03,294.1,28.1,D,0
-6.1884,-76.2388,314.8,1.5,1.2,2023-01-27,1835,Aqua,MODIS,62,61.03,294.5,14.5,D,0
-6.0598,-75.9762,314.5,1.5,1.2,2023-01-27,1835,Aqua,MODIS,68,61.03,295,12.4,D,0
-6.0643,-76.3334,313.7,1.6,1.2,2023-01-27,1835,Aqua,MODIS,63,61.03,293.6,14.3,D,0
-5.9263,-75.9867,317.7,1.5,1.2,2023-01-27,1835,Aqua,MODIS,72,61.03,296.6,17.1,D,0
-5.9116,-75.9955,317.9,1.5,1.2,2023-01-27,1835,Aqua,MODIS,59,61.03,295.8,15.6,D,0
-5.8332,-75.9004,331.3,1.4,1.2,2023-01-27,1835,Aqua,MODIS,80,61.03,294.9,43.7,D,0
-5.7335,-76.4319,309.9,1.6,1.2,2023-01-27,1835,Aqua,MODIS,54,61.03,294.1,6.8,D,0
-5.8113,-78.5613,320.1,2.3,1.5,2023-01-27,1835,Aqua,MODIS,57,61.03,296.1,28.6,D,0
-5.8139,-78.5807,329.7,2.3,1.5,2023-01-27,1835,Aqua,MODIS,82,61.03,299.1,65.8,D,0
-5.8145,-78.5658,323.4,2.3,1.5,2023-01-27,1835,Aqua,MODIS,76,61.03,297.5,38.2,D,0
-5.8171,-78.5845,325.2,2.3,1.5,2023-01-27,1835,Aqua,MODIS,78,61.03,299.3,45.8,D,0
-4.2884,-73.5156,315.1,1,1,2023-01-27,1835,Aqua,MODIS,66,61.03,297.8,7.4,D,0
-4.0103,-73.1168,320,1,1,2023-01-27,1836,Aqua,MODIS,74,61.03,295.8,11.9,D,0
-3.8191,-73.7053,312.4,1,1,2023-01-27,1836,Aqua,MODIS,58,61.03,296.7,5.8,D,0
-3.2249,-73.1595,333.7,1,1,2023-01-27,1836,Aqua,MODIS,71,61.03,297.2,28.2,D,0
-3.0296,-73.3993,315.5,1,1,2023-01-27,1836,Aqua,MODIS,62,61.03,297,8.4,D,0
-2.8201,-73.5437,318.4,1,1,2023-01-27,1836,Aqua,MODIS,0,61.03,297.3,9.9,D,0
-2.0027,-78.3378,316.1,1.9,1.4,2023-01-27,1836,Aqua,MODIS,61,61.03,283.3,34.1,D,1
-2.006,-78.3607,321.8,1.9,1.4,2023-01-27,1836,Aqua,MODIS,72,61.03,286.2,48.3,D,1
0.608,-75.4912,328.3,1.1,1.1,2023-01-27,1837,Aqua,MODIS,80,61.03,304.8,21.4,D,0
-0.4624,-76.991,318.3,1.4,1.2,2023-01-27,1837,Aqua,MODIS,0,61.03,303.5,15.2,D,2
-0.1834,-76.8519,315.6,1.4,1.2,2023-01-27,1837,Aqua,MODIS,68,61.03,300.7,10.1,D,0
0.067,-75.6146,320.2,1.2,1.1,2023-01-27,1837,Aqua,MODIS,72,61.03,300.8,13.1,D,0
0.2002,-74.9552,317.1,1.1,1,2023-01-27,1837,Aqua,MODIS,66,61.03,301.2,9.3,D,0
0.1504,-76.2391,321.5,1.3,1.1,2023-01-27,1837,Aqua,MODIS,75,61.03,300.8,17.4,D,0
0.1488,-76.2502,335.1,1.3,1.1,2023-01-27,1837,Aqua,MODIS,87,61.03,301.3,41,D,0
0.1703,-76.242,337.1,1.3,1.1,2023-01-27,1837,Aqua,MODIS,88,61.03,301.1,44.5,D,0
0.2161,-76.277,311.5,1.3,1.1,2023-01-27,1837,Aqua,MODIS,46,61.03,299.3,6.8,D,0
0.282,-75.9634,339.9,1.2,1.1,2023-01-27,1837,Aqua,MODIS,90,61.03,302.2,48,D,0
0.2805,-75.9741,328.9,1.2,1.1,2023-01-27,1837,Aqua,MODIS,78,61.03,301.5,27.1,D,0
0.4376,-75.3322,315.7,1.1,1.1,2023-01-27,1837,Aqua,MODIS,61,61.03,301.9,7.6,D,0
0.4368,-75.4031,317.4,1.1,1.1,2023-01-27,1837,Aqua,MODIS,65,61.03,300.6,9.9,D,0
0.2892,-76.4787,314,1.3,1.1,2023-01-27,1837,Aqua,MODIS,63,61.03,299.7,8.6,D,0
0.4974,-75.2503,317,1.1,1,2023-01-27,1837,Aqua,MODIS,64,61.03,300.8,7.8,D,0
0.496,-75.2602,315.3,1.1,1,2023-01-27,1837,Aqua,MODIS,35,61.03,300.6,5.5,D,0
0.5025,-75.2812,323.5,1.1,1,2023-01-27,1837,Aqua,MODIS,75,61.03,301.1,15,D,0
0.4997,-75.3009,324.5,1.1,1.1,2023-01-27,1837,Aqua,MODIS,76,61.03,300.6,17.3,D,0
0.6807,-74.2942,325.1,1,1,2023-01-27,1837,Aqua,MODIS,76,61.03,304.8,12.8,D,0
0.538,-75.403,313.7,1.1,1.1,2023-01-27,1837,Aqua,MODIS,51,61.03,301.3,6.2,D,0
0.5646,-75.2857,352,1.1,1,2023-01-27,1837,Aqua,MODIS,96,61.03,303.7,66.2,D,0
0.5632,-75.2956,351.1,1.1,1,2023-01-27,1837,Aqua,MODIS,95,61.03,305.2,64.2,D,0
0.5517,-75.3745,346.6,1.1,1.1,2023-01-27,1837,Aqua,MODIS,93,61.03,301.4,55.9,D,0
0.5503,-75.3844,363.2,1.1,1.1,2023-01-27,1837,Aqua,MODIS,100,61.03,303.5,102.7,D,0
0.5902,-75.4411,318.3,1.1,1.1,2023-01-27,1837,Aqua,MODIS,42,61.03,301.7,8.1,D,0
0.586,-75.4711,316.4,1.1,1.1,2023-01-27,1837,Aqua,MODIS,52,61.03,302,6.2,D,0
0.5845,-75.4811,323.7,1.1,1.1,2023-01-27,1837,Aqua,MODIS,75,61.03,303.1,14.6,D,0
0.5831,-75.4912,347.8,1.1,1.1,2023-01-27,1837,Aqua,MODIS,94,61.03,305,58.4,D,0
0.5965,-75.4385,324.4,1.1,1.1,2023-01-27,1837,Aqua,MODIS,76,61.03,302.3,16.6,D,0
0.5906,-75.4784,325.8,1.1,1.1,2023-01-27,1837,Aqua,MODIS,77,61.03,302.6,18,D,0
0.6197,-75.4113,316.9,1.1,1.1,2023-01-27,1837,Aqua,MODIS,63,61.03,303.3,6.4,D,0
0.6066,-75.5012,317.2,1.1,1.1,2023-01-27,1837,Aqua,MODIS,61,61.03,302.2,7.5,D,0
0.5595,-75.9572,327.3,1.2,1.1,2023-01-27,1837,Aqua,MODIS,80,61.03,300.3,25.1,D,0
0.7908,-74.4284,319,1,1,2023-01-27,1837,Aqua,MODIS,66,61.03,304.9,8.8,D,0
0.8104,-74.3567,329,1,1,2023-01-27,1837,Aqua,MODIS,71,61.03,303.9,18.2,D,0
0.8091,-74.3658,336.6,1,1,2023-01-27,1837,Aqua,MODIS,87,61.03,307.5,29.1,D,0
0.5971,-75.834,324,1.2,1.1,2023-01-27,1837,Aqua,MODIS,76,61.03,300.9,19.3,D,0
0.4709,-76.707,323.5,1.3,1.1,2023-01-27,1837,Aqua,MODIS,78,61.03,299,21.6,D,0
0.5569,-76.3225,312.8,1.3,1.1,2023-01-27,1837,Aqua,MODIS,56,61.03,299,6.7,D,0
0.5563,-76.3279,316,1.3,1.1,2023-01-27,1837,Aqua,MODIS,66,61.03,299.2,10.5,D,0
0.5089,-76.6465,313.8,1.3,1.1,2023-01-27,1837,Aqua,MODIS,62,61.03,300.3,7.2,D,0
0.8105,-74.7957,321.7,1.1,1,2023-01-27,1837,Aqua,MODIS,71,61.03,303.7,12.5,D,0
0.6586,-75.8377,315.6,1.2,1.1,2023-01-27,1837,Aqua,MODIS,61,61.03,302.5,7.7,D,0
0.6571,-75.8482,320.9,1.2,1.1,2023-01-27,1837,Aqua,MODIS,72,61.03,305.4,14.1,D,0
0.5308,-76.7094,314.9,1.3,1.1,2023-01-27,1837,Aqua,MODIS,64,61.03,299.7,9.3,D,0
0.529,-76.7211,313.2,1.3,1.1,2023-01-27,1837,Aqua,MODIS,60,61.03,299.4,7.2,D,0
0.7129,-75.5325,326.1,1.1,1.1,2023-01-27,1837,Aqua,MODIS,78,61.03,302.5,18.3,D,0
0.7114,-75.5426,316.4,1.1,1.1,2023-01-27,1837,Aqua,MODIS,61,61.03,303.1,6.5,D,0
0.6937,-75.664,317.2,1.1,1.1,2023-01-27,1837,Aqua,MODIS,64,61.03,302.4,8,D,0
0.8889,-74.383,333,1,1,2023-01-27,1837,Aqua,MODIS,84,61.03,303.3,25.9,D,0
0.8876,-74.3922,352.3,1,1,2023-01-27,1837,Aqua,MODIS,96,61.03,305.6,61.7,D,0
0.7454,-75.3746,312.5,1.1,1.1,2023-01-27,1837,Aqua,MODIS,14,61.03,300.2,4.5,D,0
0.744,-75.3845,312.6,1.1,1.1,2023-01-27,1837,Aqua,MODIS,23,61.03,300.8,4.9,D,0
0.8979,-74.3844,331.1,1,1,2023-01-27,1837,Aqua,MODIS,82,61.03,303.9,23.3,D,0
0.8966,-74.3935,341.4,1,1,2023-01-27,1837,Aqua,MODIS,90,61.03,304.9,39.3,D,0
0.7816,-75.3899,313.8,1.1,1.1,2023-01-27,1837,Aqua,MODIS,46,61.03,301.7,5.5,D,0
0.5912,-76.7851,317.2,1.3,1.1,2023-01-27,1837,Aqua,MODIS,69,61.03,299.3,13.5,D,0
0.5895,-76.7969,317.9,1.3,1.1,2023-01-27,1837,Aqua,MODIS,70,61.03,299.5,14.3,D,0
0.7644,-75.681,319.1,1.1,1.1,2023-01-27,1837,Aqua,MODIS,68,61.03,302,9.6,D,0
0.7629,-75.6912,321,1.2,1.1,2023-01-27,1837,Aqua,MODIS,71,61.03,301.9,12.2,D,0
0.9487,-74.4822,320.4,1,1,2023-01-27,1837,Aqua,MODIS,68,61.03,304.2,9.7,D,0
0.9314,-74.6017,335,1,1,2023-01-27,1837,Aqua,MODIS,85,61.03,307.8,26.9,D,0
1.0023,-74.2394,328.6,1,1,2023-01-27,1837,Aqua,MODIS,72,61.03,307.4,17.4,D,0
0.9682,-74.4757,316,1,1,2023-01-27,1837,Aqua,MODIS,45,61.03,302.5,5,D,0
0.9668,-74.4848,317.3,1,1,2023-01-27,1837,Aqua,MODIS,50,61.03,302,5.9,D,0
0.9772,-74.477,340.8,1,1,2023-01-27,1837,Aqua,MODIS,89,61.03,304,37.2,D,0
0.9759,-74.4862,339.9,1,1,2023-01-27,1837,Aqua,MODIS,89,61.03,304.3,35.3,D,0
0.877,-75.1711,334.6,1.1,1,2023-01-27,1837,Aqua,MODIS,85,61.03,303.6,29.3,D,0
0.8756,-75.1807,368.9,1.1,1,2023-01-27,1837,Aqua,MODIS,100,61.03,306.2,117.5,D,0
1.006,-74.3416,322.1,1,1,2023-01-27,1837,Aqua,MODIS,71,61.03,306.1,9.6,D,0
1.0111,-74.3702,326,1,1,2023-01-27,1837,Aqua,MODIS,77,61.03,305.5,14.2,D,0
1.0098,-74.3793,321.1,1,1,2023-01-27,1837,Aqua,MODIS,69,61.03,305.2,9.7,D,0
0.7994,-75.8437,319.6,1.2,1.1,2023-01-27,1837,Aqua,MODIS,70,61.03,301.2,11.6,D,0
0.7979,-75.8541,323.9,1.2,1.1,2023-01-27,1837,Aqua,MODIS,76,61.03,301.1,17.2,D,0
1.0357,-74.2627,363.7,1,1,2023-01-27,1837,Aqua,MODIS,100,61.03,309.5,87.9,D,0
1.0344,-74.2718,345.9,1,1,2023-01-27,1837,Aqua,MODIS,93,61.03,306.7,44.4,D,0
0.721,-76.4614,314.2,1.3,1.1,2023-01-27,1837,Aqua,MODIS,62,61.03,299.8,8,D,0
1.0448,-74.2604,323.2,1,1,2023-01-27,1837,Aqua,MODIS,72,61.03,305.9,12.7,D,0
1.0435,-74.2695,326.9,1,1,2023-01-27,1837,Aqua,MODIS,77,61.03,307.4,16.8,D,0
0.7198,-76.4666,313.5,1.3,1.1,2023-01-27,1837,Aqua,MODIS,59,61.03,299.8,7.2,D,0
1.0261,-74.4524,318.8,1,1,2023-01-27,1837,Aqua,MODIS,60,61.03,303.7,7.8,D,0
1.0248,-74.4615,323.6,1,1,2023-01-27,1837,Aqua,MODIS,73,61.03,304.2,13.2,D,0
0.7579,-76.2789,320.4,1.2,1.1,2023-01-27,1837,Aqua,MODIS,73,61.03,299.5,15.8,D,0
0.7562,-76.29,325.2,1.2,1.1,2023-01-27,1837,Aqua,MODIS,78,61.03,299.5,22.6,D,0
0.7044,-76.6395,314.5,1.3,1.1,2023-01-27,1837,Aqua,MODIS,64,61.03,300.9,8.4,D,0
1.0484,-74.3627,321.2,1,1,2023-01-27,1837,Aqua,MODIS,69,61.03,303.2,9.7,D,0
1.0471,-74.3718,331.4,1,1,2023-01-27,1837,Aqua,MODIS,82,61.03,304.6,21.6,D,0
0.7677,-76.2803,311.7,1.2,1.1,2023-01-27,1837,Aqua,MODIS,31,61.03,299.1,5.8,D,0
0.7661,-76.2914,319.1,1.2,1.1,2023-01-27,1837,Aqua,MODIS,71,61.03,299.1,14.3,D,0
1.0795,-74.2747,324.1,1,1,2023-01-27,1837,Aqua,MODIS,74,61.03,311.6,12.2,D,0
1.4364,-71.8612,333.2,1.1,1,2023-01-27,1837,Aqua,MODIS,84,61.03,303,27.8,D,0
1.0768,-74.3575,317.2,1,1,2023-01-27,1837,Aqua,MODIS,51,61.03,303.2,5,D,0
1.0755,-74.3666,317.9,1,1,2023-01-27,1837,Aqua,MODIS,58,61.03,304.3,6,D,0
1.4415,-71.8912,318.9,1.1,1,2023-01-27,1837,Aqua,MODIS,67,61.03,303.7,8.3,D,0
0.7928,-76.3857,314.9,1.3,1.1,2023-01-27,1837,Aqua,MODIS,63,61.03,299.6,9.7,D,0
0.7816,-76.5335,323.8,1.3,1.1,2023-01-27,1837,Aqua,MODIS,77,61.03,299.5,22.1,D,0
0.726,-76.919,312.5,1.4,1.2,2023-01-27,1837,Aqua,MODIS,59,61.03,298.3,8.8,D,0
0.8723,-76.0421,330.2,1.2,1.1,2023-01-27,1837,Aqua,MODIS,83,61.03,300.8,28.2,D,0
0.8708,-76.0527,322,1.2,1.1,2023-01-27,1837,Aqua,MODIS,74,61.03,299.9,16.2,D,0
1.1241,-74.3524,322.7,1,1,2023-01-27,1837,Aqua,MODIS,71,61.03,304.3,11.4,D,0
1.1228,-74.3615,328.3,1,1,2023-01-27,1837,Aqua,MODIS,79,61.03,304.8,17.7,D,0
1.1397,-74.3084,318.3,1,1,2023-01-27,1837,Aqua,MODIS,50,61.03,304.2,7.4,D,0
0.7889,-76.6939,320,1.3,1.1,2023-01-27,1837,Aqua,MODIS,73,61.03,300,15.6,D,0
0.7871,-76.7056,315.5,1.3,1.1,2023-01-27,1837,Aqua,MODIS,66,61.03,300.7,9.2,D,0
1.2003,-74.2711,325,1,1,2023-01-27,1837,Aqua,MODIS,74,61.03,308.7,13.2,D,0
1.199,-74.2801,323.1,1,1,2023-01-27,1837,Aqua,MODIS,40,61.03,307.1,10.3,D,0
1.2093,-74.2724,322.8,1,1,2023-01-27,1837,Aqua,MODIS,23,61.03,307.2,9.8,D,0
1.2144,-74.3008,324.9,1,1,2023-01-27,1837,Aqua,MODIS,67,61.03,305.4,12.5,D,0
1.014,-75.6983,321.4,1.1,1.1,2023-01-27,1837,Aqua,MODIS,71,61.03,302.2,12,D,0
1.2314,-74.2445,332.4,1,1,2023-01-27,1837,Aqua,MODIS,82,61.03,305.8,21.3,D,0
1.2338,-74.2909,330.1,1,1,2023-01-27,1837,Aqua,MODIS,81,61.03,307.5,18.6,D,0
1.2088,-74.4633,318.3,1,1,2023-01-27,1837,Aqua,MODIS,55,61.03,303.5,5.8,D,0
1.0548,-75.5147,322.8,1.1,1.1,2023-01-27,1837,Aqua,MODIS,72,61.03,303.6,13,D,0
1.0534,-75.5247,323.5,1.1,1.1,2023-01-27,1837,Aqua,MODIS,73,61.03,302.9,13.8,D,0
1.2363,-74.3374,328.7,1,1,2023-01-27,1837,Aqua,MODIS,79,61.03,305.4,17.3,D,0
1.073,-75.4566,329.2,1.1,1.1,2023-01-27,1837,Aqua,MODIS,80,61.03,303.3,21.2,D,0
1.0715,-75.4665,318.2,1.1,1.1,2023-01-27,1837,Aqua,MODIS,32,61.03,302.4,7.2,D,0
1.2413,-74.3659,325.9,1,1,2023-01-27,1837,Aqua,MODIS,76,61.03,305.1,13.8,D,0
1.0824,-75.458,324.8,1.1,1.1,2023-01-27,1837,Aqua,MODIS,75,61.03,302.7,16.4,D,0
1.0809,-75.4679,318.5,1.1,1.1,2023-01-27,1837,Aqua,MODIS,64,61.03,303.2,8.5,D,0
1.2582,-74.3129,321.9,1,1,2023-01-27,1837,Aqua,MODIS,70,61.03,304.2,9.6,D,0
1.2504,-74.3672,323.5,1,1,2023-01-27,1837,Aqua,MODIS,72,61.03,307.6,11.3,D,0
1.2372,-74.4581,350.2,1,1,2023-01-27,1837,Aqua,MODIS,95,61.03,305.7,53.6,D,0
1.2359,-74.4672,333.7,1,1,2023-01-27,1837,Aqua,MODIS,84,61.03,306.2,23.5,D,0
1.2502,-74.4321,326.2,1,1,2023-01-27,1837,Aqua,MODIS,76,61.03,305.4,15,D,0
1.2489,-74.4412,321.6,1,1,2023-01-27,1837,Aqua,MODIS,69,61.03,305.9,9.3,D,0
1.0838,-75.58,326.7,1.1,1.1,2023-01-27,1837,Aqua,MODIS,78,61.03,301.9,18.6,D,0
1.1551,-75.2194,319.8,1.1,1,2023-01-27,1837,Aqua,MODIS,66,61.03,303.1,8.9,D,0
1.2928,-74.3919,330.3,1,1,2023-01-27,1837,Aqua,MODIS,81,61.03,308.4,18.8,D,0
1.308,-74.3543,353.6,1,1,2023-01-27,1837,Aqua,MODIS,97,61.03,305.1,61.8,D,0
1.3067,-74.3634,327,1,1,2023-01-27,1837,Aqua,MODIS,77,61.03,304.4,15.1,D,0
1.0357,-76.2714,313.2,1.2,1.1,2023-01-27,1837,Aqua,MODIS,52,61.03,299.6,5.9,D,0
1.0455,-76.2729,315.9,1.2,1.1,2023-01-27,1837,Aqua,MODIS,65,61.03,299.3,9,D,0
1.0617,-76.2308,345.2,1.2,1.1,2023-01-27,1837,Aqua,MODIS,93,61.03,300.1,60.8,D,0
1.0601,-76.2416,330.4,1.2,1.1,2023-01-27,1837,Aqua,MODIS,83,61.03,301.1,29.5,D,0
1.1287,-76.0443,314.7,1.2,1.1,2023-01-27,1837,Aqua,MODIS,60,61.03,300.9,6.7,D,0
1.4074,-74.3007,326.9,1,1,2023-01-27,1837,Aqua,MODIS,77,61.03,306.2,15.2,D,0
1.1597,-76.1192,327.5,1.2,1.1,2023-01-27,1837,Aqua,MODIS,81,61.03,301.7,22.3,D,0
1.7334,-72.6138,318.6,1,1,2023-01-27,1837,Aqua,MODIS,68,61.03,303.3,8.9,D,0
1.7432,-72.6124,334.5,1,1,2023-01-27,1837,Aqua,MODIS,86,61.03,305.4,27.6,D,0
1.7419,-72.6215,349.6,1,1,2023-01-27,1837,Aqua,MODIS,95,61.03,305.8,55.3,D,0
1.3254,-75.492,316.4,1.1,1.1,2023-01-27,1837,Aqua,MODIS,45,61.03,302.4,6.5,D,0
1.2915,-75.7215,317.1,1.1,1.1,2023-01-27,1837,Aqua,MODIS,66,61.03,302,8.2,D,0
1.8003,-72.5366,315.4,1,1,2023-01-27,1837,Aqua,MODIS,56,61.03,302.4,5.9,D,0
1.6452,-73.8665,320.3,1,1,2023-01-27,1837,Aqua,MODIS,68,61.03,303.7,9.4,D,0
1.4193,-75.5415,320.7,1.1,1.1,2023-01-27,1837,Aqua,MODIS,72,61.03,302.9,11.5,D,0
1.6314,-74.2168,317.5,1,1,2023-01-27,1837,Aqua,MODIS,60,61.03,305.4,6.2,D,0
1.9508,-72.0598,323.8,1.1,1,2023-01-27,1837,Aqua,MODIS,75,61.03,302.8,14.2,D,0
1.932,-72.5146,322.4,1,1,2023-01-27,1837,Aqua,MODIS,73,61.03,305.5,10,D,0
1.7551,-73.8129,326.7,1,1,2023-01-27,1837,Aqua,MODIS,69,61.03,306.5,15,D,0
2.0331,-72.3278,316.8,1,1,2023-01-27,1837,Aqua,MODIS,55,61.03,303.4,6.3,D,0
2.0318,-72.3372,318.3,1,1,2023-01-27,1837,Aqua,MODIS,63,61.03,302.7,7.9,D,0
1.5604,-75.7677,313.6,1.1,1.1,2023-01-27,1837,Aqua,MODIS,31,61.03,299.7,6,D,0
1.5616,-75.8914,309.9,1.2,1.1,2023-01-27,1837,Aqua,MODIS,52,61.03,296.9,5.7,D,0
2.2171,-72.3286,319.6,1.1,1,2023-01-27,1837,Aqua,MODIS,66,61.03,304.8,9.2,D,0
2.2263,-72.3299,319.8,1.1,1,2023-01-27,1837,Aqua,MODIS,64,61.03,302.7,8.9,D,0
1.828,-75.2677,327.4,1.1,1,2023-01-27,1837,Aqua,MODIS,81,61.03,299.8,20.8,D,0
1.8266,-75.2771,316.8,1.1,1,2023-01-27,1837,Aqua,MODIS,63,61.03,300.4,8.9,D,0
1.861,-75.3006,325.6,1.1,1,2023-01-27,1837,Aqua,MODIS,79,61.03,297,21.8,D,0
1.8596,-75.3103,310,1.1,1,2023-01-27,1837,Aqua,MODIS,34,61.03,296.8,6.5,D,0
2.238,-72.9457,317.7,1,1,2023-01-27,1837,Aqua,MODIS,61,61.03,304.3,6.3,D,0
2.3369,-72.3868,316.5,1.1,1,2023-01-27,1837,Aqua,MODIS,58,61.03,304,6.9,D,0
1.9732,-75.1014,316,1.1,1,2023-01-27,1837,Aqua,MODIS,63,61.03,299.2,7.6,D,0
1.8779,-75.8205,317.9,1.1,1.1,2023-01-27,1837,Aqua,MODIS,65,61.03,301,10.2,D,0
1.8874,-75.8217,328.7,1.1,1.1,2023-01-27,1837,Aqua,MODIS,83,61.03,301.4,23.6,D,0
2.0149,-75.1364,311,1.1,1,2023-01-27,1837,Aqua,MODIS,42,61.03,299,5,D,0
1.9601,-75.5172,314.6,1.1,1,2023-01-27,1837,Aqua,MODIS,65,61.03,294.9,11.3,D,0
2.4324,-72.2916,315.5,1.1,1,2023-01-27,1837,Aqua,MODIS,55,61.03,303.2,6.1,D,0
2.2432,-74.949,333,1,1,2023-01-27,1837,Aqua,MODIS,85,61.03,300.5,27.8,D,0
2.2418,-74.9582,321,1,1,2023-01-27,1837,Aqua,MODIS,74,61.03,299.6,13.4,D,0
2.2934,-74.7315,319,1,1,2023-01-27,1837,Aqua,MODIS,70,61.03,304.7,8.5,D,0
2.6951,-72.0697,321.8,1.1,1,2023-01-27,1837,Aqua,MODIS,69,61.03,306.8,8.9,D,0
2.1907,-75.6307,319.8,1.1,1,2023-01-27,1837,Aqua,MODIS,73,61.03,303.8,10.8,D,2
2.7802,-71.9897,328,1.1,1,2023-01-27,1837,Aqua,MODIS,79,61.03,304.4,19,D,0
2.7788,-71.9995,349.3,1.1,1,2023-01-27,1837,Aqua,MODIS,95,61.03,306.6,57.4,D,0
2.8776,-71.8797,323.1,1.1,1,2023-01-27,1837,Aqua,MODIS,73,61.03,304.8,13.7,D,0
2.4551,-74.8227,321,1,1,2023-01-27,1837,Aqua,MODIS,74,61.03,300.8,13.3,D,0
2.3004,-76.0751,314.1,1.2,1.1,2023-01-27,1837,Aqua,MODIS,69,61.03,296.8,10.8,D,0
2.299,-76.085,312.4,1.2,1.1,2023-01-27,1837,Aqua,MODIS,65,61.03,296.7,9.5,D,0
2.5239,-74.7302,313,1,1,2023-01-27,1837,Aqua,MODIS,49,61.03,300.4,4.9,D,0
2.905,-72.2068,320.3,1.1,1,2023-01-27,1837,Aqua,MODIS,54,61.03,305,8.5,D,0
2.5573,-74.6945,309.3,1,1,2023-01-27,1837,Aqua,MODIS,25,61.03,298.3,4.3,D,0
2.3909,-75.8912,315.6,1.1,1.1,2023-01-27,1837,Aqua,MODIS,69,61.03,301.4,8.5,D,0
2.775,-73.5053,315.4,1,1,2023-01-27,1837,Aqua,MODIS,50,61.03,303.5,5.5,D,0
2.9935,-72.2933,322.4,1.1,1,2023-01-27,1837,Aqua,MODIS,49,61.03,306.4,9.1,D,0
2.9922,-72.3028,326.9,1.1,1,2023-01-27,1837,Aqua,MODIS,71,61.03,306.6,15.1,D,0
3.0768,-72.0404,322.1,1.1,1,2023-01-27,1837,Aqua,MODIS,69,61.03,304,10,D,0
3.1266,-71.8267,319.9,1.1,1.1,2023-01-27,1837,Aqua,MODIS,58,61.03,304.2,9.7,D,0
3.0656,-72.6359,322.5,1,1,2023-01-27,1837,Aqua,MODIS,70,61.03,305.4,10.2,D,0
3.0642,-72.6452,322.8,1,1,2023-01-27,1837,Aqua,MODIS,71,61.03,308.1,10.1,D,0
3.1709,-72.2282,319.5,1.1,1,2023-01-27,1837,Aqua,MODIS,49,61.03,305.6,7.2,D,0
3.3529,-71.327,314.4,1.2,1.1,2023-01-27,1837,Aqua,MODIS,49,61.03,301,6.9,D,0
3.0992,-73.1681,320.2,1,1,2023-01-27,1837,Aqua,MODIS,65,61.03,306.1,7.6,D,0
3.275,-72.1407,326.6,1.1,1,2023-01-27,1837,Aqua,MODIS,70,61.03,305.7,14.4,D,0
3.2736,-72.1504,321.6,1.1,1,2023-01-27,1837,Aqua,MODIS,30,61.03,306.6,7.6,D,0
3.1945,-72.9574,321.3,1,1,2023-01-27,1837,Aqua,MODIS,66,61.03,307.2,8.6,D,0
3.2316,-73.4012,322.4,1,1,2023-01-27,1837,Aqua,MODIS,53,61.03,306.7,9,D,0
3.4996,-71.6577,330.2,1.2,1.1,2023-01-27,1837,Aqua,MODIS,80,61.03,306,19.4,D,0
3.4981,-71.668,328.3,1.1,1.1,2023-01-27,1837,Aqua,MODIS,78,61.03,307.3,16.1,D,0
3.5084,-71.7318,338.4,1.1,1.1,2023-01-27,1838,Aqua,MODIS,87,61.03,306.5,34,D,0
3.507,-71.742,331.7,1.1,1.1,2023-01-27,1838,Aqua,MODIS,82,61.03,306.3,22.3,D,0
3.2664,-73.5497,319.5,1,1,2023-01-27,1838,Aqua,MODIS,55,61.03,307.4,6.3,D,0
3.7403,-70.3174,317.8,1.4,1.2,2023-01-27,1838,Aqua,MODIS,63,61.03,303,13.1,D,0
3.3266,-73.321,340.3,1,1,2023-01-27,1838,Aqua,MODIS,88,61.03,306.7,32.5,D,0
3.5137,-72.0746,329.6,1.1,1,2023-01-27,1838,Aqua,MODIS,78,61.03,306.7,18.3,D,0
3.6094,-71.4686,317.5,1.2,1.1,2023-01-27,1838,Aqua,MODIS,27,61.03,303.2,5.5,D,0
3.5244,-72.0662,321.2,1.1,1,2023-01-27,1838,Aqua,MODIS,54,61.03,304.7,8,D,0
3.523,-72.076,333.8,1.1,1,2023-01-27,1838,Aqua,MODIS,83,61.03,307.3,25.1,D,0
3.6469,-71.5009,317.7,1.2,1.1,2023-01-27,1838,Aqua,MODIS,35,61.03,302.5,6.1,D,0
3.6507,-71.5441,326.3,1.2,1.1,2023-01-27,1838,Aqua,MODIS,74,61.03,309.1,15.5,D,0
3.513,-72.7212,326.1,1,1,2023-01-27,1838,Aqua,MODIS,25,61.03,308,9.5,D,0
4.3701,-66.6686,316.4,2.7,1.6,2023-01-27,1838,Aqua,MODIS,63,61.03,299.8,25.9,D,0
3.5234,-72.7132,332.6,1,1,2023-01-27,1838,Aqua,MODIS,69,61.03,309.1,17.9,D,0
3.5221,-72.7225,338.8,1,1,2023-01-27,1838,Aqua,MODIS,86,61.03,309.8,27.8,D,0
3.5325,-72.7146,329.1,1,1,2023-01-27,1838,Aqua,MODIS,59,61.03,310.4,13.8,D,0
3.493,-72.9906,324.5,1,1,2023-01-27,1838,Aqua,MODIS,69,61.03,309.2,9.2,D,0
3.6468,-72.0494,341.3,1.1,1,2023-01-27,1838,Aqua,MODIS,80,61.03,307.9,33.7,D,0
3.6454,-72.0592,336.1,1.1,1,2023-01-27,1838,Aqua,MODIS,71,61.03,311.5,22.9,D,0
3.6561,-72.0507,336.7,1.1,1,2023-01-27,1838,Aqua,MODIS,73,61.03,307.6,26.7,D,0
3.6547,-72.0606,330.3,1.1,1,2023-01-27,1838,Aqua,MODIS,27,61.03,311.6,15.4,D,0
3.6618,-72.0581,325.7,1.1,1,2023-01-27,1838,Aqua,MODIS,62,61.03,309,12.5,D,0
3.6784,-72.21,342.9,1.1,1,2023-01-27,1838,Aqua,MODIS,89,61.03,309.7,37.8,D,0
3.7298,-71.916,325.4,1.1,1.1,2023-01-27,1838,Aqua,MODIS,68,61.03,307.5,11.8,D,0
3.8285,-71.3608,324.8,1.2,1.1,2023-01-27,1838,Aqua,MODIS,64,61.03,304.7,11.9,D,0
3.6563,-72.9425,331.8,1,1,2023-01-27,1838,Aqua,MODIS,80,61.03,305.8,18.6,D,0
3.655,-72.9517,327,1,1,2023-01-27,1838,Aqua,MODIS,72,61.03,308.2,12.2,D,0
3.9841,-70.6904,324.6,1.3,1.1,2023-01-27,1838,Aqua,MODIS,58,61.03,306.7,11.9,D,0
3.729,-72.4967,325.9,1.1,1,2023-01-27,1838,Aqua,MODIS,64,61.03,306.6,12,D,0
3.6666,-72.9346,326.5,1,1,2023-01-27,1838,Aqua,MODIS,35,61.03,306,11.4,D,0
3.6653,-72.9438,344.6,1,1,2023-01-27,1838,Aqua,MODIS,91,61.03,309.5,39.4,D,0
3.9943,-70.6919,333.9,1.3,1.1,2023-01-27,1838,Aqua,MODIS,83,61.03,308.1,28.5,D,0
3.9604,-71.0046,322,1.3,1.1,2023-01-27,1838,Aqua,MODIS,65,61.03,305.6,9.5,D,0
3.8053,-72.0945,328.3,1.1,1,2023-01-27,1838,Aqua,MODIS,74,61.03,306.2,17.6,D,0
3.7072,-72.7804,325.2,1,1,2023-01-27,1838,Aqua,MODIS,69,61.03,308.5,10.6,D,0
3.6703,-73.0378,329.5,1,1,2023-01-27,1838,Aqua,MODIS,78,61.03,309.1,15.4,D,0
3.669,-73.0469,323.3,1,1,2023-01-27,1838,Aqua,MODIS,59,61.03,308.1,7.7,D,0
3.6912,-72.9568,322.9,1,1,2023-01-27,1838,Aqua,MODIS,34,61.03,308.4,6.8,D,0
3.8833,-71.858,340,1.1,1.1,2023-01-27,1838,Aqua,MODIS,87,61.03,308.2,36.6,D,0
3.7021,-73.2065,333.1,1,1,2023-01-27,1838,Aqua,MODIS,83,61.03,307.4,22.8,D,0
3.7008,-73.2156,337.1,1,1,2023-01-27,1838,Aqua,MODIS,86,61.03,308.3,28.8,D,0
4.7701,-65.5115,315.1,3.4,1.7,2023-01-27,1838,Aqua,MODIS,39,61.03,298.2,34.1,D,0
4.1338,-70.2828,324.8,1.4,1.2,2023-01-27,1838,Aqua,MODIS,72,61.03,307.9,17.5,D,0
4.0178,-71.1106,321.8,1.3,1.1,2023-01-27,1838,Aqua,MODIS,54,61.03,302.8,10.8,D,0
3.9372,-71.7514,324.1,1.2,1.1,2023-01-27,1838,Aqua,MODIS,66,61.03,305.5,9.7,D,0
3.9357,-71.7617,322.2,1.1,1.1,2023-01-27,1838,Aqua,MODIS,57,61.03,305.9,6.9,D,0
3.8747,-72.1908,338.9,1.1,1,2023-01-27,1838,Aqua,MODIS,81,61.03,309.4,27.4,D,0
4.0535,-71.0013,330.6,1.3,1.1,2023-01-27,1838,Aqua,MODIS,79,61.03,307,23.6,D,0
3.8841,-72.1921,330.2,1.1,1,2023-01-27,1838,Aqua,MODIS,44,61.03,310.6,14.2,D,0
4.1199,-70.6071,324.6,1.3,1.2,2023-01-27,1838,Aqua,MODIS,60,61.03,307.7,15.5,D,0
3.8934,-72.1935,337.7,1.1,1,2023-01-27,1838,Aqua,MODIS,77,61.03,308.6,27.7,D,0
3.8818,-72.3401,325,1.1,1,2023-01-27,1838,Aqua,MODIS,58,61.03,307.5,9.1,D,0
4.7579,-66.3908,315.9,2.9,1.6,2023-01-27,1838,Aqua,MODIS,56,61.03,297.6,36.4,D,0
3.9915,-72.0122,323.2,1.1,1.1,2023-01-27,1838,Aqua,MODIS,56,61.03,308.2,10.5,D,0
3.8888,-72.7334,326.4,1,1,2023-01-27,1838,Aqua,MODIS,19,61.03,308.2,9.4,D,0
3.8874,-72.7427,332.9,1,1,2023-01-27,1838,Aqua,MODIS,71,61.03,310.8,17.8,D,0
4.2362,-70.3538,325.2,1.4,1.2,2023-01-27,1838,Aqua,MODIS,58,61.03,305,21.7,D,0
3.8979,-72.7347,335.2,1,1,2023-01-27,1838,Aqua,MODIS,76,61.03,310.3,20.2,D,0
3.8966,-72.744,333.6,1,1,2023-01-27,1838,Aqua,MODIS,69,61.03,312.3,16.7,D,0
4.2659,-70.3708,318.5,1.4,1.2,2023-01-27,1838,Aqua,MODIS,26,61.03,305.5,11.5,D,0
4.2641,-70.3833,317.5,1.4,1.2,2023-01-27,1838,Aqua,MODIS,21,61.03,303.4,9.1,D,0
4.2615,-70.377,322,1.4,1.2,2023-01-27,1838,Aqua,MODIS,54,61.03,304,15.4,D,0
4.6409,-68.5988,331.2,1.9,1.4,2023-01-27,1838,Aqua,MODIS,82,61.03,303.8,49.4,D,0
4.3988,-70.4276,321.6,1.4,1.2,2023-01-27,1838,Aqua,MODIS,60,61.03,306,10.7,D,0
4.266,-71.4424,338.1,1.2,1.1,2023-01-27,1838,Aqua,MODIS,85,61.03,307.8,35.1,D,0
4.2645,-71.4531,327.8,1.2,1.1,2023-01-27,1838,Aqua,MODIS,73,61.03,305.7,16.5,D,0
4.4265,-70.5323,323.8,1.4,1.2,2023-01-27,1838,Aqua,MODIS,53,61.03,308.1,12.7,D,0
4.5283,-70.0865,324.1,1.5,1.2,2023-01-27,1838,Aqua,MODIS,62,61.03,308.8,17.2,D,0
4.6502,-69.3731,320.2,1.7,1.3,2023-01-27,1838,Aqua,MODIS,53,61.03,302.8,15.3,D,0
4.6481,-69.3881,324,1.7,1.3,2023-01-27,1838,Aqua,MODIS,70,61.03,303,22.8,D,0
4.4769,-70.8274,323,1.3,1.1,2023-01-27,1838,Aqua,MODIS,60,61.03,304.9,10.7,D,0
4.4752,-70.8391,334.6,1.3,1.1,2023-01-27,1838,Aqua,MODIS,82,61.03,305.2,32.2,D,0
4.4739,-70.8326,329.3,1.3,1.1,2023-01-27,1838,Aqua,MODIS,76,61.03,303.3,22.1,D,0
4.4723,-70.8443,321.4,1.3,1.1,2023-01-27,1838,Aqua,MODIS,54,61.03,305.6,9,D,0
4.7823,-68.9036,320.5,1.8,1.3,2023-01-27,1838,Aqua,MODIS,52,61.03,304.3,16.4,D,0
4.6017,-70.4431,331.2,1.4,1.2,2023-01-27,1838,Aqua,MODIS,79,61.03,307.8,27.7,D,0
4.62,-70.4396,322.5,1.4,1.2,2023-01-27,1838,Aqua,MODIS,11,61.03,307.9,12.4,D,0
4.5173,-71.409,324,1.2,1.1,2023-01-27,1838,Aqua,MODIS,59,61.03,303,12.4,D,0
4.9454,-68.8322,318.9,1.9,1.3,2023-01-27,1838,Aqua,MODIS,51,61.03,302.7,12.9,D,0
4.9381,-68.8367,320.2,1.9,1.3,2023-01-27,1838,Aqua,MODIS,62,61.03,303.6,16,D,0
4.5856,-71.5014,326.5,1.2,1.1,2023-01-27,1838,Aqua,MODIS,73,61.03,303,18.3,D,0
4.2319,-74.066,342.8,1,1,2023-01-27,1838,Aqua,MODIS,91,61.03,299.9,44.7,D,0
4.2306,-74.0749,328.4,1,1,2023-01-27,1838,Aqua,MODIS,81,61.03,296.8,23.1,D,0
5.3695,-65.8991,313.4,3.2,1.7,2023-01-27,1838,Aqua,MODIS,50,61.03,296.3,26.3,D,0
5.3657,-65.9278,316.9,3.2,1.7,2023-01-27,1838,Aqua,MODIS,64,61.03,297.4,40,D,0
4.4989,-72.3923,324,1.1,1,2023-01-27,1838,Aqua,MODIS,65,61.03,309.4,12,D,0
4.0917,-75.3503,313.8,1,1,2023-01-27,1838,Aqua,MODIS,53,61.03,297.8,7.8,D,0
4.155,-74.9773,320.2,1,1,2023-01-27,1838,Aqua,MODIS,74,61.03,302.5,9.8,D,0
4.9672,-69.3962,326.9,1.7,1.3,2023-01-27,1838,Aqua,MODIS,75,61.03,306.5,29.5,D,0
4.3467,-74.3576,310.3,1,1,2023-01-27,1838,Aqua,MODIS,17,61.03,294.2,4.6,D,2
5.1078,-69.2018,322.6,1.8,1.3,2023-01-27,1838,Aqua,MODIS,59,61.03,304.3,18.3,D,0
5.1056,-69.2174,327.9,1.8,1.3,2023-01-27,1838,Aqua,MODIS,77,61.03,306.2,32.4,D,0
5.1194,-69.2034,323.9,1.8,1.3,2023-01-27,1838,Aqua,MODIS,71,61.03,305.8,21.6,D,0
5.1172,-69.2191,330.3,1.8,1.3,2023-01-27,1838,Aqua,MODIS,79,61.03,307.2,38.9,D,0
4.7528,-72.0369,322.3,1.1,1.1,2023-01-27,1838,Aqua,MODIS,67,61.03,305.9,10,D,0
4.7514,-72.047,333.8,1.1,1.1,2023-01-27,1838,Aqua,MODIS,83,61.03,307.5,27.5,D,0
4.9309,-70.9285,334.3,1.3,1.1,2023-01-27,1838,Aqua,MODIS,83,61.03,306.4,31.7,D,0
4.9292,-70.9403,322.2,1.3,1.1,2023-01-27,1838,Aqua,MODIS,21,61.03,303.7,10.3,D,0
4.8135,-71.7797,320.1,1.2,1.1,2023-01-27,1838,Aqua,MODIS,60,61.03,304.6,9.3,D,0
4.8525,-71.5694,322.3,1.2,1.1,2023-01-27,1838,Aqua,MODIS,51,61.03,305.6,11.7,D,0
5.1011,-69.8426,325.3,1.6,1.2,2023-01-27,1838,Aqua,MODIS,49,61.03,308.6,16.2,D,0
4.9561,-70.896,324.9,1.3,1.1,2023-01-27,1838,Aqua,MODIS,33,61.03,304,14.8,D,0
4.9545,-70.9078,348.1,1.3,1.1,2023-01-27,1838,Aqua,MODIS,93,61.03,308.9,68.4,D,0
4.9528,-70.9196,335.9,1.3,1.1,2023-01-27,1838,Aqua,MODIS,66,61.03,307.6,34.6,D,0
5.4314,-67.983,329.4,2.2,1.4,2023-01-27,1838,Aqua,MODIS,77,61.03,303.7,51.6,D,0
4.8949,-71.85,319.9,1.2,1.1,2023-01-27,1838,Aqua,MODIS,60,61.03,305.2,8.7,D,0
5.4292,-67.9879,327.5,2.2,1.4,2023-01-27,1838,Aqua,MODIS,78,61.03,303.1,45.2,D,0
5.2521,-70.3174,333.7,1.5,1.2,2023-01-27,1838,Aqua,MODIS,82,61.03,309,37,D,0
4.9854,-72.5878,323,1.1,1,2023-01-27,1838,Aqua,MODIS,73,61.03,307,12,D,0
4.9946,-72.5892,329.6,1.1,1,2023-01-27,1838,Aqua,MODIS,81,61.03,309,20.1,D,0
4.5403,-76.0655,321,1.1,1,2023-01-27,1838,Aqua,MODIS,61,61.03,306.2,8.2,D,0
5.1606,-71.9281,320.1,1.2,1.1,2023-01-27,1838,Aqua,MODIS,54,61.03,305,9.3,D,0
4.761,-74.8055,328.4,1,1,2023-01-27,1838,Aqua,MODIS,71,61.03,304.7,15.3,D,0
5.3346,-70.8153,322.1,1.4,1.2,2023-01-27,1838,Aqua,MODIS,56,61.03,303.8,13.8,D,0
5.3329,-70.8274,324.3,1.4,1.2,2023-01-27,1838,Aqua,MODIS,69,61.03,304,17.5,D,0
5.7118,-68.2245,336.5,2.1,1.4,2023-01-27,1838,Aqua,MODIS,86,61.03,299.4,85,D,0
5.7092,-68.2435,331.8,2.1,1.4,2023-01-27,1838,Aqua,MODIS,82,61.03,298.1,64.4,D,0
5.7245,-68.2262,327.6,2.1,1.4,2023-01-27,1838,Aqua,MODIS,73,61.03,299.1,45.6,D,0
5.4711,-70.1435,320.1,1.5,1.2,2023-01-27,1838,Aqua,MODIS,51,61.03,303.2,13.3,D,0
5.7541,-68.1963,322.9,2.2,1.4,2023-01-27,1838,Aqua,MODIS,37,61.03,298.4,27.1,D,0
4.8718,-74.736,322.2,1,1,2023-01-27,1838,Aqua,MODIS,72,61.03,305.4,10.2,D,0
5.3463,-71.746,324,1.2,1.1,2023-01-27,1838,Aqua,MODIS,70,61.03,306.6,14.1,D,0
5.3447,-71.7566,321.9,1.2,1.1,2023-01-27,1838,Aqua,MODIS,63,61.03,307.2,10.8,D,0
5.7042,-70.5163,324.1,1.4,1.2,2023-01-27,1838,Aqua,MODIS,40,61.03,309,16.4,D,0
5.8368,-69.6548,319.6,1.7,1.3,2023-01-27,1838,Aqua,MODIS,33,61.03,303.5,13.4,D,0
5.5323,-72.4882,313.3,1.1,1,2023-01-27,1838,Aqua,MODIS,19,61.03,300.8,6.3,D,0
5.9588,-69.5076,326.8,1.7,1.3,2023-01-27,1838,Aqua,MODIS,35,61.03,304.7,24.6,D,0
5.675,-71.7411,325.1,1.2,1.1,2023-01-27,1838,Aqua,MODIS,63,61.03,309.1,12.4,D,0
5.6848,-71.7424,337.4,1.2,1.1,2023-01-27,1838,Aqua,MODIS,87,61.03,309.9,33.2,D,0
5.9116,-70.4252,356,1.5,1.2,2023-01-27,1838,Aqua,MODIS,98,61.03,304.6,118.4,D,0
5.4651,-73.5538,309.8,1,1,2023-01-27,1838,Aqua,MODIS,34,61.03,299.5,5.1,D,0
5.9594,-70.1087,322,1.6,1.2,2023-01-27,1838,Aqua,MODIS,17,61.03,303,14.9,D,0
5.9177,-70.4194,354.1,1.5,1.2,2023-01-27,1838,Aqua,MODIS,97,61.03,305.4,108.3,D,0
5.9159,-70.4326,341.8,1.5,1.2,2023-01-27,1838,Aqua,MODIS,89,61.03,301.8,64.7,D,0
5.9302,-70.4077,328.6,1.5,1.2,2023-01-27,1838,Aqua,MODIS,73,61.03,304.3,28.5,D,0
5.9284,-70.4209,330.2,1.5,1.2,2023-01-27,1838,Aqua,MODIS,79,61.03,304.5,32.2,D,0
5.9409,-70.4092,339.4,1.5,1.2,2023-01-27,1838,Aqua,MODIS,87,61.03,306.1,55.3,D,0
5.7951,-71.6876,330.7,1.2,1.1,2023-01-27,1838,Aqua,MODIS,81,61.03,307.9,24,D,0
5.7936,-71.6984,320.7,1.2,1.1,2023-01-27,1838,Aqua,MODIS,62,61.03,306.1,8.3,D,0
5.6642,-72.6141,316.9,1.1,1,2023-01-27,1838,Aqua,MODIS,62,61.03,302.3,11.7,D,0
5.7307,-73.1802,316.2,1,1,2023-01-27,1838,Aqua,MODIS,66,61.03,301.6,8.4,D,0
5.9024,-72.3676,320.7,1.1,1.1,2023-01-27,1838,Aqua,MODIS,71,61.03,304.4,14.6,D,0
5.901,-72.3775,318.4,1.1,1.1,2023-01-27,1838,Aqua,MODIS,66,61.03,304.1,11.9,D,0
5.9375,-72.287,315.3,1.1,1.1,2023-01-27,1838,Aqua,MODIS,59,61.03,298.2,11.2,D,0
5.6663,-74.4639,323.9,1,1,2023-01-27,1838,Aqua,MODIS,78,61.03,300.3,14.1,D,0
5.9742,-72.437,329.3,1.1,1.1,2023-01-27,1838,Aqua,MODIS,81,61.03,299.8,28.2,D,0
5.6497,-75.2803,316.9,1,1,2023-01-27,1838,Aqua,MODIS,68,61.03,295.4,13.5,D,0
5.6484,-75.2896,326.9,1,1,2023-01-27,1838,Aqua,MODIS,81,61.03,300.5,23.1,D,0
5.7576,-74.8539,311.7,1,1,2023-01-27,1838,Aqua,MODIS,55,61.03,300.6,4.3,D,0
5.9061,-74.9095,311.7,1,1,2023-01-27,1838,Aqua,MODIS,55,61.03,299.2,5.9,D,0
5.8773,-75.3599,309.1,1,1,2023-01-27,1838,Aqua,MODIS,27,61.03,297.1,6.1,D,0
5.686,-76.6499,311.4,1.1,1.1,2023-01-27,1838,Aqua,MODIS,44,61.03,293.6,9.2,D,2
-20.624,-58.4747,303.5,1.6,1.2,2023-01-28,0157,Terra,MODIS,53,61.03,285.7,9.4,N,0
-20.687,-60.1893,306.6,2.2,1.4,2023-01-28,0157,Terra,MODIS,68,61.03,291.4,14.5,N,0
2.4582,-60.5621,306.2,1.1,1.1,2023-01-28,0203,Terra,MODIS,67,61.03,292.3,6.9,N,0
0.6632,-59.6485,303.1,1.1,1,2023-01-28,0203,Terra,MODIS,53,61.03,291.4,4.6,N,0
1.0404,-59.452,300.3,1,1,2023-01-28,0203,Terra,MODIS,25,61.03,286,3.7,N,0
1.3518,-60.0565,301.8,1.1,1,2023-01-28,0203,Terra,MODIS,44,61.03,291.7,4,N,0
2.1724,-60.7673,302.5,1.1,1.1,2023-01-28,0203,Terra,MODIS,50,61.03,291.9,4.8,N,0
2.3534,-60.4506,307.7,1.1,1,2023-01-28,0203,Terra,MODIS,72,61.03,292.3,7.8,N,0
2.2368,-61.5466,304.3,1.3,1.1,2023-01-28,0203,Terra,MODIS,60,61.03,291.8,7.3,N,0
2.4596,-60.5523,302.4,1.1,1.1,2023-01-28,0203,Terra,MODIS,49,61.03,292.1,4.3,N,0
4.1481,-59.8784,303,1,1,2023-01-28,0204,Terra,MODIS,19,61.03,292.5,3.9,N,0
4.1571,-59.8798,303.5,1,1,2023-01-28,0204,Terra,MODIS,42,61.03,292.7,4.2,N,0
4.7848,-65.5291,303.6,2.3,1.5,2023-01-28,0204,Terra,MODIS,30,61.03,291.6,17.6,N,0
3.0372,-60.8196,303.3,1.1,1.1,2023-01-28,0204,Terra,MODIS,54,61.03,292.6,4.7,N,0
5.5402,-69.0805,303.2,4.2,1.9,2023-01-28,0205,Terra,MODIS,54,61.03,292.7,39,N,0
5.5441,-69.0879,304.9,4.2,1.9,2023-01-28,0205,Terra,MODIS,62,61.03,292.4,50.4,N,0
-2.0026,-78.3313,307.6,1.5,1.2,2023-01-28,0341,Terra,MODIS,65,61.03,271.3,20.5,N,1
-2.0087,-78.3374,320.5,1.5,1.2,2023-01-28,0341,Terra,MODIS,68,61.03,270.8,37.5,N,1
-2.0048,-78.3464,303.8,1.5,1.2,2023-01-28,0341,Terra,MODIS,42,61.03,269.6,16.6,N,1
-18.256,-62.2311,301.2,1.5,1.2,2023-01-28,0524,Aqua,MODIS,32,61.03,276.8,9.4,N,0
-20.6832,-60.1991,309.4,1.1,1,2023-01-28,0525,Aqua,MODIS,74,61.03,293.6,7.7,N,0
-20.6849,-60.1888,316.7,1.1,1,2023-01-28,0525,Aqua,MODIS,93,61.03,294,14,N,0
-2.0027,-78.3334,369.8,1,1,2023-01-28,0658,Aqua,MODIS,100,61.03,285.2,122.6,N,1
-2.0013,-78.3425,335.5,1,1,2023-01-28,0658,Aqua,MODIS,100,61.03,273.3,41.9,N,1
5.6273,-57.5758,310,1.6,1.2,2023-01-28,1422,Terra,MODIS,66,61.03,293.4,12.1,D,0
5.5427,-61.4094,309.5,1,1,2023-01-28,1422,Terra,MODIS,64,61.03,296.3,4.9,D,0
5.2244,-61.4366,326.6,1,1,2023-01-28,1422,Terra,MODIS,83,61.03,300.2,17.2,D,0
5.2231,-61.4277,314.8,1,1,2023-01-28,1422,Terra,MODIS,59,61.03,299.5,5.7,D,0
5.1336,-60.8868,334.8,1,1,2023-01-28,1422,Terra,MODIS,88,61.03,294.9,33.4,D,0
5.1241,-60.8851,313.5,1,1,2023-01-28,1422,Terra,MODIS,65,61.03,294.9,9.5,D,0
4.8556,-60.9421,315.3,1,1,2023-01-28,1422,Terra,MODIS,54,61.03,295.9,8.4,D,0
4.8543,-60.9329,321.1,1,1,2023-01-28,1422,Terra,MODIS,76,61.03,295.9,14.4,D,0
4.7075,-60.1261,316.6,1.1,1.1,2023-01-28,1422,Terra,MODIS,71,61.03,299.4,8.1,D,0
4.7636,-61.3787,312.1,1,1,2023-01-28,1422,Terra,MODIS,58,61.03,294.1,8.1,D,0
5.9421,-70.3886,318,3.3,1.7,2023-01-28,1422,Terra,MODIS,68,61.03,296.8,53.3,D,0
5.9307,-70.4194,315.3,3.3,1.7,2023-01-28,1422,Terra,MODIS,56,61.03,296.8,42.8,D,0
5.3123,-66.0255,313,1.5,1.2,2023-01-28,1422,Terra,MODIS,50,61.03,298.9,7.2,D,0
5.3106,-66.0127,313.4,1.4,1.2,2023-01-28,1422,Terra,MODIS,42,61.03,299.7,7.4,D,0
5.9332,-70.4263,316.1,3.3,1.7,2023-01-28,1422,Terra,MODIS,32,61.03,296.6,45.3,D,0
5.3163,-66.0189,314.7,1.4,1.2,2023-01-28,1422,Terra,MODIS,36,61.03,299.9,9.1,D,0
4.5585,-61.1156,310.1,1,1,2023-01-28,1422,Terra,MODIS,51,61.03,297,5.5,D,0
4.5571,-61.1065,317.4,1,1,2023-01-28,1422,Terra,MODIS,71,61.03,295.3,11.5,D,0
4.423,-60.2662,316.2,1.1,1.1,2023-01-28,1422,Terra,MODIS,70,61.03,299.4,6.9,D,0
4.4215,-60.2562,314.1,1.1,1.1,2023-01-28,1422,Terra,MODIS,62,61.03,298.6,5.2,D,0
4.4065,-60.3938,327.4,1.1,1,2023-01-28,1422,Terra,MODIS,82,61.03,300.6,19.8,D,0
5.4518,-67.9764,321.3,2.1,1.4,2023-01-28,1422,Terra,MODIS,74,61.03,301.3,26.6,D,0
4.2087,-59.7386,311.3,1.2,1.1,2023-01-28,1422,Terra,MODIS,46,61.03,294,6.1,D,0
4.2132,-60.2882,317,1.1,1.1,2023-01-28,1422,Terra,MODIS,70,61.03,299.5,8,D,0
5.2735,-68.0126,319.3,2.1,1.4,2023-01-28,1422,Terra,MODIS,67,61.03,302,23.9,D,0
3.9572,-59.1424,312.8,1.3,1.1,2023-01-28,1422,Terra,MODIS,63,61.03,295.6,9.4,D,0
4.0976,-60.496,319,1.1,1,2023-01-28,1422,Terra,MODIS,69,61.03,301.3,7.2,D,0
3.9769,-59.8163,317.2,1.2,1.1,2023-01-28,1422,Terra,MODIS,68,61.03,298.4,8.4,D,0
3.9753,-59.8058,319.6,1.2,1.1,2023-01-28,1422,Terra,MODIS,72,61.03,298.6,11,D,0
3.8852,-59.3501,314.8,1.3,1.1,2023-01-28,1422,Terra,MODIS,49,61.03,296.9,7.5,D,0
4.7614,-65.5034,314.6,1.3,1.1,2023-01-28,1422,Terra,MODIS,67,61.03,296.8,10.5,D,0
3.9978,-60.317,325,1.1,1.1,2023-01-28,1422,Terra,MODIS,77,61.03,300.2,16,D,0
3.9964,-60.3071,323.7,1.1,1.1,2023-01-28,1422,Terra,MODIS,76,61.03,299.8,14.1,D,0
3.9742,-60.3506,319.1,1.1,1.1,2023-01-28,1422,Terra,MODIS,47,61.03,300.5,6.8,D,0
3.9649,-60.3519,319.5,1.1,1.1,2023-01-28,1422,Terra,MODIS,55,61.03,300.1,7.1,D,0
3.8293,-59.6662,319.8,1.2,1.1,2023-01-28,1422,Terra,MODIS,71,61.03,300.7,9.8,D,0
3.8278,-59.6555,319.5,1.2,1.1,2023-01-28,1422,Terra,MODIS,65,61.03,299.8,9.6,D,0
3.8196,-59.6676,344.7,1.2,1.1,2023-01-28,1422,Terra,MODIS,92,61.03,301.3,55.1,D,0
5.1355,-69.2192,322.1,2.5,1.5,2023-01-28,1422,Terra,MODIS,33,61.03,301.9,41.1,D,0
4.0165,-61.2569,314.9,1,1,2023-01-28,1422,Terra,MODIS,61,61.03,298,5.7,D,0
3.9408,-60.7461,327,1.1,1,2023-01-28,1422,Terra,MODIS,79,61.03,300.9,16.8,D,0
5.1281,-69.2263,327.1,2.5,1.5,2023-01-28,1422,Terra,MODIS,48,61.03,302.4,57.3,D,0
5.1249,-69.2038,326.3,2.5,1.5,2023-01-28,1422,Terra,MODIS,34,61.03,303.1,53.8,D,0
3.8275,-60.2831,321.6,1.1,1.1,2023-01-28,1422,Terra,MODIS,72,61.03,301.1,11.5,D,0
3.762,-60.3998,317.3,1.1,1.1,2023-01-28,1422,Terra,MODIS,65,61.03,299.8,7.4,D,0
5.1082,-69.8418,314.6,2.9,1.6,2023-01-28,1422,Terra,MODIS,62,61.03,301.4,24.9,D,0
3.6537,-59.7257,322.5,1.2,1.1,2023-01-28,1422,Terra,MODIS,75,61.03,300.8,13.1,D,0
4.9261,-68.8201,315.8,2.3,1.5,2023-01-28,1422,Terra,MODIS,50,61.03,301.2,22,D,0
3.6636,-59.9923,318.6,1.2,1.1,2023-01-28,1422,Terra,MODIS,38,61.03,299.7,7.8,D,0
3.662,-59.982,349,1.2,1.1,2023-01-28,1422,Terra,MODIS,95,61.03,301.8,63.3,D,0
4.913,-68.8219,316.6,2.3,1.5,2023-01-28,1422,Terra,MODIS,45,61.03,301.8,24.3,D,0
3.6525,-59.9834,322.3,1.2,1.1,2023-01-28,1422,Terra,MODIS,74,61.03,300.1,12.5,D,0
3.7401,-60.6999,322.7,1.1,1,2023-01-28,1422,Terra,MODIS,48,61.03,300.5,11,D,0
3.7323,-60.7108,321.5,1.1,1,2023-01-28,1422,Terra,MODIS,62,61.03,299.9,9.8,D,0
3.7309,-60.7012,324.3,1.1,1,2023-01-28,1422,Terra,MODIS,67,61.03,300,12.8,D,0
3.5238,-59.8047,347.7,1.2,1.1,2023-01-28,1422,Terra,MODIS,94,61.03,299.8,64.7,D,0
3.5222,-59.7941,318.5,1.2,1.1,2023-01-28,1422,Terra,MODIS,66,61.03,299.1,9.4,D,0
3.6275,-60.8062,318.2,1.1,1,2023-01-28,1422,Terra,MODIS,68,61.03,299.7,7.3,D,0
3.5264,-60.1811,321.3,1.2,1.1,2023-01-28,1422,Terra,MODIS,73,61.03,299.6,10.7,D,0
3.5249,-60.171,322,1.2,1.1,2023-01-28,1422,Terra,MODIS,74,61.03,299.9,11.9,D,0
3.6245,-60.9128,316.5,1.1,1,2023-01-28,1422,Terra,MODIS,60,61.03,300.1,6,D,0
4.9631,-70.9171,313.6,3.5,1.8,2023-01-28,1422,Terra,MODIS,54,61.03,298.5,37.4,D,0
4.9592,-70.8866,313.2,3.4,1.7,2023-01-28,1422,Terra,MODIS,57,61.03,298.2,32.7,D,0
4.9633,-70.892,316.9,3.4,1.7,2023-01-28,1422,Terra,MODIS,67,61.03,298.2,52.8,D,0
3.4058,-60.4858,319.3,1.1,1.1,2023-01-28,1422,Terra,MODIS,71,61.03,300.6,9.2,D,0
3.3106,-60.0997,319.8,1.2,1.1,2023-01-28,1422,Terra,MODIS,72,61.03,298.1,11.8,D,0
3.1653,-60.299,321.9,1.1,1.1,2023-01-28,1422,Terra,MODIS,74,61.03,298.7,12.8,D,0
3.2385,-61.0502,315.5,1.1,1,2023-01-28,1422,Terra,MODIS,26,61.03,298.2,6.3,D,0
2.9301,-59.1884,337.6,1.3,1.1,2023-01-28,1422,Terra,MODIS,89,61.03,297.9,49.4,D,0
2.9284,-59.1765,316.8,1.3,1.1,2023-01-28,1422,Terra,MODIS,70,61.03,296.1,11.4,D,0
2.8982,-59.2525,317.4,1.3,1.1,2023-01-28,1422,Terra,MODIS,71,61.03,297.6,10,D,0
3.0869,-60.778,337.5,1.1,1,2023-01-28,1422,Terra,MODIS,88,61.03,298.8,34.4,D,0
3.0148,-60.3331,315.9,1.1,1.1,2023-01-28,1422,Terra,MODIS,53,61.03,298.9,7.1,D,0
3.006,-60.2724,316.2,1.2,1.1,2023-01-28,1422,Terra,MODIS,55,61.03,296.6,9.2,D,0
3.0045,-60.2622,317.2,1.2,1.1,2023-01-28,1422,Terra,MODIS,63,61.03,297,10.5,D,0
4.2153,-70.9788,312.8,3.4,1.7,2023-01-28,1422,Terra,MODIS,62,61.03,298.2,31.4,D,0
2.6092,-59.9224,320.7,1.2,1.1,2023-01-28,1422,Terra,MODIS,44,61.03,300.2,10.5,D,0
2.5979,-59.913,321.8,1.2,1.1,2023-01-28,1423,Terra,MODIS,74,61.03,300,12.4,D,0
2.5332,-59.4827,342.3,1.3,1.1,2023-01-28,1423,Terra,MODIS,92,61.03,298,56.7,D,0
2.5315,-59.4713,329,1.3,1.1,2023-01-28,1423,Terra,MODIS,83,61.03,297.5,27.6,D,0
2.3674,-59.888,315.8,1.2,1.1,2023-01-28,1423,Terra,MODIS,71,61.03,296.1,9.3,D,0
2.4709,-60.9779,311.9,1.1,1,2023-01-28,1423,Terra,MODIS,48,61.03,295.6,7,D,0
3.889,-72.728,322.1,4.6,2,2023-01-28,1423,Terra,MODIS,77,61.03,296.9,125.9,D,0
3.8716,-72.7306,326.8,4.6,2,2023-01-28,1423,Terra,MODIS,81,61.03,295.9,168.4,D,0
3.8885,-72.7358,322.4,4.6,2,2023-01-28,1423,Terra,MODIS,58,61.03,297.1,116.1,D,0
3.871,-72.7382,321.9,4.6,2,2023-01-28,1423,Terra,MODIS,59,61.03,295.9,113.3,D,0
2.1782,-61.3042,319.9,1.1,1,2023-01-28,1423,Terra,MODIS,75,61.03,297.8,13.9,D,0
2.1769,-61.2949,310.5,1.1,1,2023-01-28,1423,Terra,MODIS,53,61.03,295.9,5.1,D,0
2.025,-61.0818,315.1,1.1,1,2023-01-28,1423,Terra,MODIS,36,61.03,300.8,8.6,D,0
3.4226,-72.5006,310.3,4.4,1.9,2023-01-28,1423,Terra,MODIS,58,61.03,295.6,36.8,D,0
1.3485,-60.0569,310.4,1.2,1.1,2023-01-28,1423,Terra,MODIS,62,61.03,295.4,8.2,D,0
1.4009,-60.6438,311.8,1.1,1.1,2023-01-28,1423,Terra,MODIS,63,61.03,296.1,7.2,D,0
1.2715,-60.7196,312.4,1.1,1.1,2023-01-28,1423,Terra,MODIS,62,61.03,297.9,7.4,D,0
1.0392,-59.6249,311.2,1.3,1.1,2023-01-28,1423,Terra,MODIS,64,61.03,294.1,9,D,0
0.7566,-60.2836,309.3,1.2,1.1,2023-01-28,1423,Terra,MODIS,55,61.03,294.5,6,D,0
0.6631,-59.6429,310.8,1.3,1.1,2023-01-28,1423,Terra,MODIS,63,61.03,295.3,8.2,D,0
-13.721,-66.5286,320.6,1,1,2023-01-28,1427,Terra,MODIS,0,61.03,270.7,17.3,D,0
-18.0318,-61.7164,306.3,1.8,1.3,2023-01-28,1428,Terra,MODIS,52,61.03,282.8,10.8,D,0
-20.7557,-61.4277,321.4,2,1.4,2023-01-28,1429,Terra,MODIS,76,61.03,287.1,28.5,D,0
-20.0376,-51.0717,324.2,1.3,1.1,2023-01-28,1735,Aqua,MODIS,53,61.03,301.5,16.3,D,0
-20.5851,-54.9409,328.4,1,1,2023-01-28,1735,Aqua,MODIS,80,61.03,301.5,17.4,D,0
-18.1036,-62.6571,321.9,2.5,1.5,2023-01-28,1736,Aqua,MODIS,78,61.03,290,42.5,D,0
-18.1062,-62.6808,318.1,2.5,1.5,2023-01-28,1736,Aqua,MODIS,62,61.03,289.3,30,D,0
-13.5937,-66.0426,310.6,3.9,1.8,2023-01-28,1737,Aqua,MODIS,40,61.03,282.5,40.5,D,0
-10.323,-59.1933,312,1.1,1.1,2023-01-28,1738,Aqua,MODIS,63,61.03,295.5,8.1,D,0
0.0706,-60.5397,340.5,1.1,1,2023-01-28,1741,Aqua,MODIS,79,61.03,289.4,37.7,D,0
0.2194,-60.526,328.3,1,1,2023-01-28,1741,Aqua,MODIS,82,61.03,291.1,21.4,D,0
-0.3456,-65.4208,315.6,2.2,1.4,2023-01-28,1741,Aqua,MODIS,40,61.03,291.5,26.1,D,0
-0.3441,-65.4063,317.2,2.2,1.4,2023-01-28,1741,Aqua,MODIS,0,61.03,291.8,33.7,D,0
0.5685,-59.6361,314.9,1,1,2023-01-28,1741,Aqua,MODIS,44,61.03,290.6,6.2,D,0
0.5791,-59.635,318.5,1,1,2023-01-28,1741,Aqua,MODIS,71,61.03,293.4,10.2,D,0
0.5779,-59.6439,313.7,1,1,2023-01-28,1741,Aqua,MODIS,61,61.03,292.6,6,D,0
0.6111,-59.6669,317.2,1,1,2023-01-28,1741,Aqua,MODIS,53,61.03,295.3,8.1,D,0
0.6213,-59.6592,362.3,1,1,2023-01-28,1741,Aqua,MODIS,100,61.03,296,85.1,D,0
0.62,-59.6682,340.7,1,1,2023-01-28,1741,Aqua,MODIS,90,61.03,293.6,36.9,D,0
0.6109,-59.8582,372.1,1,1,2023-01-28,1741,Aqua,MODIS,100,61.03,296.4,116.8,D,0
0.6096,-59.8671,343.3,1,1,2023-01-28,1741,Aqua,MODIS,80,61.03,289.6,41.5,D,0
0.6198,-59.8595,373.9,1,1,2023-01-28,1741,Aqua,MODIS,100,61.03,296.7,123.2,D,0
0.6885,-59.5114,347.4,1,1,2023-01-28,1741,Aqua,MODIS,94,61.03,296.3,48.4,D,0
0.6873,-59.5203,356,1,1,2023-01-28,1741,Aqua,MODIS,98,61.03,297.8,67.3,D,0
0.6783,-59.5825,315.1,1,1,2023-01-28,1741,Aqua,MODIS,28,61.03,292.7,7.1,D,0
0.6975,-59.5127,317.8,1,1,2023-01-28,1741,Aqua,MODIS,67,61.03,294.3,8.4,D,0
0.6962,-59.5216,324.6,1,1,2023-01-28,1741,Aqua,MODIS,78,61.03,296.1,14.9,D,0
0.6132,-60.1583,335.5,1,1,2023-01-28,1741,Aqua,MODIS,87,61.03,293.1,29.8,D,0
0.7089,-59.5597,327.2,1,1,2023-01-28,1741,Aqua,MODIS,80,61.03,295.6,18.3,D,0
0.7076,-59.5686,333.9,1,1,2023-01-28,1741,Aqua,MODIS,86,61.03,294.6,27.4,D,0
0.7422,-59.4557,318.8,1,1,2023-01-28,1741,Aqua,MODIS,59,61.03,296,9.7,D,0
0.6363,-60.1894,320.3,1,1,2023-01-28,1741,Aqua,MODIS,63,61.03,297.1,10.4,D,0
0.7139,-59.7149,317.7,1,1,2023-01-28,1741,Aqua,MODIS,36,61.03,296.7,8.6,D,0
0.7126,-59.7238,315.8,1,1,2023-01-28,1741,Aqua,MODIS,15,61.03,296.9,6.8,D,0
0.6531,-60.1364,321.1,1,1,2023-01-28,1741,Aqua,MODIS,73,61.03,295.3,12.2,D,0
0.6518,-60.1455,329.4,1,1,2023-01-28,1741,Aqua,MODIS,82,61.03,293.5,22.4,D,0
0.7087,-59.8143,331.1,1,1,2023-01-28,1741,Aqua,MODIS,84,61.03,294,22.3,D,0
0.6711,-60.2038,332.5,1,1,2023-01-28,1741,Aqua,MODIS,85,61.03,295.4,25.4,D,0
0.6593,-60.2855,375.3,1,1,2023-01-28,1741,Aqua,MODIS,100,61.03,299.1,132.2,D,0
0.658,-60.2947,352.9,1,1,2023-01-28,1741,Aqua,MODIS,96,61.03,299.5,63.6,D,0
0.8002,-59.3801,314.9,1,1,2023-01-28,1741,Aqua,MODIS,61,61.03,293.8,7.7,D,0
0.7963,-59.5336,320.3,1,1,2023-01-28,1741,Aqua,MODIS,72,61.03,297.4,10.5,D,0
0.7525,-59.8363,315.5,1,1,2023-01-28,1741,Aqua,MODIS,45,61.03,294,7.9,D,0
0.7512,-59.8452,321.6,1,1,2023-01-28,1741,Aqua,MODIS,64,61.03,295.8,13.9,D,0
0.7795,-59.7127,315.9,1,1,2023-01-28,1741,Aqua,MODIS,47,61.03,295.7,6.1,D,0
0.764,-59.8197,337.2,1,1,2023-01-28,1741,Aqua,MODIS,88,61.03,296.2,32.7,D,0
0.6455,-60.6377,321.9,1,1,2023-01-28,1741,Aqua,MODIS,71,61.03,294.6,14.1,D,0
0.7872,-59.7229,325.4,1,1,2023-01-28,1741,Aqua,MODIS,76,61.03,297.2,15.7,D,0
0.773,-59.821,343.8,1,1,2023-01-28,1741,Aqua,MODIS,92,61.03,296.2,43.8,D,0
0.7367,-60.0721,329.7,1,1,2023-01-28,1741,Aqua,MODIS,82,61.03,296.6,21.9,D,0
0.7158,-60.2167,338.7,1,1,2023-01-28,1741,Aqua,MODIS,89,61.03,294.9,34.6,D,0
0.7145,-60.2257,372.9,1,1,2023-01-28,1741,Aqua,MODIS,100,61.03,299.8,122.2,D,0
0.6587,-60.6111,322.3,1,1,2023-01-28,1741,Aqua,MODIS,39,61.03,296.4,13.1,D,0
0.7496,-60.0464,318.4,1,1,2023-01-28,1741,Aqua,MODIS,69,61.03,296.6,9.6,D,0
0.7457,-60.0734,316.6,1,1,2023-01-28,1741,Aqua,MODIS,65,61.03,296.9,8,D,0
0.7248,-60.218,316.6,1,1,2023-01-28,1741,Aqua,MODIS,51,61.03,296.3,7.4,D,0
0.6839,-60.5014,322,1,1,2023-01-28,1741,Aqua,MODIS,69,61.03,287.5,12.1,D,0
0.7547,-60.0747,346.4,1,1,2023-01-28,1741,Aqua,MODIS,93,61.03,297.3,48.4,D,0
0.7534,-60.0837,343.6,1,1,2023-01-28,1741,Aqua,MODIS,92,61.03,297.9,42.6,D,0
0.7325,-60.2284,317.9,1,1,2023-01-28,1741,Aqua,MODIS,38,61.03,298,8.4,D,0
0.6929,-60.5027,341.1,1,1,2023-01-28,1741,Aqua,MODIS,85,61.03,290.2,38.6,D,0
0.6836,-60.5674,347.6,1,1,2023-01-28,1741,Aqua,MODIS,94,61.03,296.7,53.1,D,0
0.7986,-59.8339,320.7,1,1,2023-01-28,1741,Aqua,MODIS,49,61.03,296,11.1,D,0
0.7973,-59.8428,327.7,1,1,2023-01-28,1741,Aqua,MODIS,81,61.03,294.4,18.8,D,0
0.7598,-60.103,375.5,1,1,2023-01-28,1741,Aqua,MODIS,100,61.03,299.3,129.8,D,0
0.7585,-60.112,436.1,1,1,2023-01-28,1741,Aqua,MODIS,100,61.03,307.5,553.2,D,0
0.6927,-60.5687,340.2,1,1,2023-01-28,1741,Aqua,MODIS,90,61.03,292.3,37.6,D,0
0.6914,-60.578,324.1,1,1,2023-01-28,1741,Aqua,MODIS,73,61.03,293.5,14.5,D,0
0.8075,-59.8352,326.5,1,1,2023-01-28,1741,Aqua,MODIS,79,61.03,295.6,17.4,D,0
0.8062,-59.8441,323.2,1,1,2023-01-28,1741,Aqua,MODIS,71,61.03,295.2,13.7,D,0
0.7688,-60.1043,357.7,1,1,2023-01-28,1741,Aqua,MODIS,99,61.03,300.6,72.9,D,0
0.7675,-60.1133,403.3,1,1,2023-01-28,1741,Aqua,MODIS,100,61.03,304.2,272,D,0
0.7662,-60.1224,316.5,1,1,2023-01-28,1741,Aqua,MODIS,39,61.03,297.2,7.2,D,0
0.8255,-59.774,322.6,1,1,2023-01-28,1741,Aqua,MODIS,75,61.03,295.7,12.7,D,0
0.8242,-59.7829,392.4,1,1,2023-01-28,1741,Aqua,MODIS,100,61.03,300.4,205.2,D,0
0.7804,-60.0876,318.2,1,1,2023-01-28,1741,Aqua,MODIS,66,61.03,297.1,8.7,D,0
0.7606,-60.2846,324.9,1,1,2023-01-28,1741,Aqua,MODIS,78,61.03,296.6,16.6,D,0
0.7723,-60.2677,330,1,1,2023-01-28,1741,Aqua,MODIS,83,61.03,298.7,21.3,D,0
0.8151,-60.1629,316.1,1,1,2023-01-28,1741,Aqua,MODIS,64,61.03,297.6,7.2,D,0
0.8138,-60.1719,318.6,1,1,2023-01-28,1741,Aqua,MODIS,69,61.03,296.8,9.7,D,0
0.8125,-60.1809,363.9,1,1,2023-01-28,1741,Aqua,MODIS,100,61.03,297.8,92.9,D,0
0.8112,-60.19,328,1,1,2023-01-28,1741,Aqua,MODIS,81,61.03,296.7,19.9,D,0
0.9349,-59.5231,354.9,1,1,2023-01-28,1741,Aqua,MODIS,97,61.03,293.9,66.9,D,0
0.9336,-59.532,320.6,1,1,2023-01-28,1741,Aqua,MODIS,65,61.03,293,11.8,D,0
2.638,-59.7237,322.8,1,1,2023-01-28,1741,Aqua,MODIS,54,61.03,296.6,12,D,0
2.3999,-61.6294,340.6,1.1,1,2023-01-28,1741,Aqua,MODIS,91,61.03,294.2,44.1,D,0
2.5,-60.9881,316.7,1,1,2023-01-28,1741,Aqua,MODIS,36,61.03,298,8.6,D,0
2.927,-59.1863,325.2,1,1,2023-01-28,1741,Aqua,MODIS,66,61.03,300,13.5,D,0
2.936,-59.1876,331,1,1,2023-01-28,1741,Aqua,MODIS,81,61.03,297.3,20.2,D,0
2.9347,-59.1966,327.5,1,1,2023-01-28,1741,Aqua,MODIS,73,61.03,300.8,15.9,D,0
2.7308,-60.7336,323.3,1,1,2023-01-28,1741,Aqua,MODIS,44,61.03,301,9.4,D,0
2.7398,-60.7349,374.5,1,1,2023-01-28,1741,Aqua,MODIS,100,61.03,306,122.5,D,0
2.7385,-60.744,346.6,1,1,2023-01-28,1741,Aqua,MODIS,93,61.03,303,43.8,D,0
2.8325,-60.6714,326.2,1,1,2023-01-28,1741,Aqua,MODIS,14,61.03,304.6,10.8,D,0
2.9079,-60.342,322.8,1,1,2023-01-28,1741,Aqua,MODIS,59,61.03,297.7,12,D,0
2.9168,-60.3433,324.4,1,1,2023-01-28,1741,Aqua,MODIS,72,61.03,298.3,13,D,0
3.0007,-60.2699,324.2,1,1,2023-01-28,1741,Aqua,MODIS,40,61.03,304,10.6,D,0
3.3474,-60.1662,324.3,1,1,2023-01-28,1741,Aqua,MODIS,73,61.03,301,7.6,D,0
3.3461,-60.1751,320,1,1,2023-01-28,1741,Aqua,MODIS,38,61.03,300.3,3.5,D,0
3.3836,-60.3593,326.8,1,1,2023-01-28,1741,Aqua,MODIS,28,61.03,305.7,9.9,D,0
3.3823,-60.3683,336.2,1,1,2023-01-28,1741,Aqua,MODIS,85,61.03,305,23,D,0
3.4837,-59.7923,325.5,1,1,2023-01-28,1741,Aqua,MODIS,53,61.03,300.6,10.4,D,0
3.3898,-60.5065,324.5,1,1,2023-01-28,1741,Aqua,MODIS,16,61.03,301.1,10.2,D,0
3.5289,-59.8055,330.4,1,1,2023-01-28,1741,Aqua,MODIS,66,61.03,302.7,14.3,D,0
3.6213,-59.2898,318.2,1,1,2023-01-28,1741,Aqua,MODIS,42,61.03,296.6,8.2,D,0
0.9438,-59.5244,349.5,1,1,2023-01-28,1741,Aqua,MODIS,95,61.03,294.1,54.2,D,0
0.9223,-59.8093,321.7,1,1,2023-01-28,1741,Aqua,MODIS,74,61.03,296.5,12.4,D,0
0.921,-59.8182,324.9,1,1,2023-01-28,1741,Aqua,MODIS,78,61.03,296.6,15.6,D,0
0.9711,-59.5348,343.2,1,1,2023-01-28,1741,Aqua,MODIS,92,61.03,295.1,41.6,D,0
0.9698,-59.5437,347.8,1,1,2023-01-28,1741,Aqua,MODIS,94,61.03,296.3,51.1,D,0
0.9131,-59.9357,317,1,1,2023-01-28,1741,Aqua,MODIS,66,61.03,297.5,8.4,D,0
0.8661,-60.2599,381.6,1,1,2023-01-28,1741,Aqua,MODIS,100,61.03,298.8,157.1,D,0
0.8647,-60.269,377.5,1,1,2023-01-28,1741,Aqua,MODIS,94,61.03,296.3,140,D,0
0.989,-59.474,318.7,1,1,2023-01-28,1741,Aqua,MODIS,34,61.03,288.6,8.7,D,0
0.8751,-60.2612,419.6,1,1,2023-01-28,1741,Aqua,MODIS,100,61.03,301.4,396.6,D,0
0.8738,-60.2703,413.3,1,1,2023-01-28,1741,Aqua,MODIS,94,61.03,301.7,345,D,0
0.9595,-59.7419,330.3,1,1,2023-01-28,1741,Aqua,MODIS,83,61.03,294.2,23.5,D,0
0.8609,-60.6148,314.7,1,1,2023-01-28,1741,Aqua,MODIS,43,61.03,297.2,6.9,D,0
0.911,-60.3314,322.6,1,1,2023-01-28,1741,Aqua,MODIS,75,61.03,298.1,12.5,D,0
0.9097,-60.3405,315.8,1,1,2023-01-28,1741,Aqua,MODIS,53,61.03,298.5,6.1,D,0
0.981,-59.909,318.2,1,1,2023-01-28,1741,Aqua,MODIS,69,61.03,297.9,9.6,D,0
1.0433,-59.6054,354.4,1,1,2023-01-28,1741,Aqua,MODIS,92,61.03,293.4,65.6,D,0
0.9839,-60.0157,329.3,1,1,2023-01-28,1741,Aqua,MODIS,82,61.03,297.4,20.7,D,0
0.9826,-60.0247,332.4,1,1,2023-01-28,1741,Aqua,MODIS,85,61.03,296.9,24.8,D,0
1.0523,-59.6067,352.5,1,1,2023-01-28,1741,Aqua,MODIS,84,61.03,285.4,61.4,D,0
1.024,-59.8024,331.9,1,1,2023-01-28,1741,Aqua,MODIS,84,61.03,294.4,25.7,D,0
1.02,-59.893,331.7,1,1,2023-01-28,1741,Aqua,MODIS,84,61.03,299.1,24.5,D,0
1.0187,-59.9019,322.9,1,1,2023-01-28,1741,Aqua,MODIS,76,61.03,297.6,13.4,D,0
1.0727,-59.5915,381.7,1,1,2023-01-28,1741,Aqua,MODIS,94,61.03,291.7,154.4,D,0
1.0714,-59.6004,373.2,1,1,2023-01-28,1741,Aqua,MODIS,87,61.03,293.5,120.5,D,0
1.0495,-59.8153,332.7,1,1,2023-01-28,1741,Aqua,MODIS,85,61.03,296.4,25.8,D,0
1.0482,-59.8242,325.5,1,1,2023-01-28,1741,Aqua,MODIS,79,61.03,297.6,16.8,D,0
1.0507,-59.8701,316,1,1,2023-01-28,1741,Aqua,MODIS,65,61.03,296.7,7.1,D,0
1.043,-59.9237,324.4,1,1,2023-01-28,1741,Aqua,MODIS,77,61.03,296.3,15.8,D,0
1.0417,-59.9327,326.2,1,1,2023-01-28,1741,Aqua,MODIS,79,61.03,296.5,17.7,D,0
1.1059,-59.551,321.5,1,1,2023-01-28,1741,Aqua,MODIS,74,61.03,294.3,13.1,D,0
1.0969,-59.6767,324.8,1,1,2023-01-28,1741,Aqua,MODIS,78,61.03,294.1,17.4,D,0
1.0956,-59.6856,325.9,1,1,2023-01-28,1741,Aqua,MODIS,79,61.03,294.2,19.1,D,0
1.0377,-60.0877,314.1,1,1,2023-01-28,1741,Aqua,MODIS,57,61.03,297.1,5.5,D,0
1.111,-59.6424,386.4,1,1,2023-01-28,1741,Aqua,MODIS,100,61.03,299.8,175.8,D,0
1.1097,-59.6513,369.9,1,1,2023-01-28,1741,Aqua,MODIS,100,61.03,298.6,110.2,D,0
1.0659,-60.0891,322.9,1,1,2023-01-28,1741,Aqua,MODIS,76,61.03,298.7,13.8,D,0
0.9983,-60.5527,314.7,1,1,2023-01-28,1741,Aqua,MODIS,55,61.03,293.3,6.9,D,0
1.0087,-60.5448,328.3,1,1,2023-01-28,1741,Aqua,MODIS,81,61.03,295.9,20.9,D,0
1.0074,-60.554,343.2,1,1,2023-01-28,1741,Aqua,MODIS,92,61.03,296.5,44.8,D,0
1.1032,-60.0212,328.3,1,1,2023-01-28,1741,Aqua,MODIS,81,61.03,297.7,20.7,D,0
1.1019,-60.0302,316.3,1,1,2023-01-28,1741,Aqua,MODIS,66,61.03,296.3,7.8,D,0
1.0636,-60.4217,321.7,1,1,2023-01-28,1741,Aqua,MODIS,74,61.03,297.1,11.6,D,0
1.0623,-60.4308,320.3,1,1,2023-01-28,1741,Aqua,MODIS,72,61.03,298.3,10.3,D,0
1.1313,-60.0803,320.2,1,1,2023-01-28,1741,Aqua,MODIS,72,61.03,296.3,10.9,D,0
1.1012,-60.4178,316.4,1,1,2023-01-28,1741,Aqua,MODIS,66,61.03,296.1,7.9,D,0
1.1339,-60.5686,353.9,1,1,2023-01-28,1741,Aqua,MODIS,97,61.03,293.3,67.7,D,0
1.2684,-60.3428,327.6,1,1,2023-01-28,1741,Aqua,MODIS,81,61.03,298.9,18.9,D,0
1.3464,-60.0561,313.9,1,1,2023-01-28,1741,Aqua,MODIS,61,61.03,296.9,7,D,0
1.2746,-60.6766,316.7,1,1,2023-01-28,1741,Aqua,MODIS,62,61.03,298.8,8.5,D,0
1.2678,-60.723,324.9,1,1,2023-01-28,1741,Aqua,MODIS,78,61.03,301.1,16.3,D,0
1.3177,-60.6357,321.9,1,1,2023-01-28,1741,Aqua,MODIS,74,61.03,297.2,14,D,0
1.3163,-60.645,338.1,1,1,2023-01-28,1741,Aqua,MODIS,89,61.03,297.4,36.1,D,0
1.3766,-60.355,325.5,1,1,2023-01-28,1741,Aqua,MODIS,79,61.03,297.5,16.8,D,0
1.333,-60.7229,315,1,1,2023-01-28,1741,Aqua,MODIS,39,61.03,298.4,6.8,D,0
1.5479,-60.2537,314.3,1,1,2023-01-28,1741,Aqua,MODIS,61,61.03,295,6.8,D,0
1.5746,-60.6449,313.4,1,1,2023-01-28,1741,Aqua,MODIS,56,61.03,296.3,6.4,D,0
1.6555,-60.3403,317.3,1,1,2023-01-28,1741,Aqua,MODIS,69,61.03,296.7,9.1,D,0
1.6542,-60.3494,314.3,1,1,2023-01-28,1741,Aqua,MODIS,63,61.03,295.5,6.5,D,0
1.6047,-60.9393,320.4,1.1,1,2023-01-28,1741,Aqua,MODIS,74,61.03,297.5,12.2,D,0
1.711,-60.3356,323.7,1,1,2023-01-28,1741,Aqua,MODIS,78,61.03,297,14.8,D,0
1.7273,-60.5419,313.1,1,1,2023-01-28,1741,Aqua,MODIS,49,61.03,296.7,6.2,D,0
1.8121,-60.4678,354.7,1,1,2023-01-28,1741,Aqua,MODIS,97,61.03,298.3,68.5,D,0
1.8508,-60.4514,320.2,1,1,2023-01-28,1741,Aqua,MODIS,68,61.03,297.7,10.8,D,0
1.8495,-60.4605,389.8,1,1,2023-01-28,1741,Aqua,MODIS,100,61.03,302.7,196.5,D,0
1.9813,-59.9298,336.2,1,1,2023-01-28,1741,Aqua,MODIS,88,61.03,297.3,29.4,D,0
1.98,-59.9387,325.2,1,1,2023-01-28,1741,Aqua,MODIS,79,61.03,298.3,14.6,D,0
1.9902,-59.9311,318.4,1,1,2023-01-28,1741,Aqua,MODIS,54,61.03,298,9.1,D,0
1.8271,-61.1284,328.2,1.1,1,2023-01-28,1741,Aqua,MODIS,51,61.03,302.3,18.5,D,0
1.8257,-61.1379,338.9,1.1,1,2023-01-28,1741,Aqua,MODIS,84,61.03,302.4,36,D,0
1.8244,-61.1474,320.9,1.1,1,2023-01-28,1741,Aqua,MODIS,67,61.03,299.6,11,D,0
2.0088,-61.0803,342.9,1.1,1,2023-01-28,1741,Aqua,MODIS,92,61.03,300.4,42.7,D,0
2.0074,-61.0897,336.3,1.1,1,2023-01-28,1741,Aqua,MODIS,88,61.03,298.1,31.4,D,0
2.2254,-60.0932,319.5,1,1,2023-01-28,1741,Aqua,MODIS,60,61.03,296.2,9.8,D,0
2.1539,-61.2199,323,1.1,1,2023-01-28,1741,Aqua,MODIS,77,61.03,295.9,15.8,D,0
2.1525,-61.2293,321.7,1.1,1,2023-01-28,1741,Aqua,MODIS,75,61.03,294.1,14.1,D,0
2.3642,-59.8919,321.8,1,1,2023-01-28,1741,Aqua,MODIS,44,61.03,299.9,9.4,D,0
2.4339,-59.6092,323.3,1,1,2023-01-28,1741,Aqua,MODIS,74,61.03,301.6,9.7,D,0
2.4103,-60.2783,316.8,1,1,2023-01-28,1741,Aqua,MODIS,64,61.03,296.4,9.9,D,0
2.409,-60.2872,318,1,1,2023-01-28,1741,Aqua,MODIS,66,61.03,296.2,11.3,D,0
4.7511,-65.5075,313.7,1.8,1.3,2023-01-28,1742,Aqua,MODIS,50,61.03,292.8,16.3,D,0
3.6552,-60.0175,333.7,1,1,2023-01-28,1742,Aqua,MODIS,81,61.03,304.5,19.3,D,0
3.6654,-60.0099,325.4,1,1,2023-01-28,1742,Aqua,MODIS,45,61.03,304.7,8.3,D,0
3.6641,-60.0188,323.4,1,1,2023-01-28,1742,Aqua,MODIS,24,61.03,301.2,6.4,D,0
3.715,-60.1715,327.3,1,1,2023-01-28,1742,Aqua,MODIS,75,61.03,304.6,10.4,D,0
3.6996,-60.2784,323.5,1,1,2023-01-28,1742,Aqua,MODIS,68,61.03,304.5,8.9,D,0
3.8864,-59.171,318.7,1,1,2023-01-28,1742,Aqua,MODIS,50,61.03,297.3,9.1,D,0
3.7128,-60.441,324.6,1,1,2023-01-28,1742,Aqua,MODIS,65,61.03,303.9,9,D,0
3.7115,-60.4499,322.7,1,1,2023-01-28,1742,Aqua,MODIS,62,61.03,302.9,7.5,D,0
3.7346,-60.4168,330.7,1,1,2023-01-28,1742,Aqua,MODIS,77,61.03,303.3,15.8,D,0
3.0471,-65.2324,312.8,1.9,1.3,2023-01-28,1742,Aqua,MODIS,58,61.03,294.6,16.9,D,0
3.0446,-65.2489,314.3,1.9,1.3,2023-01-28,1742,Aqua,MODIS,65,61.03,294.6,19.8,D,0
3.7239,-60.6808,325.1,1,1,2023-01-28,1742,Aqua,MODIS,31,61.03,300.6,8.6,D,0
3.7445,-60.6718,322,1,1,2023-01-28,1742,Aqua,MODIS,67,61.03,301.2,6.8,D,0
3.0533,-65.2398,316.6,1.9,1.3,2023-01-28,1742,Aqua,MODIS,72,61.03,294.7,23.1,D,0
3.8236,-60.1904,323.5,1,1,2023-01-28,1742,Aqua,MODIS,43,61.03,304.3,7.2,D,0
3.9646,-59.272,319.5,1,1,2023-01-28,1742,Aqua,MODIS,62,61.03,295.9,10.1,D,0
3.8222,-60.2629,326.2,1,1,2023-01-28,1742,Aqua,MODIS,57,61.03,305.1,11.6,D,0
3.8183,-60.2896,327.4,1,1,2023-01-28,1742,Aqua,MODIS,76,61.03,304,12.8,D,0
3.9427,-59.4894,323.6,1,1,2023-01-28,1742,Aqua,MODIS,64,61.03,299.9,12.4,D,0
3.9414,-59.4984,336.6,1,1,2023-01-28,1742,Aqua,MODIS,86,61.03,298.9,28.6,D,0
2.7973,-67.5123,312.4,2.8,1.6,2023-01-28,1742,Aqua,MODIS,64,61.03,293.1,27.7,D,0
3.9578,-59.765,321.3,1,1,2023-01-28,1742,Aqua,MODIS,0,61.03,291.2,10.7,D,0
2.785,-67.5156,311.6,2.8,1.6,2023-01-28,1742,Aqua,MODIS,41,61.03,292.9,22.8,D,0
2.7993,-67.5178,312.3,2.8,1.6,2023-01-28,1742,Aqua,MODIS,55,61.03,292.8,25.6,D,0
3.9585,-60.9095,318.7,1,1,2023-01-28,1742,Aqua,MODIS,49,61.03,300.2,5.2,D,0
3.3428,-65.2625,312.3,1.8,1.3,2023-01-28,1742,Aqua,MODIS,56,61.03,295,14.3,D,0
3.3404,-65.2788,314.8,1.9,1.3,2023-01-28,1742,Aqua,MODIS,70,61.03,295.2,19.2,D,0
3.3365,-65.2666,318.1,1.8,1.3,2023-01-28,1742,Aqua,MODIS,74,61.03,295.1,27.2,D,0
4.2292,-59.7314,320.7,1,1,2023-01-28,1742,Aqua,MODIS,40,61.03,303.1,7.7,D,0
3.4194,-65.2792,314.7,1.8,1.3,2023-01-28,1742,Aqua,MODIS,70,61.03,295.9,19.9,D,0
4.0693,-61.0962,320.2,1,1,2023-01-28,1742,Aqua,MODIS,37,61.03,299.3,9.1,D,0
3.7504,-63.9891,308.8,1.5,1.2,2023-01-28,1742,Aqua,MODIS,58,61.03,290.3,9.8,D,0
4.2032,-61.4398,318.2,1.1,1,2023-01-28,1742,Aqua,MODIS,65,61.03,294.5,12.7,D,0
4.6814,-59.8559,318.2,1,1,2023-01-28,1742,Aqua,MODIS,54,61.03,298.7,7.8,D,0
4.6522,-60.6298,319.8,1,1,2023-01-28,1742,Aqua,MODIS,34,61.03,302,7.5,D,0
4.6692,-60.648,319.1,1,1,2023-01-28,1742,Aqua,MODIS,71,61.03,301.2,7.9,D,0
4.8786,-60.1479,344,1,1,2023-01-28,1742,Aqua,MODIS,87,61.03,293.6,43.4,D,0
4.8773,-60.1568,350.5,1,1,2023-01-28,1742,Aqua,MODIS,83,61.03,293.5,56,D,0
4.8875,-60.1492,324.1,1,1,2023-01-28,1742,Aqua,MODIS,77,61.03,294.9,15.8,D,0
4.8862,-60.1581,326.7,1,1,2023-01-28,1742,Aqua,MODIS,76,61.03,292.9,18.7,D,0
3.4161,-69.9013,314.9,4.3,1.9,2023-01-28,1742,Aqua,MODIS,0,61.03,295.2,73.4,D,0
3.4024,-69.9068,317.7,4.3,1.9,2023-01-28,1742,Aqua,MODIS,0,61.03,295.5,93.2,D,0
5.0124,-60.4339,313.5,1,1,2023-01-28,1742,Aqua,MODIS,57,61.03,295.4,7.9,D,0
3.9956,-67.4502,310.4,2.7,1.6,2023-01-28,1742,Aqua,MODIS,0,61.03,294.4,16.6,D,0
4.9927,-61.2081,319,1,1,2023-01-28,1742,Aqua,MODIS,65,61.03,300.3,6.8,D,0
4.9913,-61.2172,317.3,1,1,2023-01-28,1742,Aqua,MODIS,59,61.03,298.9,6,D,0
4.0291,-68.0249,309.4,3,1.6,2023-01-28,1742,Aqua,MODIS,36,61.03,288,19.5,D,0
4.0295,-68.0298,309.6,3,1.6,2023-01-28,1742,Aqua,MODIS,44,61.03,288.1,22.7,D,0
5.2256,-61.4384,316.9,1,1,2023-01-28,1742,Aqua,MODIS,48,61.03,298.5,5.5,D,0
4.0591,-70.6657,318.7,4.8,2,2023-01-28,1742,Aqua,MODIS,73,61.03,299,74,D,0
4.0654,-70.6307,314.7,4.7,2,2023-01-28,1742,Aqua,MODIS,59,61.03,298.8,38.7,D,0
5.4498,-62.6101,323.2,1.1,1.1,2023-01-28,1742,Aqua,MODIS,68,61.03,307.1,9.6,D,0
5.5859,-62.3803,328.5,1.1,1.1,2023-01-28,1742,Aqua,MODIS,84,61.03,298.5,25.4,D,0
5.5845,-62.39,318.6,1.1,1.1,2023-01-28,1742,Aqua,MODIS,60,61.03,297.9,12.9,D,0
5.5953,-62.3818,323.7,1.1,1.1,2023-01-28,1742,Aqua,MODIS,80,61.03,303.7,19.6,D,0
5.5939,-62.3917,318.5,1.1,1.1,2023-01-28,1742,Aqua,MODIS,75,61.03,301.4,13.6,D,0
5.6167,-62.5312,325.6,1.1,1.1,2023-01-28,1742,Aqua,MODIS,82,61.03,300.4,23.7,D,0
4.7377,-68.4662,325.4,3.1,1.7,2023-01-28,1742,Aqua,MODIS,80,61.03,299.6,74.3,D,0
4.7369,-68.4729,324.8,3.1,1.7,2023-01-28,1742,Aqua,MODIS,79,61.03,299.2,71.9,D,0
5.1806,-66.0597,315.1,2,1.4,2023-01-28,1742,Aqua,MODIS,69,61.03,280.4,30.6,D,0
5.1778,-66.0773,308.8,2,1.4,2023-01-28,1742,Aqua,MODIS,54,61.03,279.6,18.1,D,0
4.5373,-70.5203,325.2,4.6,2,2023-01-28,1742,Aqua,MODIS,78,61.03,297.9,137.8,D,0
4.5308,-70.5608,320.7,4.6,2,2023-01-28,1742,Aqua,MODIS,73,61.03,298.3,97.1,D,0
4.5376,-70.5244,328.9,4.6,2,2023-01-28,1742,Aqua,MODIS,82,61.03,298.2,176.3,D,0
4.5309,-70.5649,319.4,4.6,2,2023-01-28,1742,Aqua,MODIS,70,61.03,298.3,85.8,D,0
4.8951,-68.825,316.1,3.3,1.7,2023-01-28,1742,Aqua,MODIS,20,61.03,298.1,31.1,D,0
4.9104,-68.8273,321,3.3,1.7,2023-01-28,1742,Aqua,MODIS,53,61.03,300,55.2,D,0
4.8289,-69.351,317.3,3.7,1.8,2023-01-28,1742,Aqua,MODIS,48,61.03,300.1,37.6,D,0
5.0106,-68.015,317.2,2.8,1.6,2023-01-28,1742,Aqua,MODIS,68,61.03,299.6,26,D,0
4.8919,-68.8314,318.5,3.3,1.7,2023-01-28,1742,Aqua,MODIS,54,61.03,298.1,43.6,D,0
4.9073,-68.8336,318.3,3.3,1.7,2023-01-28,1742,Aqua,MODIS,25,61.03,300.3,40.8,D,0
4.9226,-68.836,316.8,3.3,1.7,2023-01-28,1742,Aqua,MODIS,29,61.03,298.4,30.3,D,0
4.843,-69.3271,316.1,3.6,1.8,2023-01-28,1742,Aqua,MODIS,57,61.03,299.1,34.8,D,0
4.7364,-70.5244,331.4,4.5,2,2023-01-28,1742,Aqua,MODIS,83,61.03,299.1,196.1,D,0
5.4172,-65.9896,316.7,1.9,1.4,2023-01-28,1742,Aqua,MODIS,39,61.03,295.5,17.4,D,0
4.737,-70.5285,330,4.5,2,2023-01-28,1742,Aqua,MODIS,82,61.03,299.2,184.8,D,0
5.2812,-68.0192,320.4,2.8,1.6,2023-01-28,1742,Aqua,MODIS,57,61.03,303.9,34.4,D,0
5.1026,-69.2516,325.2,3.6,1.8,2023-01-28,1742,Aqua,MODIS,53,61.03,299.8,79.9,D,0
5.1233,-69.2228,331.5,3.5,1.8,2023-01-28,1742,Aqua,MODIS,76,61.03,303.5,124,D,0
5.1184,-69.2542,327.5,3.6,1.8,2023-01-28,1742,Aqua,MODIS,59,61.03,301,91.2,D,0
5.1117,-69.2573,327,3.6,1.8,2023-01-28,1742,Aqua,MODIS,69,61.03,300.8,92.8,D,0
5.1326,-69.2285,325.7,3.5,1.8,2023-01-28,1742,Aqua,MODIS,40,61.03,302,82.6,D,0
4.9634,-70.9249,314.3,4.8,2,2023-01-28,1742,Aqua,MODIS,42,61.03,299,51.4,D,0
5.7164,-67.6711,324,2.6,1.5,2023-01-28,1742,Aqua,MODIS,59,61.03,307.4,34.2,D,0
5.9327,-70.4405,315.2,4.3,1.9,2023-01-28,1743,Aqua,MODIS,48,61.03,299.5,48.7,D,0
5.9433,-70.0043,315.1,3.9,1.8,2023-01-28,1743,Aqua,MODIS,37,61.03,301,31.7,D,0
5.9369,-69.9958,317.7,3.9,1.8,2023-01-28,1743,Aqua,MODIS,64,61.03,301.1,52.3,D,0
-5.4594,-78.6228,325.3,1.5,1.2,2023-01-28,1918,Aqua,MODIS,78,61.03,303.9,18.8,D,0
-4.8591,-80.8881,328.7,1.1,1,2023-01-28,1918,Aqua,MODIS,69,61.03,302.5,11.3,D,2
-3.5698,-80.486,335.5,1.2,1.1,2023-01-28,1918,Aqua,MODIS,65,61.03,300.7,28.5,D,0
0.5533,-75.7114,324.6,3.2,1.7,2023-01-28,1919,Aqua,MODIS,78,61.03,294.1,81.7,D,0
0.5724,-75.6853,363.9,3.2,1.7,2023-01-28,1919,Aqua,MODIS,100,61.03,297.5,479,D,0
0.5683,-75.7134,331.7,3.2,1.7,2023-01-28,1919,Aqua,MODIS,84,61.03,296.6,125,D,0
0.6256,-75.4284,328.7,3.3,1.7,2023-01-28,1919,Aqua,MODIS,82,61.03,297.8,108.1,D,0
0.6227,-75.4356,324,3.3,1.7,2023-01-28,1919,Aqua,MODIS,74,61.03,297.6,75.3,D,0
0.6715,-75.5322,346.5,3.3,1.7,2023-01-28,1919,Aqua,MODIS,93,61.03,297.6,266.8,D,0
0.6536,-75.7621,323.3,3.1,1.7,2023-01-28,1919,Aqua,MODIS,76,61.03,297.1,73.7,D,0
0.6524,-75.8745,318.3,3.1,1.7,2023-01-28,1919,Aqua,MODIS,69,61.03,295.7,50.5,D,0
0.8959,-74.4491,343.9,4,1.9,2023-01-28,1919,Aqua,MODIS,92,61.03,294.3,336.2,D,0
0.9048,-74.4189,311,4.1,1.9,2023-01-28,1919,Aqua,MODIS,37,61.03,293,31.5,D,0
0.8997,-74.4546,341.7,4,1.9,2023-01-28,1919,Aqua,MODIS,91,61.03,294.5,304.4,D,0
0.7132,-75.9711,317.3,3,1.7,2023-01-28,1919,Aqua,MODIS,67,61.03,294.3,43,D,0
0.9986,-74.2456,316,4.2,1.9,2023-01-28,1919,Aqua,MODIS,60,61.03,296.6,55.3,D,0
0.999,-74.3585,360.5,4.1,1.9,2023-01-28,1919,Aqua,MODIS,100,61.03,299.2,614.1,D,0
0.9936,-74.395,341.9,4.1,1.9,2023-01-28,1919,Aqua,MODIS,91,61.03,297.3,297.4,D,0
1.0032,-74.2541,315.9,4.2,1.9,2023-01-28,1919,Aqua,MODIS,35,61.03,297,52.3,D,0
0.9876,-74.3649,343,4.1,1.9,2023-01-28,1919,Aqua,MODIS,91,61.03,297.2,320.5,D,0
1.0043,-74.3672,359.4,4.1,1.9,2023-01-28,1919,Aqua,MODIS,99,61.03,299.2,591.2,D,0
1.0379,-74.3718,321.3,4.1,1.9,2023-01-28,1919,Aqua,MODIS,73,61.03,296,87.5,D,0
1.1134,-74.3503,316.8,4.1,1.9,2023-01-28,1919,Aqua,MODIS,66,61.03,295.1,55,D,0
1.1693,-74.3206,333.7,4.2,1.9,2023-01-28,1919,Aqua,MODIS,86,61.03,296.2,201.2,D,0
1.1861,-74.3231,317.3,4.2,1.9,2023-01-28,1919,Aqua,MODIS,67,61.03,296.3,58.1,D,0
1.1794,-74.292,321.2,4.2,1.9,2023-01-28,1919,Aqua,MODIS,74,61.03,294.3,85.4,D,0
1.2195,-74.3731,317.6,4.1,1.9,2023-01-28,1919,Aqua,MODIS,68,61.03,297.3,56.6,D,0
1.2223,-74.3785,319.2,4.1,1.9,2023-01-28,1919,Aqua,MODIS,62,61.03,297.4,62.7,D,0
1.1605,-76.0406,319,3,1.7,2023-01-28,1919,Aqua,MODIS,71,61.03,294.3,49.9,D,0
1.8062,-73.8127,313.8,4.7,2,2023-01-28,1919,Aqua,MODIS,58,61.03,295.7,53.4,D,0
1.8002,-73.8539,313.5,4.6,2,2023-01-28,1919,Aqua,MODIS,61,61.03,296.6,47,D,0
1.807,-73.8207,317.5,4.7,2,2023-01-28,1919,Aqua,MODIS,69,61.03,295.9,83.6,D,0
1.2142,-74.4099,325,4.1,1.9,2023-01-28,1919,Aqua,MODIS,78,61.03,297.7,110.7,D,0
0.4216,-75.6795,323,3.2,1.7,2023-01-28,1919,Aqua,MODIS,76,61.03,297.8,80.4,D,0
0.4208,-75.6872,319.7,3.2,1.7,2023-01-28,1919,Aqua,MODIS,72,61.03,297.4,62.6,D,0
0.5845,-75.4174,324.3,3.3,1.7,2023-01-28,1919,Aqua,MODIS,78,61.03,296.7,80.9,D,0
0.5837,-75.392,321.8,3.4,1.7,2023-01-28,1919,Aqua,MODIS,74,61.03,297.7,66.4,D,0
0.5795,-75.4214,319.7,3.3,1.7,2023-01-28,1919,Aqua,MODIS,70,61.03,296.3,55.1,D,0
4.4649,-74.9102,312.3,4.3,1.9,2023-01-28,1920,Aqua,MODIS,51,61.03,294.2,38.1,D,0
-2.0032,-78.3483,316,4.7,2,2023-01-29,0244,Terra,MODIS,92,61.03,274.5,185.4,N,1
-2.0031,-78.3586,319.4,4.7,2,2023-01-29,0244,Terra,MODIS,98,61.03,274.2,213.9,N,1
1.1271,-74.3739,307.4,2,1.4,2023-01-29,0245,Terra,MODIS,71,61.03,291.9,19.3,N,0
1.2283,-74.3942,302.6,2,1.4,2023-01-29,0245,Terra,MODIS,50,61.03,292.3,12.3,N,0
1.2169,-75.3592,305.1,2.4,1.5,2023-01-29,0245,Terra,MODIS,63,61.03,291.8,19.2,N,0
4.0713,-60.4988,307.7,3.4,1.7,2023-01-29,0245,Terra,MODIS,72,61.03,290.5,39.3,N,0
4.0663,-60.5037,305.1,3.4,1.7,2023-01-29,0245,Terra,MODIS,63,61.03,290.5,31.4,N,0
4.0819,-60.5058,301.2,3.4,1.7,2023-01-29,0245,Terra,MODIS,38,61.03,290.5,17.3,N,0
2.2563,-74.5213,308.4,2,1.4,2023-01-29,0245,Terra,MODIS,74,61.03,292.2,21.8,N,0
3.7164,-71.6241,315.6,1.2,1.1,2023-01-29,0245,Terra,MODIS,92,61.03,293.4,16.3,N,0
3.697,-71.8245,304.3,1.2,1.1,2023-01-29,0245,Terra,MODIS,59,61.03,292.7,6.4,N,0
3.6066,-72.948,305.6,1.4,1.2,2023-01-29,0245,Terra,MODIS,65,61.03,293.2,9.2,N,0
3.6048,-72.9605,306.1,1.4,1.2,2023-01-29,0245,Terra,MODIS,67,61.03,293.9,9.7,N,0
3.6122,-72.9546,317.8,1.4,1.2,2023-01-29,0245,Terra,MODIS,96,61.03,293.6,23.8,N,0
3.7748,-72.1288,310.7,1.2,1.1,2023-01-29,0245,Terra,MODIS,81,61.03,293,12.4,N,0
3.7846,-72.1302,308.9,1.2,1.1,2023-01-29,0245,Terra,MODIS,76,61.03,292.4,11.2,N,0
3.8997,-71.5307,305.8,1.2,1.1,2023-01-29,0245,Terra,MODIS,66,61.03,293.8,6.7,N,0
3.9051,-71.5274,303,1.2,1.1,2023-01-29,0245,Terra,MODIS,53,61.03,292.9,5.3,N,0
4.098,-71.2952,309.4,1.1,1.1,2023-01-29,0245,Terra,MODIS,77,61.03,294.3,9,N,0
4.0966,-71.3051,306.2,1.1,1.1,2023-01-29,0245,Terra,MODIS,67,61.03,294.1,6.6,N,0
4.5413,-70.3802,305.4,1,1,2023-01-29,0245,Terra,MODIS,64,61.03,294,5.4,N,0
4.8818,-68.8151,319.7,1,1,2023-01-29,0245,Terra,MODIS,99,61.03,294.7,15.9,N,0
4.8907,-68.8164,305.7,1,1,2023-01-29,0245,Terra,MODIS,64,61.03,293.6,4.9,N,0
4.9098,-68.81,312.8,1,1,2023-01-29,0245,Terra,MODIS,85,61.03,294.2,9.7,N,0
4.6053,-71.0327,302.4,1.1,1,2023-01-29,0245,Terra,MODIS,49,61.03,292,4.9,N,0
4.6039,-71.0423,316.9,1.1,1,2023-01-29,0245,Terra,MODIS,94,61.03,292.9,16.4,N,0
5.0886,-69.1811,312.3,1,1,2023-01-29,0245,Terra,MODIS,85,61.03,294.4,9.3,N,0
5.0975,-69.1823,317.6,1,1,2023-01-29,0245,Terra,MODIS,95,61.03,294,13.4,N,0
5.095,-69.2001,308.2,1,1,2023-01-29,0245,Terra,MODIS,18,61.03,293.8,6,N,0
5.1153,-69.1849,304.2,1,1,2023-01-29,0245,Terra,MODIS,21,61.03,293.9,4,N,0
5.1395,-69.2065,311.5,1,1,2023-01-29,0245,Terra,MODIS,83,61.03,293.7,9.5,N,0
5.1345,-69.242,310.8,1,1,2023-01-29,0245,Terra,MODIS,81,61.03,293.6,9,N,0
5.1332,-69.2508,314.5,1,1,2023-01-29,0245,Terra,MODIS,89,61.03,293.6,11.9,N,0
4.5197,-76.0612,304.6,2.4,1.5,2023-01-29,0246,Terra,MODIS,19,61.03,290.6,18.4,N,0
4.5329,-76.0633,304.4,2.4,1.5,2023-01-29,0246,Terra,MODIS,15,61.03,290.7,17.6,N,0
4.5294,-76.0692,309.9,2.4,1.5,2023-01-29,0246,Terra,MODIS,79,61.03,290.8,33.9,N,0
5.6951,-68.3961,306.7,1,1,2023-01-29,0246,Terra,MODIS,12,61.03,295.3,4.8,N,0
5.499,-69.7955,316.9,1,1,2023-01-29,0246,Terra,MODIS,94,61.03,294.3,14.1,N,0
5.7041,-68.3974,310.6,1,1,2023-01-29,0246,Terra,MODIS,58,61.03,295.4,7.1,N,0
5.4853,-70.8001,305.7,1,1,2023-01-29,0246,Terra,MODIS,65,61.03,292.6,7.3,N,0
5.5039,-71.5678,306.2,1.1,1.1,2023-01-29,0246,Terra,MODIS,67,61.03,293,8.2,N,0
5.9584,-70.3908,310.9,1,1,2023-01-29,0246,Terra,MODIS,81,61.03,293.5,10,N,0
4.2895,-60.7102,304.9,1.2,1.1,2023-01-29,0600,Aqua,MODIS,62,61.03,292.1,7.2,N,0
4.2879,-60.6994,314.7,1.2,1.1,2023-01-29,0600,Aqua,MODIS,90,61.03,292.4,16.5,N,0
5.0881,-69.1738,304.1,2,1.4,2023-01-29,0601,Aqua,MODIS,58,61.03,291.6,15,N,0
2.6467,-61.7805,302,1.1,1.1,2023-01-29,0601,Aqua,MODIS,46,61.03,290.9,5.2,N,0
-6.5771,-51.0977,320.3,1,1,2023-01-29,1328,Terra,MODIS,75,61.03,295.7,13.2,D,2
-12.9934,-54.0674,319.3,1.2,1.1,2023-01-29,1330,Terra,MODIS,26,61.03,299.5,11.4,D,0
-13.299,-53.2735,317.4,1.1,1,2023-01-29,1330,Terra,MODIS,22,61.03,299.7,9.2,D,0
-17.9003,-52.7152,334.3,1,1,2023-01-29,1331,Terra,MODIS,86,61.03,298.1,28.6,D,0
-17.9017,-52.706,316.4,1,1,2023-01-29,1331,Terra,MODIS,62,61.03,297.5,8.5,D,0
-19.1706,-54.9861,332.2,1.1,1,2023-01-29,1331,Terra,MODIS,84,61.03,294.4,27.5,D,0
-20.5882,-52.3369,317.6,1,1,2023-01-29,1332,Terra,MODIS,60,61.03,300.7,7.6,D,0
-20.9825,-52.4126,314.9,1,1,2023-01-29,1332,Terra,MODIS,41,61.03,295.6,9.3,D,0
5.9551,-69.459,318.5,1.2,1.1,2023-01-29,1503,Terra,MODIS,44,61.03,304.9,9.8,D,0
5.6927,-67.901,319.8,1.6,1.2,2023-01-29,1503,Terra,MODIS,58,61.03,298.5,15.5,D,0
5.7018,-68.41,319.6,1.5,1.2,2023-01-29,1503,Terra,MODIS,43,61.03,300.3,12.4,D,0
5.5923,-67.7046,324.4,1.6,1.3,2023-01-29,1503,Terra,MODIS,78,61.03,299.8,22.6,D,0
5.9593,-70.3931,325.2,1.1,1,2023-01-29,1503,Terra,MODIS,76,61.03,304.4,16.1,D,0
5.9579,-70.3834,341.2,1.1,1,2023-01-29,1503,Terra,MODIS,90,61.03,304,42.5,D,0
5.9564,-70.3736,315.7,1.1,1,2023-01-29,1503,Terra,MODIS,45,61.03,301.5,6.3,D,0
5.9486,-70.3847,317.6,1.1,1,2023-01-29,1503,Terra,MODIS,54,61.03,302.3,8.1,D,0
5.7649,-69.5718,317.4,1.2,1.1,2023-01-29,1503,Terra,MODIS,35,61.03,302.2,7.5,D,0
5.7568,-69.584,344.1,1.2,1.1,2023-01-29,1503,Terra,MODIS,91,61.03,303.6,52.5,D,0
5.7552,-69.5732,348.8,1.2,1.1,2023-01-29,1503,Terra,MODIS,94,61.03,304.6,66,D,0
5.9403,-70.8886,333,1.1,1,2023-01-29,1503,Terra,MODIS,84,61.03,305.9,25,D,0
5.7487,-69.5962,326.9,1.2,1.1,2023-01-29,1503,Terra,MODIS,77,61.03,304.4,18.5,D,0
5.7471,-69.5854,407.9,1.2,1.1,2023-01-29,1503,Terra,MODIS,100,61.03,311,391.2,D,0
5.7455,-69.5747,385.1,1.2,1.1,2023-01-29,1503,Terra,MODIS,100,61.03,306.2,220.4,D,0
5.7374,-69.5869,337.3,1.2,1.1,2023-01-29,1503,Terra,MODIS,87,61.03,302.8,38.4,D,0
5.6294,-70.9716,318.7,1.1,1,2023-01-29,1503,Terra,MODIS,66,61.03,305.3,5.6,D,0
5.6253,-70.9436,324.5,1.1,1,2023-01-29,1503,Terra,MODIS,75,61.03,304.5,12.3,D,0
5.0666,-67.8794,328.1,1.6,1.3,2023-01-29,1503,Terra,MODIS,80,61.03,300.6,35.9,D,0
5.0555,-67.881,323,1.6,1.3,2023-01-29,1503,Terra,MODIS,58,61.03,300.4,24.6,D,0
5.4235,-70.4486,318,1.1,1.1,2023-01-29,1503,Terra,MODIS,57,61.03,304.1,8.4,D,0
5.1351,-69.2598,334.6,1.3,1.1,2023-01-29,1503,Terra,MODIS,85,61.03,300.7,37.7,D,0
5.1334,-69.2484,333.5,1.3,1.1,2023-01-29,1503,Terra,MODIS,85,61.03,302.7,35,D,0
5.6378,-72.725,307.6,1,1,2023-01-29,1503,Terra,MODIS,24,61.03,295.9,4.4,D,0
5.1012,-69.1707,323.6,1.3,1.1,2023-01-29,1503,Terra,MODIS,48,61.03,300.8,14.9,D,0
5.0912,-69.1721,324.5,1.3,1.1,2023-01-29,1503,Terra,MODIS,50,61.03,301.5,16.3,D,0
4.9463,-68.2225,325.2,1.5,1.2,2023-01-29,1503,Terra,MODIS,74,61.03,301,21.9,D,0
5.0811,-69.1736,326,1.3,1.1,2023-01-29,1503,Terra,MODIS,56,61.03,300.7,19.3,D,0
4.9939,-68.604,318.9,1.4,1.2,2023-01-29,1503,Terra,MODIS,69,61.03,303.1,15,D,0
4.9326,-68.3479,346.4,1.5,1.2,2023-01-29,1503,Terra,MODIS,93,61.03,300.9,81.4,D,0
4.9399,-68.3532,319.3,1.5,1.2,2023-01-29,1503,Terra,MODIS,33,61.03,301.5,12.6,D,0
4.9292,-68.3549,334.8,1.5,1.2,2023-01-29,1503,Terra,MODIS,86,61.03,299.5,43.6,D,0
4.9272,-68.3416,328.3,1.5,1.2,2023-01-29,1503,Terra,MODIS,79,61.03,298.1,28,D,0
5.1183,-69.8304,322.9,1.2,1.1,2023-01-29,1503,Terra,MODIS,55,61.03,303.5,13,D,0
5.1071,-69.8212,327.1,1.2,1.1,2023-01-29,1503,Terra,MODIS,65,61.03,303.5,17.9,D,0
4.9429,-68.7336,316.3,1.4,1.2,2023-01-29,1503,Terra,MODIS,50,61.03,297.9,10.4,D,0
4.9325,-68.7351,317.8,1.4,1.2,2023-01-29,1503,Terra,MODIS,57,61.03,296.1,13,D,0
5.057,-70.3589,316.1,1.1,1.1,2023-01-29,1503,Terra,MODIS,56,61.03,301.7,6.3,D,0
5.4022,-72.8221,314.4,1,1,2023-01-29,1503,Terra,MODIS,66,61.03,297,10.1,D,0
4.9717,-69.8856,317.4,1.2,1.1,2023-01-29,1503,Terra,MODIS,45,61.03,300,8.1,D,0
4.962,-69.8871,317.6,1.2,1.1,2023-01-29,1503,Terra,MODIS,58,61.03,299.5,8.7,D,0
4.7326,-68.4904,313.6,1.5,1.2,2023-01-29,1503,Terra,MODIS,31,61.03,296.8,8.2,D,0
5.3812,-72.9874,308.9,1,1,2023-01-29,1503,Terra,MODIS,48,61.03,297.6,5.2,D,0
5.22,-71.8837,324.6,1,1,2023-01-29,1503,Terra,MODIS,78,61.03,303.6,13.6,D,0
5.2187,-71.8748,316.4,1,1,2023-01-29,1503,Terra,MODIS,43,61.03,302.7,5.5,D,0
5.2111,-71.885,356.3,1,1,2023-01-29,1503,Terra,MODIS,98,61.03,305,67.4,D,0
5.2098,-71.8761,328.7,1,1,2023-01-29,1503,Terra,MODIS,82,61.03,303.1,17,D,0
4.7667,-69.0521,314.7,1.4,1.2,2023-01-29,1503,Terra,MODIS,46,61.03,298.6,8,D,0
5.1579,-71.7801,317.2,1,1,2023-01-29,1503,Terra,MODIS,66,61.03,300.9,7.6,D,0
5.1566,-71.7712,327.7,1,1,2023-01-29,1503,Terra,MODIS,80,61.03,300.9,19.1,D,0
5.1552,-71.7622,314.1,1,1,2023-01-29,1503,Terra,MODIS,39,61.03,300.6,5.4,D,0
4.5944,-68.9359,327.2,1.4,1.2,2023-01-29,1503,Terra,MODIS,80,61.03,298.3,29,D,0
5.0113,-71.9774,318.1,1,1,2023-01-29,1503,Terra,MODIS,68,61.03,301.1,8.3,D,0
5.2714,-73.8257,307.5,1.1,1,2023-01-29,1503,Terra,MODIS,46,61.03,295.3,5.5,D,0
4.7186,-70.1117,316.7,1.2,1.1,2023-01-29,1503,Terra,MODIS,63,61.03,302.6,8.5,D,0
4.7475,-71.5605,324.8,1,1,2023-01-29,1503,Terra,MODIS,68,61.03,301.5,13.4,D,0
4.7399,-71.5709,323.1,1,1,2023-01-29,1503,Terra,MODIS,48,61.03,302.7,12.1,D,0
4.7386,-71.5618,336.2,1,1,2023-01-29,1503,Terra,MODIS,87,61.03,303.2,29.8,D,0
4.419,-69.4025,314.4,1.3,1.1,2023-01-29,1503,Terra,MODIS,52,61.03,297.6,10.8,D,0
4.4862,-70.2797,319.6,1.2,1.1,2023-01-29,1503,Terra,MODIS,71,61.03,301.6,11.6,D,0
4.5656,-71.5156,322.3,1,1,2023-01-29,1503,Terra,MODIS,60,61.03,301.5,10.9,D,0
4.5642,-71.5065,320.7,1,1,2023-01-29,1503,Terra,MODIS,61,61.03,304.4,9.3,D,0
4.6323,-72.2192,326.5,1,1,2023-01-29,1503,Terra,MODIS,79,61.03,303.1,16.5,D,0
4.6235,-72.2205,321.5,1,1,2023-01-29,1503,Terra,MODIS,73,61.03,302.1,11.7,D,0
4.1733,-70.8554,320.3,1.1,1,2023-01-29,1503,Terra,MODIS,66,61.03,302.4,11.1,D,0
4.1613,-70.965,316.8,1.1,1,2023-01-29,1503,Terra,MODIS,60,61.03,302.6,7.1,D,0
4.101,-71.4921,327.1,1,1,2023-01-29,1503,Terra,MODIS,79,61.03,302,17.9,D,0
4.2051,-72.2662,319.5,1,1,2023-01-29,1503,Terra,MODIS,67,61.03,305.6,7.4,D,0
4.0851,-71.6343,317.7,1,1,2023-01-29,1504,Terra,MODIS,63,61.03,302.9,5.5,D,0
4.1958,-72.9581,322.3,1,1,2023-01-29,1504,Terra,MODIS,74,61.03,303.7,10.9,D,0
4.1945,-72.9492,322.8,1,1,2023-01-29,1504,Terra,MODIS,71,61.03,303.5,11.8,D,0
3.8868,-72.2303,318.9,1,1,2023-01-29,1504,Terra,MODIS,42,61.03,304.9,7.9,D,0
3.8855,-72.2215,326.7,1,1,2023-01-29,1504,Terra,MODIS,78,61.03,303.1,15.4,D,0
3.9026,-72.7213,325.2,1,1,2023-01-29,1504,Terra,MODIS,70,61.03,306.5,11.1,D,0
3.7817,-72.1428,324.2,1,1,2023-01-29,1504,Terra,MODIS,73,61.03,303.2,12.4,D,0
3.7804,-72.1339,343.3,1,1,2023-01-29,1504,Terra,MODIS,91,61.03,305.4,39.8,D,0
3.8015,-72.3393,322.6,1,1,2023-01-29,1504,Terra,MODIS,72,61.03,304.7,10,D,0
3.7283,-71.9039,320.5,1,1,2023-01-29,1504,Terra,MODIS,70,61.03,303.6,9.2,D,0
3.6428,-71.3274,327.8,1.1,1,2023-01-29,1504,Terra,MODIS,81,61.03,300.4,19.2,D,0
3.6414,-71.318,327.3,1.1,1,2023-01-29,1504,Terra,MODIS,80,61.03,300.1,19,D,0
3.6337,-71.3287,318.2,1.1,1,2023-01-29,1504,Terra,MODIS,69,61.03,300.5,9.3,D,0
3.6323,-71.3194,319.5,1.1,1,2023-01-29,1504,Terra,MODIS,71,61.03,300,11.4,D,0
3.6795,-71.8893,321.2,1,1,2023-01-29,1504,Terra,MODIS,54,61.03,302.4,9.6,D,0
3.6669,-71.9278,323.6,1,1,2023-01-29,1504,Terra,MODIS,63,61.03,304.3,10.3,D,0
3.6526,-71.8931,321.8,1,1,2023-01-29,1504,Terra,MODIS,64,61.03,303.2,9.5,D,0
3.6287,-71.9854,319.3,1,1,2023-01-29,1504,Terra,MODIS,20,61.03,302.7,6.2,D,0
3.6274,-71.9765,320.8,1,1,2023-01-29,1504,Terra,MODIS,48,61.03,303.2,7.9,D,0
3.6198,-71.9867,326,1,1,2023-01-29,1504,Terra,MODIS,48,61.03,303.5,12.8,D,0
3.6172,-71.9688,338,1,1,2023-01-29,1504,Terra,MODIS,88,61.03,303.9,29.3,D,0
3.5993,-71.9713,320.2,1,1,2023-01-29,1504,Terra,MODIS,44,61.03,302.5,8,D,0
3.598,-71.9623,319.9,1,1,2023-01-29,1504,Terra,MODIS,50,61.03,301.1,8.3,D,0
3.5915,-72.2277,318.5,1,1,2023-01-29,1504,Terra,MODIS,66,61.03,303.5,7.6,D,0
3.6861,-72.9353,318.2,1,1,2023-01-29,1504,Terra,MODIS,28,61.03,303.9,5.7,D,0
3.6848,-72.9265,333.9,1,1,2023-01-29,1504,Terra,MODIS,85,61.03,304.8,24,D,0
3.6142,-72.9515,321.7,1,1,2023-01-29,1504,Terra,MODIS,73,61.03,306.1,9.5,D,0
3.6129,-72.9427,343.6,1,1,2023-01-29,1504,Terra,MODIS,92,61.03,304.7,39.6,D,0
3.6041,-72.944,326.1,1,1,2023-01-29,1504,Terra,MODIS,78,61.03,302.7,13.8,D,0
3.5805,-72.9806,317.2,1,1,2023-01-29,1504,Terra,MODIS,48,61.03,303,5.3,D,0
3.4403,-72.2071,323.2,1,1,2023-01-29,1504,Terra,MODIS,75,61.03,302.1,12,D,0
3.4038,-72.0208,331.1,1,1,2023-01-29,1504,Terra,MODIS,83,61.03,305.2,18.5,D,0
3.5672,-73.2621,324,1,1,2023-01-29,1504,Terra,MODIS,77,61.03,302.4,12,D,0
3.5659,-73.2532,319,1,1,2023-01-29,1504,Terra,MODIS,70,61.03,302.2,7.2,D,0
3.6244,-73.7835,321.4,1,1,2023-01-29,1504,Terra,MODIS,74,61.03,300.7,12.3,D,0
3.5233,-73.2835,319.6,1,1,2023-01-29,1504,Terra,MODIS,71,61.03,303.3,7.6,D,0
3.5145,-73.2847,329.4,1,1,2023-01-29,1504,Terra,MODIS,82,61.03,302.7,18.3,D,0
3.5132,-73.2758,318.7,1,1,2023-01-29,1504,Terra,MODIS,45,61.03,302.3,6.3,D,0
3.4616,-72.9226,329,1,1,2023-01-29,1504,Terra,MODIS,81,61.03,304.9,18.5,D,0
3.4604,-72.9138,318.8,1,1,2023-01-29,1504,Terra,MODIS,68,61.03,303.7,7.2,D,0
3.0678,-72.4932,314,1,1,2023-01-29,1504,Terra,MODIS,39,61.03,300.6,5.5,D,0
3.0058,-72.3904,317.2,1,1,2023-01-29,1504,Terra,MODIS,66,61.03,299.7,8.2,D,0
2.887,-72.6544,318.6,1,1,2023-01-29,1504,Terra,MODIS,70,61.03,302.6,9,D,0
2.7296,-75.5003,352.6,1.2,1.1,2023-01-29,1504,Terra,MODIS,97,61.03,302.5,78.9,D,0
1.3275,-73.9753,313.8,1,1,2023-01-29,1504,Terra,MODIS,60,61.03,299.3,6.8,D,0
1.3262,-73.9664,315.9,1,1,2023-01-29,1504,Terra,MODIS,65,61.03,299.4,8.6,D,0
1.2584,-74.3214,317.5,1,1,2023-01-29,1504,Terra,MODIS,68,61.03,300.5,8.5,D,0
1.2314,-74.3251,315,1,1,2023-01-29,1504,Terra,MODIS,52,61.03,299.2,5.9,D,0
1.2238,-74.3355,319.5,1,1,2023-01-29,1504,Terra,MODIS,50,61.03,301.2,9.8,D,0
1.2226,-74.3913,315.4,1,1,2023-01-29,1504,Terra,MODIS,36,61.03,300,6.3,D,0
1.1194,-74.3812,323.9,1,1,2023-01-29,1504,Terra,MODIS,77,61.03,299.2,15.2,D,0
1.1181,-74.3721,324.4,1,1,2023-01-29,1504,Terra,MODIS,77,61.03,299.4,15.6,D,0
1.1154,-74.354,336.8,1,1,2023-01-29,1504,Terra,MODIS,88,61.03,303.1,30.1,D,0
1.1141,-74.3449,327.2,1,1,2023-01-29,1504,Terra,MODIS,80,61.03,299.6,17.5,D,0
1.1127,-74.3358,318.7,1,1,2023-01-29,1504,Terra,MODIS,45,61.03,300.8,8.8,D,0
1.1114,-74.3268,315.5,1,1,2023-01-29,1504,Terra,MODIS,27,61.03,299.1,6.5,D,0
1.0483,-74.2711,318.8,1,1,2023-01-29,1504,Terra,MODIS,52,61.03,300.9,10.1,D,0
1.047,-74.2621,328.8,1,1,2023-01-29,1504,Terra,MODIS,82,61.03,302.8,21.1,D,0
1.0457,-74.253,327.6,1,1,2023-01-29,1504,Terra,MODIS,79,61.03,298.5,19.2,D,0
1.2126,-75.471,315.8,1.1,1.1,2023-01-29,1504,Terra,MODIS,65,61.03,300.4,7.9,D,0
1.0422,-74.355,320.3,1,1,2023-01-29,1504,Terra,MODIS,72,61.03,299.4,11,D,0
1.0332,-74.3562,321.2,1,1,2023-01-29,1504,Terra,MODIS,53,61.03,299.2,11,D,0
1.1818,-75.431,323.2,1.1,1.1,2023-01-29,1504,Terra,MODIS,76,61.03,301.6,15.6,D,0
1.0061,-74.2374,314.4,1,1,2023-01-29,1504,Terra,MODIS,52,61.03,300.9,6.9,D,0
1.008,-74.3754,318,1,1,2023-01-29,1504,Terra,MODIS,19,61.03,299.5,8,D,0
1.0067,-74.3663,322.9,1,1,2023-01-29,1504,Terra,MODIS,63,61.03,302.5,12.7,D,0
0.9525,-74.5007,313.2,1,1,2023-01-29,1504,Terra,MODIS,56,61.03,299.9,5.6,D,0
0.9458,-74.4552,317.4,1,1,2023-01-29,1504,Terra,MODIS,68,61.03,299.9,9.4,D,0
0.91,-74.2112,313,1,1,2023-01-29,1504,Terra,MODIS,58,61.03,299,6.4,D,0
0.8981,-74.4433,311.9,1,1,2023-01-29,1504,Terra,MODIS,49,61.03,299,5,D,0
0.6782,-75.4017,328.9,1.1,1.1,2023-01-29,1505,Terra,MODIS,82,61.03,301.3,23.8,D,0
0.5639,-75.684,313.2,1.1,1.1,2023-01-29,1505,Terra,MODIS,54,61.03,299.1,6.6,D,0
0.2954,-74.9289,311.3,1.1,1,2023-01-29,1505,Terra,MODIS,57,61.03,298.1,5.5,D,0
-1.9987,-78.3443,326.8,1.6,1.2,2023-01-29,1505,Terra,MODIS,81,61.03,286.7,43.4,D,1
-2.0096,-78.3455,392.1,1.6,1.2,2023-01-29,1505,Terra,MODIS,100,61.03,294.3,400.2,D,1
-2.0114,-78.3336,367,1.6,1.2,2023-01-29,1505,Terra,MODIS,94,61.03,298.6,199.9,D,1
-6.5044,-76.3473,325.9,1.1,1,2023-01-29,1507,Terra,MODIS,73,61.03,298.3,13.7,D,2
-7.2158,-76.4629,333.4,1.1,1,2023-01-29,1507,Terra,MODIS,86,61.03,297.9,27.2,D,0
-8.9134,-78.5329,331.4,1.3,1.1,2023-01-29,1507,Terra,MODIS,66,61.03,299.4,22.9,D,0
-8.9151,-78.5216,328.6,1.3,1.1,2023-01-29,1507,Terra,MODIS,62,61.03,298.7,18.6,D,0
-20.0242,-49.3301,312.9,3,1.7,2023-01-29,1639,Aqua,MODIS,44,61.03,293.7,31.5,D,0
-19.8667,-52.0122,312.5,4.7,2,2023-01-29,1639,Aqua,MODIS,25,61.03,291.2,67.7,D,0
-19.869,-52.017,312.3,4.7,2,2023-01-29,1639,Aqua,MODIS,56,61.03,291.3,70,D,0
-12.564,-52.3056,306.7,4,1.9,2023-01-29,1641,Aqua,MODIS,7,61.03,284.5,33,D,0
-4.1649,-50.0721,313.5,2,1.4,2023-01-29,1643,Aqua,MODIS,69,61.03,292,18.4,D,0
-1.7646,-53.4263,308,3.4,1.7,2023-01-29,1644,Aqua,MODIS,40,61.03,288.7,28.5,D,0
-0.0457,-51.1745,309.5,2.1,1.4,2023-01-29,1645,Aqua,MODIS,0,61.03,292.3,14.4,D,2
-7.3115,-76.3073,310.7,3,1.6,2023-01-29,1822,Aqua,MODIS,52,61.03,290.9,24.5,D,0
-7.3076,-76.2836,307.2,3,1.6,2023-01-29,1822,Aqua,MODIS,39,61.03,288.4,13.9,D,0
-7.1754,-76.3148,312.8,3,1.6,2023-01-29,1822,Aqua,MODIS,26,61.03,291.1,24.5,D,0
-7.2209,-76.6713,312.2,3.2,1.7,2023-01-29,1822,Aqua,MODIS,64,61.03,292.6,25.9,D,0
-7.2232,-76.6754,313.3,3.2,1.7,2023-01-29,1822,Aqua,MODIS,38,61.03,292.1,27.9,D,0
-7.1079,-76.6123,315.3,3.1,1.7,2023-01-29,1822,Aqua,MODIS,55,61.03,293.8,29.4,D,0
-6.7332,-76.8771,316.6,3.2,1.7,2023-01-29,1822,Aqua,MODIS,75,61.03,289.9,61.2,D,0
-6.2267,-76.2397,311,2.8,1.6,2023-01-29,1822,Aqua,MODIS,62,61.03,286.4,28,D,0
-4.1009,-69.5678,313.3,1,1,2023-01-29,1822,Aqua,MODIS,68,61.03,295.8,6,D,0
-3.6692,-69.4445,321.7,1,1,2023-01-29,1822,Aqua,MODIS,65,61.03,296.6,11.6,D,0
-3.6602,-69.4458,316.4,1,1,2023-01-29,1822,Aqua,MODIS,39,61.03,296.1,7,D,0
-0.0458,-76.5069,317.3,2.3,1.5,2023-01-29,1823,Aqua,MODIS,72,61.03,293,34.1,D,0
0.1979,-74.8529,314.9,1.7,1.3,2023-01-29,1823,Aqua,MODIS,36,61.03,295.3,15,D,0
0.1957,-74.868,319.5,1.7,1.3,2023-01-29,1823,Aqua,MODIS,67,61.03,294.4,24.4,D,0
-0.0497,-76.5112,313.6,2.3,1.5,2023-01-29,1823,Aqua,MODIS,66,61.03,291.7,25.5,D,0
0.2094,-74.8546,377.7,1.7,1.3,2023-01-29,1823,Aqua,MODIS,75,61.03,296.5,299.7,D,0
0.2072,-74.8697,429.9,1.7,1.3,2023-01-29,1823,Aqua,MODIS,94,61.03,305.4,1053.9,D,0
0.2279,-74.8885,323,1.7,1.3,2023-01-29,1823,Aqua,MODIS,59,61.03,297.2,30.8,D,0
0.2257,-74.9038,321.8,1.7,1.3,2023-01-29,1823,Aqua,MODIS,72,61.03,297.4,28.4,D,0
3.0735,-71.8478,319.2,1.1,1,2023-01-29,1824,Aqua,MODIS,67,61.03,301.9,8.3,D,0
0.1877,-76.6005,317.3,2.4,1.5,2023-01-29,1824,Aqua,MODIS,71,61.03,294,35.6,D,0
0.201,-76.6025,311.8,2.4,1.5,2023-01-29,1824,Aqua,MODIS,50,61.03,293.4,18.7,D,0
0.2006,-76.5882,311.6,2.3,1.5,2023-01-29,1824,Aqua,MODIS,39,61.03,294.1,17.4,D,0
0.1974,-76.609,316.7,2.4,1.5,2023-01-29,1824,Aqua,MODIS,70,61.03,293.7,32.5,D,0
0.416,-75.3227,311.7,1.9,1.3,2023-01-29,1824,Aqua,MODIS,42,61.03,293.7,10.8,D,0
0.4024,-75.6664,315.2,2,1.4,2023-01-29,1824,Aqua,MODIS,64,61.03,296.2,24.2,D,0
0.5378,-75.3624,366.2,1.9,1.3,2023-01-29,1824,Aqua,MODIS,100,61.03,300.3,241.6,D,0
0.5354,-75.379,361.9,1.9,1.3,2023-01-29,1824,Aqua,MODIS,100,61.03,299.3,211.7,D,0
0.533,-75.3955,341.5,1.9,1.3,2023-01-29,1824,Aqua,MODIS,91,61.03,296.2,100.1,D,0
0.5615,-75.2826,398.5,1.8,1.3,2023-01-29,1824,Aqua,MODIS,100,61.03,302.6,563,D,0
0.5591,-75.299,341.9,1.8,1.3,2023-01-29,1824,Aqua,MODIS,84,61.03,300.3,86,D,0
0.5473,-75.3807,331.6,1.9,1.3,2023-01-29,1824,Aqua,MODIS,85,61.03,298.6,60,D,0
0.5449,-75.3972,329.4,1.9,1.3,2023-01-29,1824,Aqua,MODIS,83,61.03,297.4,53.5,D,0
1.3156,-70.3819,316.2,1,1,2023-01-29,1824,Aqua,MODIS,36,61.03,292.4,8.3,D,0
0.5866,-75.4101,337.2,1.9,1.3,2023-01-29,1824,Aqua,MODIS,88,61.03,299.9,77.5,D,0
0.5841,-75.4267,324.1,1.9,1.3,2023-01-29,1824,Aqua,MODIS,78,61.03,298.1,34.8,D,0
0.6269,-75.5531,333.7,1.9,1.4,2023-01-29,1824,Aqua,MODIS,80,61.03,290,61.9,D,0
0.4646,-76.6814,316.2,2.4,1.5,2023-01-29,1824,Aqua,MODIS,68,61.03,294.4,31.1,D,0
0.631,-75.5588,354.6,1.9,1.4,2023-01-29,1824,Aqua,MODIS,97,61.03,293.1,163.1,D,0
0.6532,-75.4932,328,1.9,1.3,2023-01-29,1824,Aqua,MODIS,76,61.03,294.1,44.7,D,0
0.6701,-75.4616,319.1,1.9,1.3,2023-01-29,1824,Aqua,MODIS,67,61.03,298.4,23,D,0
0.6136,-75.8406,316.9,2,1.4,2023-01-29,1824,Aqua,MODIS,69,61.03,295.2,26.9,D,0
1.625,-68.9936,338,1,1,2023-01-29,1824,Aqua,MODIS,89,61.03,291,36,D,0
0.8819,-74.26,330.9,1.5,1.2,2023-01-29,1824,Aqua,MODIS,83,61.03,298.7,42.7,D,0
0.88,-74.2735,323.5,1.5,1.2,2023-01-29,1824,Aqua,MODIS,76,61.03,298.8,26.9,D,0
0.7011,-75.5003,330.9,1.9,1.3,2023-01-29,1824,Aqua,MODIS,84,61.03,298.9,56.3,D,0
0.6987,-75.5171,315.3,1.9,1.3,2023-01-29,1824,Aqua,MODIS,64,61.03,297.7,14.3,D,0
0.6681,-75.8121,316.9,2,1.4,2023-01-29,1824,Aqua,MODIS,68,61.03,295.4,22.8,D,0
0.6098,-76.3961,324.1,2.2,1.4,2023-01-29,1824,Aqua,MODIS,78,61.03,295.5,51.7,D,0
0.6069,-76.416,327.8,2.2,1.5,2023-01-29,1824,Aqua,MODIS,82,61.03,296,65.6,D,0
0.9145,-74.2168,317.1,1.5,1.2,2023-01-29,1824,Aqua,MODIS,66,61.03,299.2,14.7,D,0
0.6086,-76.4027,333.1,2.2,1.4,2023-01-29,1824,Aqua,MODIS,86,61.03,295.8,88.3,D,0
0.6056,-76.4225,314.8,2.2,1.5,2023-01-29,1824,Aqua,MODIS,64,61.03,296,23.8,D,0
0.7029,-75.8603,329.6,2,1.4,2023-01-29,1824,Aqua,MODIS,83,61.03,296.4,62.1,D,0
0.7002,-75.8782,324.6,2,1.4,2023-01-29,1824,Aqua,MODIS,78,61.03,294.7,46.6,D,0
0.7387,-75.704,327.2,2,1.4,2023-01-29,1824,Aqua,MODIS,78,61.03,298.2,49,D,0
2.8708,-60.9402,314.4,3.9,1.8,2023-01-29,1824,Aqua,MODIS,47,61.03,288.7,39.6,D,0
0.9646,-74.4034,334.7,1.5,1.2,2023-01-29,1824,Aqua,MODIS,86,61.03,295.5,49.7,D,0
0.9626,-74.417,331.9,1.6,1.2,2023-01-29,1824,Aqua,MODIS,84,61.03,292.1,44.1,D,0
0.7574,-75.8322,319.1,2,1.4,2023-01-29,1824,Aqua,MODIS,45,61.03,297.4,23.7,D,0
0.7444,-75.9214,313.9,2,1.4,2023-01-29,1824,Aqua,MODIS,62,61.03,295,19,D,0
0.7418,-75.9395,314.5,2,1.4,2023-01-29,1824,Aqua,MODIS,63,61.03,294.8,20.7,D,0
0.7697,-75.8339,323.3,2,1.4,2023-01-29,1824,Aqua,MODIS,77,61.03,297.1,35.4,D,0
0.7871,-75.8004,335,2,1.4,2023-01-29,1824,Aqua,MODIS,87,61.03,298.1,73.7,D,0
0.7846,-75.818,317.7,2,1.4,2023-01-29,1824,Aqua,MODIS,32,61.03,296.7,19.1,D,0
0.7625,-75.82,316.2,2,1.4,2023-01-29,1824,Aqua,MODIS,37,61.03,297.9,16.5,D,0
0.7598,-75.8377,327.3,2,1.4,2023-01-29,1824,Aqua,MODIS,81,61.03,297.3,48.1,D,0
0.7461,-75.9269,314.6,2,1.4,2023-01-29,1824,Aqua,MODIS,58,61.03,294.6,18.5,D,0
0.6527,-76.537,312.3,2.3,1.5,2023-01-29,1824,Aqua,MODIS,24,61.03,294.5,16.1,D,0
0.7897,-75.806,329.9,2,1.4,2023-01-29,1824,Aqua,MODIS,83,61.03,297.3,56.5,D,0
1.0443,-74.255,318.3,1.5,1.2,2023-01-29,1824,Aqua,MODIS,61,61.03,299.2,15.4,D,0
1.0424,-74.2684,329.1,1.5,1.2,2023-01-29,1824,Aqua,MODIS,81,61.03,303.3,36.7,D,0
0.8037,-75.8804,345.5,2,1.4,2023-01-29,1824,Aqua,MODIS,93,61.03,297.7,128.3,D,0
0.7287,-76.3853,312.2,2.2,1.4,2023-01-29,1824,Aqua,MODIS,56,61.03,296,18.1,D,0
0.8284,-75.8841,317.4,2,1.4,2023-01-29,1824,Aqua,MODIS,69,61.03,297.9,22.8,D,0
0.7039,-76.7336,312.7,2.4,1.5,2023-01-29,1824,Aqua,MODIS,51,61.03,295.4,19.7,D,0
0.8401,-75.9777,312.4,2.1,1.4,2023-01-29,1824,Aqua,MODIS,57,61.03,296.8,13.3,D,0
0.8375,-75.996,314,2.1,1.4,2023-01-29,1824,Aqua,MODIS,62,61.03,296.5,17.8,D,0
0.8628,-75.9075,341.8,2,1.4,2023-01-29,1824,Aqua,MODIS,91,61.03,298.1,107.8,D,0
0.8603,-75.9254,318.7,2,1.4,2023-01-29,1824,Aqua,MODIS,71,61.03,297.5,24.3,D,0
0.8299,-75.983,319.9,2.1,1.4,2023-01-29,1824,Aqua,MODIS,72,61.03,297.5,31.7,D,0
0.856,-75.895,314.5,2,1.4,2023-01-29,1824,Aqua,MODIS,42,61.03,298,13.6,D,0
0.8533,-75.9127,335.4,2,1.4,2023-01-29,1824,Aqua,MODIS,87,61.03,298.4,79.6,D,0
0.8656,-75.9146,318.8,2,1.4,2023-01-29,1824,Aqua,MODIS,71,61.03,298,24.6,D,0
1.1132,-74.3401,320.1,1.5,1.2,2023-01-29,1824,Aqua,MODIS,71,61.03,297.6,17.1,D,0
1.1111,-74.3536,335,1.5,1.2,2023-01-29,1824,Aqua,MODIS,86,61.03,299.4,49.4,D,0
1.1641,-74.1443,368.8,1.5,1.2,2023-01-29,1824,Aqua,MODIS,100,61.03,301.8,185.5,D,0
1.1621,-74.1574,330.2,1.5,1.2,2023-01-29,1824,Aqua,MODIS,82,61.03,299.5,37.6,D,0
0.7891,-76.6885,310.7,2.3,1.5,2023-01-29,1824,Aqua,MODIS,31,61.03,292.8,17.3,D,0
1.2275,-74.3348,331.6,1.5,1.2,2023-01-29,1824,Aqua,MODIS,84,61.03,302.5,40,D,0
2.0041,-69.1763,324.9,1,1,2023-01-29,1824,Aqua,MODIS,79,61.03,295.8,17.1,D,0
1.3231,-73.9767,315.3,1.4,1.2,2023-01-29,1824,Aqua,MODIS,60,61.03,299.4,11.5,D,0
1.319,-74.3412,315.7,1.5,1.2,2023-01-29,1824,Aqua,MODIS,62,61.03,299.5,9.5,D,0
1.1512,-75.5631,316.5,1.9,1.3,2023-01-29,1824,Aqua,MODIS,66,61.03,299.7,16.6,D,0
1.0688,-76.124,313,2.1,1.4,2023-01-29,1824,Aqua,MODIS,55,61.03,296.9,14.4,D,0
1.0661,-76.1425,314.1,2.1,1.4,2023-01-29,1824,Aqua,MODIS,61,61.03,297.1,17.5,D,0
1.3762,-74.1745,327.3,1.5,1.2,2023-01-29,1824,Aqua,MODIS,80,61.03,300.5,27.7,D,0
1.3744,-74.1875,336.7,1.5,1.2,2023-01-29,1824,Aqua,MODIS,87,61.03,299.3,49.4,D,0
1.0885,-76.1647,329.3,2.1,1.4,2023-01-29,1824,Aqua,MODIS,82,61.03,297.1,62.1,D,0
1.3795,-74.1804,332.1,1.5,1.2,2023-01-29,1824,Aqua,MODIS,84,61.03,300.7,37.4,D,0
1.3775,-74.1934,321.7,1.5,1.2,2023-01-29,1824,Aqua,MODIS,70,61.03,299,15.9,D,0
1.0918,-76.1514,319.8,2.1,1.4,2023-01-29,1824,Aqua,MODIS,72,61.03,297.2,32.2,D,0
1.089,-76.1699,323.4,2.1,1.4,2023-01-29,1824,Aqua,MODIS,77,61.03,297,43.4,D,0
1.7775,-72.6683,323.7,1.2,1.1,2023-01-29,1824,Aqua,MODIS,43,61.03,295.7,14.2,D,0
1.7871,-72.6697,348.5,1.2,1.1,2023-01-29,1824,Aqua,MODIS,94,61.03,300.4,60.9,D,0
1.791,-72.6653,325,1.2,1.1,2023-01-29,1824,Aqua,MODIS,78,61.03,299,18,D,0
1.7895,-72.6756,325.9,1.2,1.1,2023-01-29,1824,Aqua,MODIS,79,61.03,299.1,19.4,D,0
2.3384,-69.1552,324.7,1,1,2023-01-29,1824,Aqua,MODIS,79,61.03,293.2,17.8,D,0
1.5303,-75.7653,313.1,1.9,1.4,2023-01-29,1824,Aqua,MODIS,59,61.03,297.2,15.7,D,0
1.5277,-75.7829,317,1.9,1.4,2023-01-29,1824,Aqua,MODIS,68,61.03,296.9,24.7,D,0
1.6147,-75.61,320.6,1.9,1.3,2023-01-29,1824,Aqua,MODIS,45,61.03,302.7,22.8,D,2
1.8753,-74.4592,317.1,1.5,1.2,2023-01-29,1824,Aqua,MODIS,67,61.03,301,11.6,D,0
1.7498,-75.3988,323,1.8,1.3,2023-01-29,1824,Aqua,MODIS,72,61.03,291.6,40.9,D,0
1.7473,-75.4162,320.9,1.8,1.3,2023-01-29,1824,Aqua,MODIS,70,61.03,295.3,34.9,D,0
1.7451,-75.4035,326.8,1.8,1.3,2023-01-29,1824,Aqua,MODIS,66,61.03,294.9,46.7,D,0
1.8005,-75.2729,315.6,1.7,1.3,2023-01-29,1824,Aqua,MODIS,59,61.03,297.7,17.3,D,0
2.0114,-75.1701,316.8,1.7,1.3,2023-01-29,1824,Aqua,MODIS,68,61.03,295.7,23.6,D,0
2.4797,-72.3293,317.3,1.1,1,2023-01-29,1824,Aqua,MODIS,65,61.03,300.4,8.9,D,0
2.4783,-72.3392,321,1.1,1,2023-01-29,1824,Aqua,MODIS,72,61.03,299.3,13.1,D,0
2.5838,-72.5495,326.9,1.1,1.1,2023-01-29,1824,Aqua,MODIS,80,61.03,299.2,21.6,D,0
2.1938,-75.6342,316.6,1.8,1.3,2023-01-29,1824,Aqua,MODIS,71,61.03,299.7,17.8,D,2
2.3637,-74.889,316.5,1.6,1.2,2023-01-29,1824,Aqua,MODIS,70,61.03,299.6,16.6,D,0
2.8733,-72.3981,332.3,1.1,1,2023-01-29,1824,Aqua,MODIS,84,61.03,301,26.3,D,0
2.8718,-72.4079,323.8,1.1,1,2023-01-29,1824,Aqua,MODIS,75,61.03,300.7,14.3,D,0
2.5022,-74.8895,314.5,1.6,1.2,2023-01-29,1824,Aqua,MODIS,67,61.03,296.8,18.6,D,0
2.5002,-74.9029,310.4,1.6,1.2,2023-01-29,1824,Aqua,MODIS,57,61.03,296.3,13.7,D,0
2.8826,-72.3994,357.2,1.1,1,2023-01-29,1824,Aqua,MODIS,98,61.03,304.2,79.9,D,0
2.8812,-72.4092,338.7,1.1,1,2023-01-29,1824,Aqua,MODIS,88,61.03,301.1,35.9,D,0
2.3872,-75.8926,313.9,1.9,1.3,2023-01-29,1824,Aqua,MODIS,67,61.03,301.3,17.9,D,0
2.884,-72.6535,321.5,1.1,1.1,2023-01-29,1824,Aqua,MODIS,72,61.03,305.2,10.7,D,0
3.008,-71.8611,313.7,1.1,1,2023-01-29,1824,Aqua,MODIS,51,61.03,298.2,6.3,D,0
3.0067,-71.8705,318,1.1,1,2023-01-29,1824,Aqua,MODIS,66,61.03,298,10.4,D,0
3.0023,-72.4028,320.5,1.1,1,2023-01-29,1824,Aqua,MODIS,60,61.03,297.9,11,D,0
3.1478,-71.5915,327.6,1,1,2023-01-29,1824,Aqua,MODIS,79,61.03,298.9,21,D,0
3.1465,-71.6007,323.7,1,1,2023-01-29,1824,Aqua,MODIS,74,61.03,299.7,16.3,D,0
3.2437,-70.9969,324.3,1,1,2023-01-29,1824,Aqua,MODIS,74,61.03,299.7,15.5,D,0
3.2424,-71.0058,323.7,1,1,2023-01-29,1824,Aqua,MODIS,76,61.03,299.6,14.8,D,0
3.0755,-72.4702,318.9,1.1,1,2023-01-29,1824,Aqua,MODIS,61,61.03,298.6,9.3,D,0
3.2575,-71.5945,329.9,1,1,2023-01-29,1824,Aqua,MODIS,81,61.03,300.3,23.4,D,0
2.7689,-74.8719,333.6,1.6,1.2,2023-01-29,1824,Aqua,MODIS,86,61.03,296.9,60.6,D,0
2.7671,-74.8838,330.7,1.6,1.2,2023-01-29,1824,Aqua,MODIS,84,61.03,296,53.6,D,0
2.78,-74.873,339.4,1.6,1.2,2023-01-29,1824,Aqua,MODIS,90,61.03,295.8,78.2,D,0
2.7781,-74.8854,337.9,1.6,1.2,2023-01-29,1824,Aqua,MODIS,89,61.03,295,74.2,D,0
3.0463,-73.1603,321.5,1.2,1.1,2023-01-29,1824,Aqua,MODIS,71,61.03,304.4,12.7,D,0
3.0447,-73.1711,317.2,1.2,1.1,2023-01-29,1824,Aqua,MODIS,55,61.03,303.4,8,D,0
3.3524,-71.3208,314.7,1,1,2023-01-29,1824,Aqua,MODIS,56,61.03,299.8,6.5,D,0
3.287,-72.0897,327.1,1.1,1,2023-01-29,1824,Aqua,MODIS,78,61.03,302.4,15.9,D,0
3.2856,-72.0992,366.8,1.1,1,2023-01-29,1824,Aqua,MODIS,100,61.03,304.6,105.9,D,0
3.2842,-72.1087,321.9,1.1,1,2023-01-29,1824,Aqua,MODIS,70,61.03,299.1,11.1,D,0
3.2962,-72.0911,334,1.1,1,2023-01-29,1824,Aqua,MODIS,84,61.03,302.4,25.1,D,0
3.2948,-72.1006,326,1.1,1,2023-01-29,1824,Aqua,MODIS,75,61.03,303,14,D,0
3.2359,-72.699,337.6,1.1,1.1,2023-01-29,1824,Aqua,MODIS,87,61.03,303,34.4,D,0
3.2396,-72.7406,319.3,1.1,1.1,2023-01-29,1824,Aqua,MODIS,53,61.03,303.6,7.3,D,0
3.1275,-73.5812,328.8,1.3,1.1,2023-01-29,1824,Aqua,MODIS,81,61.03,304.3,24.3,D,0
3.1283,-73.5754,320.8,1.3,1.1,2023-01-29,1824,Aqua,MODIS,70,61.03,304.4,12.3,D,0
3.1266,-73.5866,322.5,1.3,1.1,2023-01-29,1824,Aqua,MODIS,73,61.03,303.8,14.8,D,0
3.2445,-73.2674,321.6,1.2,1.1,2023-01-29,1824,Aqua,MODIS,66,61.03,306.9,9.9,D,0
3.5272,-71.3863,318.5,1,1,2023-01-29,1824,Aqua,MODIS,49,61.03,303.2,6.5,D,0
3.8662,-69.1552,318.1,1.1,1,2023-01-29,1824,Aqua,MODIS,43,61.03,294.6,10.4,D,0
3.2054,-73.8146,320,1.3,1.1,2023-01-29,1824,Aqua,MODIS,69,61.03,305.4,10.9,D,0
3.1122,-74.4323,314,1.4,1.2,2023-01-29,1824,Aqua,MODIS,59,61.03,301.1,9.7,D,0
3.6288,-71.3247,321.9,1,1,2023-01-29,1824,Aqua,MODIS,56,61.03,304.8,9.8,D,0
3.6545,-71.3987,332.9,1,1,2023-01-29,1824,Aqua,MODIS,82,61.03,305.2,19.9,D,0
3.6532,-71.4077,326.2,1,1,2023-01-29,1824,Aqua,MODIS,64,61.03,305.8,12.3,D,0
3.6635,-71.4,330.3,1,1,2023-01-29,1824,Aqua,MODIS,78,61.03,306.3,17.1,D,0
3.6093,-71.9631,328.2,1.1,1,2023-01-29,1824,Aqua,MODIS,29,61.03,304.3,13.4,D,0
3.728,-71.2715,330.6,1,1,2023-01-29,1824,Aqua,MODIS,80,61.03,305.8,16.9,D,0
3.6249,-71.9844,325.6,1.1,1,2023-01-29,1824,Aqua,MODIS,39,61.03,307.1,9.1,D,0
3.6235,-71.9938,328.1,1.1,1,2023-01-29,1824,Aqua,MODIS,65,61.03,305.2,12.4,D,0
3.4487,-73.2662,330.3,1.2,1.1,2023-01-29,1824,Aqua,MODIS,79,61.03,308.1,22.5,D,0
3.6753,-71.8276,328.1,1,1,2023-01-29,1824,Aqua,MODIS,75,61.03,303.2,15.2,D,0
3.3944,-73.7142,323.5,1.3,1.1,2023-01-29,1824,Aqua,MODIS,73,61.03,306.5,12.5,D,0
3.5729,-72.9808,326.7,1.2,1.1,2023-01-29,1824,Aqua,MODIS,71,61.03,308.2,14.3,D,0
3.5271,-73.2953,329,1.2,1.1,2023-01-29,1824,Aqua,MODIS,79,61.03,307.3,18.5,D,0
3.7763,-71.7634,321.5,1,1,2023-01-29,1824,Aqua,MODIS,48,61.03,305.5,6.5,D,0
3.6024,-72.9383,334.6,1.2,1.1,2023-01-29,1824,Aqua,MODIS,79,61.03,306.9,26,D,0
3.6009,-72.9485,326.2,1.2,1.1,2023-01-29,1824,Aqua,MODIS,53,61.03,307.3,13.5,D,0
3.9444,-70.7958,331.3,1,1,2023-01-29,1824,Aqua,MODIS,80,61.03,305.6,17,D,0
3.9431,-70.8047,333.8,1,1,2023-01-29,1824,Aqua,MODIS,83,61.03,305.3,20.1,D,0
4.5409,-66.6561,321.2,1.5,1.2,2023-01-29,1824,Aqua,MODIS,67,61.03,298.4,16.7,D,0
3.9533,-70.7971,325.6,1,1,2023-01-29,1824,Aqua,MODIS,73,61.03,305.9,9.7,D,0
3.952,-70.806,347.6,1,1,2023-01-29,1824,Aqua,MODIS,93,61.03,306.8,43.2,D,0
4.0076,-70.7481,325.2,1,1,2023-01-29,1824,Aqua,MODIS,52,61.03,303.3,12,D,0
3.6872,-72.9262,322.2,1.1,1.1,2023-01-29,1824,Aqua,MODIS,46,61.03,305.9,8.2,D,0
4.0352,-71.1249,324.7,1,1,2023-01-29,1824,Aqua,MODIS,53,61.03,307.1,9.6,D,0
3.8826,-72.2295,333.2,1.1,1,2023-01-29,1824,Aqua,MODIS,81,61.03,310.4,23.7,D,0
3.8812,-72.239,328.7,1.1,1,2023-01-29,1824,Aqua,MODIS,75,61.03,306.5,17.3,D,0
3.8918,-72.2308,331.5,1.1,1,2023-01-29,1824,Aqua,MODIS,79,61.03,308.3,22,D,0
3.8904,-72.2403,323.7,1.1,1,2023-01-29,1824,Aqua,MODIS,66,61.03,307,11.7,D,0
3.8778,-72.7137,330.8,1.1,1.1,2023-01-29,1824,Aqua,MODIS,41,61.03,308.5,16.7,D,0
4.0918,-71.3033,340.5,1,1,2023-01-29,1824,Aqua,MODIS,88,61.03,306.8,30.8,D,0
3.8872,-72.7151,338,1.1,1.1,2023-01-29,1824,Aqua,MODIS,78,61.03,310.7,27.3,D,0
3.8858,-72.725,332,1.1,1.1,2023-01-29,1824,Aqua,MODIS,57,61.03,312.4,15.8,D,0
4.2488,-70.6684,324.2,1,1,2023-01-29,1824,Aqua,MODIS,56,61.03,305.2,5,D,0
4.371,-70.3915,327.3,1,1,2023-01-29,1824,Aqua,MODIS,73,61.03,305.6,12,D,0
4.5021,-70.0595,322.1,1,1,2023-01-29,1824,Aqua,MODIS,57,61.03,302.9,8,D,0
4.2103,-72.2675,328.1,1.1,1,2023-01-29,1824,Aqua,MODIS,73,61.03,307.4,13.7,D,0
4.2089,-72.277,329,1.1,1,2023-01-29,1824,Aqua,MODIS,76,61.03,307.8,14.6,D,0
3.6896,-76.064,311.1,1.9,1.3,2023-01-29,1824,Aqua,MODIS,48,61.03,287.1,19.2,D,0
4.6335,-69.9081,335.4,1,1,2023-01-29,1824,Aqua,MODIS,83,61.03,300.7,24.4,D,0
4.2989,-72.5965,336.3,1.1,1,2023-01-29,1824,Aqua,MODIS,65,61.03,305.4,31.9,D,0
4.2974,-72.6062,331.5,1.1,1,2023-01-29,1824,Aqua,MODIS,61,61.03,305.2,23.8,D,0
4.1285,-73.7326,315.9,1.3,1.1,2023-01-29,1824,Aqua,MODIS,61,61.03,302.2,12.4,D,0
4.5098,-71.2857,322.3,1,1,2023-01-29,1824,Aqua,MODIS,48,61.03,306.1,8,D,0
4.2512,-73.0466,328,1.1,1.1,2023-01-29,1824,Aqua,MODIS,77,61.03,308.1,18,D,0
4.6206,-72.2237,319.8,1.1,1,2023-01-29,1825,Aqua,MODIS,58,61.03,305.2,7,D,0
5.092,-69.2744,323.6,1.1,1,2023-01-29,1825,Aqua,MODIS,16,61.03,300.3,11,D,0
5.1149,-69.1792,330.1,1.1,1,2023-01-29,1825,Aqua,MODIS,48,61.03,305.5,15.5,D,0
5.0998,-69.2853,334.1,1.1,1,2023-01-29,1825,Aqua,MODIS,77,61.03,299.3,24.6,D,0
5.1105,-69.2771,332.9,1.1,1,2023-01-29,1825,Aqua,MODIS,78,61.03,303.8,21.4,D,0
5.1197,-69.2784,328.9,1.1,1,2023-01-29,1825,Aqua,MODIS,65,61.03,303,15.3,D,0
5.1317,-69.2605,345.1,1.1,1,2023-01-29,1825,Aqua,MODIS,91,61.03,306,41.7,D,0
5.1303,-69.2701,333.6,1.1,1,2023-01-29,1825,Aqua,MODIS,79,61.03,303.2,21.2,D,0
5.5997,-65.9591,316.9,1.8,1.3,2023-01-29,1825,Aqua,MODIS,44,61.03,296.4,17.8,D,0
4.7368,-72.382,318.4,1.1,1,2023-01-29,1825,Aqua,MODIS,63,61.03,305.3,6.7,D,0
5.011,-70.5552,360.4,1,1,2023-01-29,1825,Aqua,MODIS,100,61.03,306.4,73.6,D,0
5.0212,-70.5475,333.4,1,1,2023-01-29,1825,Aqua,MODIS,68,61.03,307.1,18.8,D,0
5.0199,-70.5565,328,1,1,2023-01-29,1825,Aqua,MODIS,60,61.03,306.8,12.4,D,0
5.034,-70.522,328.4,1,1,2023-01-29,1825,Aqua,MODIS,52,61.03,306.2,13.2,D,0
5.0327,-70.531,329,1,1,2023-01-29,1825,Aqua,MODIS,41,61.03,307.6,13.4,D,0
5.1013,-70.1182,346.6,1,1,2023-01-29,1825,Aqua,MODIS,92,61.03,307.3,40.6,D,0
5.1,-70.1272,336.9,1,1,2023-01-29,1825,Aqua,MODIS,84,61.03,306.5,23.9,D,0
5.0048,-71.1696,324.5,1,1,2023-01-29,1825,Aqua,MODIS,69,61.03,304.9,10.7,D,0
4.9165,-72.0329,320,1,1,2023-01-29,1825,Aqua,MODIS,29,61.03,306.3,8.2,D,0
5.2411,-70.2985,328.8,1,1,2023-01-29,1825,Aqua,MODIS,59,61.03,307,13.4,D,0
4.7903,-73.4017,325.3,1.2,1.1,2023-01-29,1825,Aqua,MODIS,78,61.03,298.1,25.9,D,0
4.7888,-73.4116,312.3,1.2,1.1,2023-01-29,1825,Aqua,MODIS,47,61.03,296.4,10.5,D,0
5.0876,-71.6792,338.4,1,1,2023-01-29,1825,Aqua,MODIS,87,61.03,307,28.1,D,0
5.0863,-71.6882,415.1,1,1,2023-01-29,1825,Aqua,MODIS,100,61.03,317.5,350.4,D,0
5.085,-71.6973,334.9,1,1,2023-01-29,1825,Aqua,MODIS,84,61.03,308.6,22.7,D,0
5.0966,-71.6805,324,1,1,2023-01-29,1825,Aqua,MODIS,63,61.03,306.3,9,D,0
5.0953,-71.6895,336,1,1,2023-01-29,1825,Aqua,MODIS,85,61.03,306.2,24.4,D,0
5.094,-71.6986,331.5,1,1,2023-01-29,1825,Aqua,MODIS,80,61.03,307.2,17.3,D,0
5.5727,-68.7513,325.4,1.1,1.1,2023-01-29,1825,Aqua,MODIS,64,61.03,301.2,14,D,0
5.1658,-71.7156,319.9,1,1,2023-01-29,1825,Aqua,MODIS,61,61.03,305.7,8.4,D,0
5.1565,-71.779,322.3,1,1,2023-01-29,1825,Aqua,MODIS,62,61.03,304.9,9.4,D,0
5.1552,-71.7881,323.5,1,1,2023-01-29,1825,Aqua,MODIS,70,61.03,305.9,10.6,D,0
5.1599,-71.8817,326.7,1,1,2023-01-29,1825,Aqua,MODIS,76,61.03,306.7,14.8,D,0
5.1647,-71.9757,328.7,1,1,2023-01-29,1825,Aqua,MODIS,78,61.03,307,16.4,D,0
5.4003,-70.5358,326.9,1,1,2023-01-29,1825,Aqua,MODIS,73,61.03,306.7,12.3,D,0
5.2167,-71.8714,331.5,1,1,2023-01-29,1825,Aqua,MODIS,78,61.03,308.2,18.1,D,0
5.2154,-71.8805,328.1,1,1,2023-01-29,1825,Aqua,MODIS,72,61.03,308.7,13.4,D,0
5.2655,-72.2288,327.2,1,1,2023-01-29,1825,Aqua,MODIS,78,61.03,306.7,15.7,D,0
5.6015,-70.0318,358.6,1,1,2023-01-29,1825,Aqua,MODIS,99,61.03,305.6,76.1,D,0
5.6002,-70.041,333.5,1,1,2023-01-29,1825,Aqua,MODIS,80,61.03,303.6,25.2,D,0
5.6105,-70.0331,365.6,1,1,2023-01-29,1825,Aqua,MODIS,100,61.03,306,96.8,D,0
5.6092,-70.0423,330.8,1,1,2023-01-29,1825,Aqua,MODIS,77,61.03,303.5,21.2,D,0
5.4546,-71.2482,349.1,1,1,2023-01-29,1825,Aqua,MODIS,94,61.03,307.5,48.6,D,0
5.4533,-71.2571,323.2,1,1,2023-01-29,1825,Aqua,MODIS,60,61.03,303.1,8.8,D,0
5.733,-69.5656,359.2,1.1,1,2023-01-29,1825,Aqua,MODIS,99,61.03,306.8,73.6,D,0
5.7316,-69.5751,342.7,1.1,1,2023-01-29,1825,Aqua,MODIS,89,61.03,307.8,32.8,D,0
5.7587,-69.5654,327.7,1.1,1,2023-01-29,1825,Aqua,MODIS,38,61.03,307.4,11.3,D,0
5.7574,-69.5749,332,1.1,1,2023-01-29,1825,Aqua,MODIS,43,61.03,310.7,15.1,D,0
4.7462,-70.5344,322.4,1,1,2023-01-29,1825,Aqua,MODIS,39,61.03,307.2,7.6,D,0
5.6323,-70.9772,326.6,1,1,2023-01-29,1825,Aqua,MODIS,71,61.03,310.6,8.3,D,0
5.3686,-72.9028,314.8,1.1,1,2023-01-29,1825,Aqua,MODIS,51,61.03,294.3,11,D,0
5.3992,-72.8243,321,1.1,1,2023-01-29,1825,Aqua,MODIS,71,61.03,299.2,16.8,D,0
5.7886,-70.4608,320.9,1,1,2023-01-29,1825,Aqua,MODIS,49,61.03,305.2,6.6,D,0
5.7873,-70.4698,326,1,1,2023-01-29,1825,Aqua,MODIS,69,61.03,305.6,12,D,0
5.7078,-71.4036,321.8,1,1,2023-01-29,1825,Aqua,MODIS,57,61.03,307.7,7,D,0
5.5782,-72.3576,313.3,1,1,2023-01-29,1825,Aqua,MODIS,39,61.03,297.6,6.9,D,0
5.5768,-72.3668,317.4,1,1,2023-01-29,1825,Aqua,MODIS,63,61.03,298.4,10,D,0
5.7028,-71.887,322.2,1,1,2023-01-29,1825,Aqua,MODIS,56,61.03,307.7,7.6,D,0
5.9393,-70.375,322.9,1,1,2023-01-29,1825,Aqua,MODIS,27,61.03,304.5,8,D,0
5.938,-70.3841,363.7,1,1,2023-01-29,1825,Aqua,MODIS,100,61.03,306.9,85.8,D,0
5.9483,-70.3763,343.4,1,1,2023-01-29,1825,Aqua,MODIS,90,61.03,305.7,36.7,D,0
5.947,-70.3854,368.3,1,1,2023-01-29,1825,Aqua,MODIS,100,61.03,311.1,99.2,D,0
5.9573,-70.3776,329.4,1,1,2023-01-29,1825,Aqua,MODIS,75,61.03,306.3,14.7,D,0
5.956,-70.3867,324,1,1,2023-01-29,1825,Aqua,MODIS,35,61.03,307.9,7.8,D,0
5.7383,-72.4588,313.1,1.1,1,2023-01-29,1825,Aqua,MODIS,45,61.03,292,8.9,D,0
5.6516,-75.0383,306.9,1.5,1.2,2023-01-29,1825,Aqua,MODIS,35,61.03,292.7,6.5,D,0
4.1472,-74.8883,321.5,1.5,1.2,2023-01-29,1825,Aqua,MODIS,77,61.03,306.5,17.5,D,2
5.4788,-65.8498,320.7,1.8,1.3,2023-01-29,1825,Aqua,MODIS,73,61.03,298.4,23.2,D,0
5.4766,-65.8655,318.2,1.8,1.3,2023-01-29,1825,Aqua,MODIS,69,61.03,297.8,16.6,D,0
4.7398,-71.1583,326.9,1,1,2023-01-29,1825,Aqua,MODIS,63,61.03,306,12,D,0
4.622,-72.2143,321.1,1.1,1,2023-01-29,1825,Aqua,MODIS,66,61.03,304.5,8.2,D,0
4.7446,-71.5674,333.9,1,1,2023-01-29,1825,Aqua,MODIS,82,61.03,306.3,21.6,D,0
4.728,-71.5558,366.9,1,1,2023-01-29,1825,Aqua,MODIS,100,61.03,306.4,95.7,D,0
4.7267,-71.5648,355.4,1,1,2023-01-29,1825,Aqua,MODIS,97,61.03,306.1,63.4,D,0
4.6311,-72.2157,333.3,1.1,1,2023-01-29,1825,Aqua,MODIS,83,61.03,306.1,23.1,D,0
4.6298,-72.225,331.1,1.1,1,2023-01-29,1825,Aqua,MODIS,81,61.03,307.4,20.3,D,0
4.737,-71.5571,343.8,1,1,2023-01-29,1825,Aqua,MODIS,90,61.03,307.1,38.5,D,0
5.5437,-65.8642,316.7,1.8,1.3,2023-01-29,1825,Aqua,MODIS,47,61.03,299,13.4,D,0
5.0884,-69.1656,328.4,1.1,1,2023-01-29,1825,Aqua,MODIS,52,61.03,304.6,13.5,D,0
4.7459,-71.5584,340,1,1,2023-01-29,1825,Aqua,MODIS,88,61.03,305.2,30.4,D,0
-10.3913,-51.8933,308.8,1,1,2023-01-30,0144,Terra,MODIS,76,61.03,288.4,8.1,N,0
-10.3926,-51.9023,302,1,1,2023-01-30,0144,Terra,MODIS,41,61.03,288.9,4.1,N,0
0.5524,-59.8499,304.5,2,1.4,2023-01-30,0147,Terra,MODIS,60,61.03,290.1,13,N,0
0.5646,-59.8516,301.4,2,1.4,2023-01-30,0147,Terra,MODIS,25,61.03,289.6,7.9,N,0
0.5565,-59.856,312.8,2,1.4,2023-01-30,0147,Terra,MODIS,86,61.03,290.2,28.9,N,0
0.9093,-60.297,308.3,2.1,1.4,2023-01-30,0147,Terra,MODIS,74,61.03,290.7,22.2,N,0
0.9443,-60.3212,302.4,2.1,1.4,2023-01-30,0147,Terra,MODIS,49,61.03,290.4,10.9,N,0
0.9455,-60.3279,306.2,2.1,1.4,2023-01-30,0147,Terra,MODIS,67,61.03,290.6,17.8,N,0
2.5226,-60.6413,304.7,2.1,1.4,2023-01-30,0148,Terra,MODIS,61,61.03,291.3,14.3,N,0
2.7572,-61.1906,304.2,2.3,1.5,2023-01-30,0148,Terra,MODIS,59,61.03,291.3,15.1,N,0
2.7548,-61.1957,305.3,2.3,1.5,2023-01-30,0148,Terra,MODIS,64,61.03,291.2,18.6,N,0
-17.4924,-71.3552,316.6,1.3,1.1,2023-01-30,0320,Terra,MODIS,91,61.03,278.1,25.5,N,2
0.7079,-75.8585,301.5,1.3,1.1,2023-01-30,0326,Terra,MODIS,42,61.03,291,4.4,N,0
3.3918,-72.0597,306,2.7,1.6,2023-01-30,0326,Terra,MODIS,66,61.03,290.5,26.5,N,0
3.3885,-72.0834,312,2.7,1.6,2023-01-30,0326,Terra,MODIS,84,61.03,290.5,43.7,N,0
3.3968,-72.0669,321.5,2.7,1.6,2023-01-30,0326,Terra,MODIS,100,61.03,290.7,80.4,N,0
3.3936,-72.0907,305.3,2.7,1.6,2023-01-30,0326,Terra,MODIS,64,61.03,290,26,N,0
3.8841,-75.3334,302.6,1.5,1.2,2023-01-30,0326,Terra,MODIS,50,61.03,291.9,7.7,N,0
4.1192,-75.3025,302,1.5,1.2,2023-01-30,0326,Terra,MODIS,46,61.03,289.7,8.2,N,0
4.6074,-72.2433,309.8,2.7,1.6,2023-01-30,0326,Terra,MODIS,78,61.03,286.9,42.9,N,0
5.1784,-70.647,305.4,3.7,1.8,2023-01-30,0327,Terra,MODIS,64,61.03,289.6,46.3,N,0
5.1741,-70.6799,302.2,3.7,1.8,2023-01-30,0327,Terra,MODIS,47,61.03,289.9,33.8,N,0
5.1705,-70.6528,306.1,3.7,1.8,2023-01-30,0327,Terra,MODIS,51,61.03,289.9,45,N,0
-6.5734,-51.0996,309.2,1,1,2023-01-30,0507,Aqua,MODIS,77,61.03,285.8,9.7,N,2
5.1442,-69.2606,302.3,1.7,1.3,2023-01-30,0643,Aqua,MODIS,47,61.03,290.3,9.8,N,0
4.6201,-71.2178,314.1,1.3,1.1,2023-01-30,0643,Aqua,MODIS,89,61.03,290.5,18.6,N,0
4.8938,-75.3164,308.9,1,1,2023-01-30,0643,Aqua,MODIS,76,61.03,267.8,16.2,N,1
3.688,-71.8212,302.6,1.2,1.1,2023-01-30,0643,Aqua,MODIS,50,61.03,290.6,6.3,N,0
4.1261,-75.2966,303.5,1,1,2023-01-30,0643,Aqua,MODIS,56,61.03,289.3,6,N,0
1.7881,-72.6648,302,1.1,1.1,2023-01-30,0644,Aqua,MODIS,46,61.03,290.7,5.7,N,0
-1.9985,-78.3385,336.2,1.2,1.1,2023-01-30,0645,Aqua,MODIS,100,61.03,273.8,56.4,N,1
-2.0083,-78.3393,315,1.2,1.1,2023-01-30,0645,Aqua,MODIS,90,61.03,273.1,24.2,N,1
5.5628,-62.5378,317.3,1.6,1.2,2023-01-30,1406,Terra,MODIS,64,61.03,298.3,18.6,D,0
5.2149,-61.3425,311.1,1.3,1.1,2023-01-30,1406,Terra,MODIS,45,61.03,295.3,7.2,D,0
5.0926,-60.7044,310.3,1.2,1.1,2023-01-30,1406,Terra,MODIS,38,61.03,293.3,7.1,D,0
5.0911,-60.6936,311.8,1.2,1.1,2023-01-30,1406,Terra,MODIS,43,61.03,294.2,9,D,0
5.0651,-61.2247,317.2,1.3,1.1,2023-01-30,1406,Terra,MODIS,71,61.03,301.4,12.3,D,0
4.8331,-60.0697,319.6,1.1,1,2023-01-30,1406,Terra,MODIS,74,61.03,299.9,11.3,D,0
4.7807,-60.2831,317.1,1.1,1.1,2023-01-30,1406,Terra,MODIS,31,61.03,299.8,9.3,D,0
4.4545,-59.9319,320.4,1.1,1,2023-01-30,1406,Terra,MODIS,74,61.03,300.6,10.3,D,0
4.4961,-60.2922,318.3,1.1,1.1,2023-01-30,1406,Terra,MODIS,71,61.03,302.9,7.1,D,0
4.373,-59.6818,319.6,1.1,1,2023-01-30,1406,Terra,MODIS,73,61.03,301.3,9.1,D,0
4.4918,-61.149,311.9,1.2,1.1,2023-01-30,1406,Terra,MODIS,45,61.03,299,7.1,D,0
4.0256,-59.3834,313.4,1,1,2023-01-30,1406,Terra,MODIS,54,61.03,299.9,6.3,D,0
4.0013,-59.8544,317.3,1.1,1,2023-01-30,1406,Terra,MODIS,53,61.03,301.9,6.1,D,0
3.975,-59.8008,317.2,1.1,1,2023-01-30,1406,Terra,MODIS,54,61.03,301.5,5.2,D,0
4.0793,-60.7062,318.9,1.2,1.1,2023-01-30,1406,Terra,MODIS,61,61.03,300.2,9.2,D,0
3.8541,-59.3462,320.3,1,1,2023-01-30,1406,Terra,MODIS,71,61.03,301.4,9.6,D,0
3.8358,-59.7285,325.8,1.1,1,2023-01-30,1406,Terra,MODIS,77,61.03,304,12.6,D,0
5.0233,-68.5852,330,4.7,2,2023-01-30,1406,Terra,MODIS,84,61.03,289.9,227.3,D,0
3.7722,-59.6714,319.3,1,1,2023-01-30,1406,Terra,MODIS,43,61.03,302.2,5.3,D,0
5.0228,-68.5908,333.2,4.7,2,2023-01-30,1406,Terra,MODIS,87,61.03,290.3,265.7,D,0
3.7907,-60.3812,318.9,1.1,1.1,2023-01-30,1406,Terra,MODIS,63,61.03,302.2,7.2,D,0
3.6565,-59.7002,323.3,1,1,2023-01-30,1406,Terra,MODIS,60,61.03,303.7,8.2,D,0
4.5424,-66.6653,315.8,3.3,1.7,2023-01-30,1406,Terra,MODIS,71,61.03,294.9,49.6,D,0
4.5443,-66.6708,315.3,3.3,1.7,2023-01-30,1406,Terra,MODIS,70,61.03,294.8,48.1,D,0
3.475,-60.5507,322.9,1.1,1.1,2023-01-30,1406,Terra,MODIS,73,61.03,302.9,9.8,D,0
3.4657,-60.552,321.4,1.1,1.1,2023-01-30,1406,Terra,MODIS,68,61.03,303.4,8,D,0
3.4231,-60.3877,318.6,1.1,1,2023-01-30,1406,Terra,MODIS,58,61.03,301.2,6.4,D,0
3.3266,-59.9036,318.2,1.1,1,2023-01-30,1406,Terra,MODIS,66,61.03,299.1,6.6,D,0
3.3775,-60.7133,319.2,1.1,1.1,2023-01-30,1406,Terra,MODIS,67,61.03,301.6,7.7,D,0
3.2525,-59.9045,326.6,1.1,1,2023-01-30,1406,Terra,MODIS,79,61.03,301.2,16.2,D,0
3.2511,-59.8952,325.2,1.1,1,2023-01-30,1406,Terra,MODIS,71,61.03,300.8,15.1,D,0
3.2434,-59.9057,320.9,1.1,1,2023-01-30,1406,Terra,MODIS,72,61.03,300.2,10.1,D,0
3.2337,-60.0274,320.1,1.1,1,2023-01-30,1406,Terra,MODIS,71,61.03,300.4,8.3,D,0
3.0864,-60.2826,326.1,1.1,1,2023-01-30,1406,Terra,MODIS,77,61.03,303,15,D,0
3.0851,-60.2731,325.4,1.1,1,2023-01-30,1406,Terra,MODIS,77,61.03,301.6,14,D,0
2.8533,-59.8217,318.5,1,1,2023-01-30,1407,Terra,MODIS,56,61.03,301.3,6.6,D,0
2.7028,-60.4395,323.3,1.1,1,2023-01-30,1407,Terra,MODIS,75,61.03,300.1,14.9,D,0
2.6074,-59.9061,321.8,1,1,2023-01-30,1407,Terra,MODIS,74,61.03,302.5,7.7,D,0
2.5394,-61.2273,310.3,1.2,1.1,2023-01-30,1407,Terra,MODIS,33,61.03,292.3,5.6,D,0
-11.2109,-52.3986,309.3,3.7,1.8,2023-01-30,1410,Terra,MODIS,36,61.03,288.4,32.4,D,0
-11.204,-52.4038,310,3.7,1.8,2023-01-30,1410,Terra,MODIS,52,61.03,289.9,37.1,D,0
-11.5071,-54.197,312.5,2.7,1.6,2023-01-30,1410,Terra,MODIS,48,61.03,292.2,27.5,D,0
-12.0575,-54.0808,311.6,2.8,1.6,2023-01-30,1410,Terra,MODIS,59,61.03,292.6,28.7,D,0
-12.2712,-54.7642,313.6,2.5,1.5,2023-01-30,1410,Terra,MODIS,39,61.03,293.9,23.2,D,0
-12.2656,-54.7704,312.7,2.5,1.5,2023-01-30,1410,Terra,MODIS,32,61.03,294.7,21.9,D,0
-12.3461,-55.0015,311.6,2.4,1.5,2023-01-30,1410,Terra,MODIS,44,61.03,294.3,21.2,D,0
-12.1596,-57.3434,313,1.6,1.2,2023-01-30,1410,Terra,MODIS,52,61.03,296.2,13.8,D,0
-12.3382,-57.018,312.5,1.7,1.3,2023-01-30,1410,Terra,MODIS,63,61.03,295.5,13.8,D,0
-12.8042,-55.18,312.8,2.3,1.5,2023-01-30,1411,Terra,MODIS,46,61.03,294.7,23,D,0
-13.2941,-53.0393,308.6,3.5,1.8,2023-01-30,1411,Terra,MODIS,29,61.03,290.1,30.6,D,0
-12.8499,-58.9268,308.9,1.3,1.1,2023-01-30,1411,Terra,MODIS,57,61.03,293,5.6,D,2
-13.252,-56.7535,311.7,1.8,1.3,2023-01-30,1411,Terra,MODIS,28,61.03,294.6,12.7,D,0
-13.7762,-55.3209,310.7,2.3,1.5,2023-01-30,1411,Terra,MODIS,60,61.03,292.6,21.6,D,0
-13.6786,-56.648,312.9,1.8,1.3,2023-01-30,1411,Terra,MODIS,65,61.03,295.5,17.5,D,0
-15.584,-53.3178,306.6,3.6,1.8,2023-01-30,1411,Terra,MODIS,23,61.03,287.7,42.9,D,0
-20.9979,-61.076,355.1,1.2,1.1,2023-01-30,1413,Terra,MODIS,97,61.03,299,80.3,D,0
2.7413,-75.3557,310.9,3,1.7,2023-01-30,1545,Terra,MODIS,68,61.03,293.4,25.4,D,0
2.7399,-75.3613,310.6,3,1.7,2023-01-30,1545,Terra,MODIS,67,61.03,293.3,24,D,0
1.2692,-74.108,325,4,1.9,2023-01-30,1545,Terra,MODIS,82,61.03,292.8,134.7,D,0
1.2793,-74.1118,324.4,4,1.9,2023-01-30,1545,Terra,MODIS,81,61.03,293.4,129.6,D,0
1.1164,-74.3584,311.8,3.9,1.8,2023-01-30,1545,Terra,MODIS,67,61.03,293.7,36.4,D,0
0.7142,-75.8687,307.9,3,1.6,2023-01-30,1546,Terra,MODIS,60,61.03,289.9,22,D,0
0.7103,-75.8427,309.8,3,1.6,2023-01-30,1546,Terra,MODIS,64,61.03,289.9,27.6,D,0
0.7089,-75.8497,312.9,3,1.6,2023-01-30,1546,Terra,MODIS,70,61.03,289.9,39.9,D,0
0.4852,-74.9543,314.2,3.6,1.8,2023-01-30,1546,Terra,MODIS,72,61.03,289.8,56.6,D,0
0.4805,-74.9232,310.8,3.6,1.8,2023-01-30,1546,Terra,MODIS,66,61.03,290,41.2,D,0
0.4904,-74.9591,311.1,3.6,1.8,2023-01-30,1546,Terra,MODIS,67,61.03,289.8,41.9,D,0
0.4859,-74.9279,313.1,3.6,1.8,2023-01-30,1546,Terra,MODIS,70,61.03,290,52.6,D,0
0.0844,-76.8921,313.4,2.5,1.5,2023-01-30,1546,Terra,MODIS,43,61.03,293.3,26,D,2
-0.1913,-76.6422,312,2.7,1.6,2023-01-30,1546,Terra,MODIS,68,61.03,295.3,23.3,D,2
-2.0111,-78.3443,318.6,2.1,1.4,2023-01-30,1546,Terra,MODIS,28,61.03,278.3,46,D,1
-2.4555,-78.1682,307,2.2,1.4,2023-01-30,1546,Terra,MODIS,36,61.03,289.5,13.6,D,2
-3.2751,-75.0106,304.2,4.1,1.9,2023-01-30,1547,Terra,MODIS,13,61.03,285.8,16.8,D,0
-3.2807,-75.0182,304.3,4.1,1.9,2023-01-30,1547,Terra,MODIS,29,61.03,285.9,19.2,D,0
-3.3291,-79.809,317.2,1.7,1.3,2023-01-30,1547,Terra,MODIS,54,61.03,296.6,17.3,D,2
-3.3312,-79.7942,317,1.7,1.3,2023-01-30,1547,Terra,MODIS,59,61.03,296.7,16.7,D,2
-3.4196,-79.9019,313.1,1.7,1.3,2023-01-30,1547,Terra,MODIS,46,61.03,294.5,10.2,D,0
-20.9913,-61.0805,319.7,3.7,1.8,2023-01-30,1722,Aqua,MODIS,71,61.03,290.4,71.5,D,0
-20.2758,-60.8531,310.8,3.5,1.8,2023-01-30,1722,Aqua,MODIS,28,61.03,291.1,34.9,D,0
-17.4708,-50.0137,323.1,1.1,1,2023-01-30,1722,Aqua,MODIS,55,61.03,304.1,13.5,D,0
-16.1112,-58.721,309.6,2.1,1.4,2023-01-30,1723,Aqua,MODIS,39,61.03,286.7,17,D,0
-14.8826,-53.6302,311.8,1,1,2023-01-30,1723,Aqua,MODIS,0,61.03,290.4,6.5,D,0
-15.3835,-57.6664,313.7,1.7,1.3,2023-01-30,1723,Aqua,MODIS,40,61.03,295,13.7,D,0
-15.2112,-57.4881,316.4,1.7,1.3,2023-01-30,1723,Aqua,MODIS,49,61.03,297.5,16.2,D,0
-15.234,-59.346,312.9,2.3,1.5,2023-01-30,1723,Aqua,MODIS,45,61.03,294.3,19.4,D,2
-15.2354,-59.3294,313.6,2.3,1.5,2023-01-30,1723,Aqua,MODIS,50,61.03,294.4,19.3,D,2
-13.7907,-51.9848,317.1,1,1,2023-01-30,1723,Aqua,MODIS,31,61.03,297.8,7.3,D,0
-14.374,-58.1087,315.7,1.8,1.3,2023-01-30,1723,Aqua,MODIS,54,61.03,295.9,18.7,D,0
-13.5869,-53.18,320.1,1,1,2023-01-30,1723,Aqua,MODIS,66,61.03,301,10,D,0
-13.9563,-56.6077,316.2,1.4,1.2,2023-01-30,1723,Aqua,MODIS,55,61.03,298.6,14.9,D,0
-13.4084,-53.6716,323.7,1,1,2023-01-30,1723,Aqua,MODIS,31,61.03,305,12,D,0
-13.3699,-53.6546,318,1,1,2023-01-30,1723,Aqua,MODIS,33,61.03,300.8,8.2,D,0
-13.2371,-53.4358,317.4,1,1,2023-01-30,1723,Aqua,MODIS,54,61.03,294.2,9.5,D,0
-10.7868,-54.0576,317.1,1,1,2023-01-30,1724,Aqua,MODIS,45,61.03,297.6,9.4,D,0
-13.0412,-53.6753,321.4,1,1,2023-01-30,1724,Aqua,MODIS,65,61.03,304.4,12.6,D,0
-13.255,-56.766,314.4,1.4,1.2,2023-01-30,1724,Aqua,MODIS,25,61.03,297,11.7,D,0
-13.2395,-56.7292,315.9,1.4,1.2,2023-01-30,1724,Aqua,MODIS,40,61.03,296.7,12.3,D,0
-12.8917,-54.2411,319.6,1,1,2023-01-30,1724,Aqua,MODIS,28,61.03,301.5,9.8,D,0
-12.9826,-56.6301,314.7,1.4,1.2,2023-01-30,1724,Aqua,MODIS,26,61.03,296.8,11.9,D,0
-12.6435,-54.4422,327.2,1,1,2023-01-30,1724,Aqua,MODIS,59,61.03,309.5,20,D,2
-12.4607,-54.3162,319.6,1,1,2023-01-30,1724,Aqua,MODIS,60,61.03,299,8.5,D,0
-12.2928,-54.4305,317.6,1,1,2023-01-30,1724,Aqua,MODIS,41,61.03,298.8,8.7,D,0
-12.3009,-54.4876,323.5,1,1,2023-01-30,1724,Aqua,MODIS,47,61.03,304.2,13.8,D,0
-12.197,-54.2671,318.5,1,1,2023-01-30,1724,Aqua,MODIS,30,61.03,298,10.7,D,0
-12.3366,-55.261,319.3,1.1,1.1,2023-01-30,1724,Aqua,MODIS,57,61.03,300.4,12.9,D,0
-12.1752,-54.3761,326.1,1,1,2023-01-30,1724,Aqua,MODIS,41,61.03,304.1,16.5,D,0
-12.152,-54.5443,314.7,1,1,2023-01-30,1724,Aqua,MODIS,51,61.03,298.4,8.3,D,0
-12.34,-57.0168,317.7,1.4,1.2,2023-01-30,1724,Aqua,MODIS,49,61.03,300,16.5,D,0
-11.9302,-54.2708,319.2,1,1,2023-01-30,1724,Aqua,MODIS,49,61.03,302.8,10.8,D,0
-11.9,-54.2531,318.6,1,1,2023-01-30,1724,Aqua,MODIS,14,61.03,301.9,9.1,D,0
-11.8387,-54.0157,317.8,1,1,2023-01-30,1724,Aqua,MODIS,39,61.03,300.9,11.2,D,0
-12.095,-56.7066,319.6,1.3,1.1,2023-01-30,1724,Aqua,MODIS,52,61.03,300.9,20.2,D,0
-12.0862,-57.0182,313.9,1.4,1.2,2023-01-30,1724,Aqua,MODIS,26,61.03,296.6,12,D,0
-12.4714,-60.3687,312.2,2.5,1.5,2023-01-30,1724,Aqua,MODIS,60,61.03,293.6,29.4,D,0
-12.4577,-60.3706,310.9,2.5,1.5,2023-01-30,1724,Aqua,MODIS,60,61.03,293.8,23.5,D,0
-11.6575,-54.3545,321.8,1,1,2023-01-30,1724,Aqua,MODIS,37,61.03,302.4,11.9,D,0
-12.4653,-60.3747,312.8,2.5,1.5,2023-01-30,1724,Aqua,MODIS,64,61.03,294.6,28.7,D,0
-11.9964,-56.8697,313.1,1.4,1.2,2023-01-30,1724,Aqua,MODIS,18,61.03,295.3,10.2,D,0
-11.6284,-54.7453,314.5,1.1,1,2023-01-30,1724,Aqua,MODIS,38,61.03,297.6,7.1,D,0
-11.7142,-58.4592,311.8,1.7,1.3,2023-01-30,1724,Aqua,MODIS,18,61.03,292.7,16.2,D,0
-11.2784,-55.5795,319.9,1.1,1.1,2023-01-30,1724,Aqua,MODIS,60,61.03,302,13.4,D,0
-10.9961,-54.167,321.6,1,1,2023-01-30,1724,Aqua,MODIS,62,61.03,303.9,13.4,D,0
-11.0135,-54.7514,316.1,1,1,2023-01-30,1724,Aqua,MODIS,23,61.03,298.5,8,D,0
-0.7026,-63.2686,313.6,2.8,1.6,2023-01-30,1727,Aqua,MODIS,69,61.03,290.7,40.1,D,0
-0.692,-63.2633,316.1,2.8,1.6,2023-01-30,1727,Aqua,MODIS,72,61.03,287.4,48.7,D,0
-1.0129,-62.9479,312.6,2.7,1.6,2023-01-30,1727,Aqua,MODIS,46,61.03,290.8,26,D,0
1.322,-60.6869,378.7,1.6,1.2,2023-01-30,1728,Aqua,MODIS,100,61.03,296.8,282.3,D,0
1.32,-60.7013,424.8,1.6,1.3,2023-01-30,1728,Aqua,MODIS,100,61.03,302.4,867.9,D,0
1.3111,-60.692,327,1.6,1.2,2023-01-30,1728,Aqua,MODIS,35,61.03,294.2,34.8,D,0
1.3223,-60.6936,412.6,1.6,1.2,2023-01-30,1728,Aqua,MODIS,100,61.03,300,661.7,D,0
1.3201,-60.708,410.6,1.6,1.3,2023-01-30,1728,Aqua,MODIS,100,61.03,300.8,634.9,D,0
1.3313,-60.7096,346.3,1.6,1.3,2023-01-30,1728,Aqua,MODIS,94,61.03,294.5,96.5,D,0
1.3291,-60.724,327.6,1.6,1.3,2023-01-30,1728,Aqua,MODIS,45,61.03,295.4,38.6,D,0
1.5419,-60.2818,324.4,1.5,1.2,2023-01-30,1728,Aqua,MODIS,69,61.03,287.6,30.2,D,0
1.5527,-60.2834,320.8,1.5,1.2,2023-01-30,1728,Aqua,MODIS,64,61.03,284.7,23.9,D,0
1.5508,-60.2967,315.9,1.5,1.2,2023-01-30,1728,Aqua,MODIS,39,61.03,283.9,15.8,D,0
1.5947,-61.0204,311.8,1.7,1.3,2023-01-30,1728,Aqua,MODIS,64,61.03,294.1,9.7,D,0
1.8079,-60.5045,325,1.5,1.2,2023-01-30,1728,Aqua,MODIS,81,61.03,296.2,31.2,D,0
1.8115,-60.4964,316.4,1.5,1.2,2023-01-30,1728,Aqua,MODIS,71,61.03,295.6,16.3,D,0
1.8727,-60.6888,315.7,1.6,1.2,2023-01-30,1728,Aqua,MODIS,68,61.03,297.6,15.7,D,0
2.211,-59.4753,317.9,1.3,1.1,2023-01-30,1728,Aqua,MODIS,52,61.03,292.1,15.1,D,0
2.0219,-61.0844,314.9,1.7,1.3,2023-01-30,1728,Aqua,MODIS,46,61.03,298.7,15.7,D,0
2.1695,-60.7856,313.3,1.6,1.2,2023-01-30,1728,Aqua,MODIS,63,61.03,297.3,15,D,0
2.1993,-60.8918,309.2,1.6,1.3,2023-01-30,1728,Aqua,MODIS,34,61.03,293.3,8.1,D,0
2.2818,-60.653,314.8,1.5,1.2,2023-01-30,1728,Aqua,MODIS,65,61.03,297.6,13.9,D,0
2.3217,-60.534,311.4,1.5,1.2,2023-01-30,1728,Aqua,MODIS,43,61.03,293.5,14.3,D,0
2.4991,-59.5369,321.8,1.3,1.1,2023-01-30,1728,Aqua,MODIS,63,61.03,300.4,11.1,D,0
2.4974,-59.5421,322.6,1.3,1.1,2023-01-30,1728,Aqua,MODIS,70,61.03,300.7,12.5,D,0
2.2345,-61.6589,314.5,1.8,1.3,2023-01-30,1728,Aqua,MODIS,67,61.03,295.1,18.9,D,0
2.5936,-59.5864,337.2,1.3,1.1,2023-01-30,1728,Aqua,MODIS,88,61.03,301,39.6,D,0
2.6196,-59.9026,330.2,1.4,1.2,2023-01-30,1728,Aqua,MODIS,83,61.03,298.4,27.2,D,0
2.7259,-60.9051,318.6,1.6,1.2,2023-01-30,1728,Aqua,MODIS,57,61.03,294,18.7,D,0
3.0852,-60.2719,329.3,1.4,1.2,2023-01-30,1728,Aqua,MODIS,79,61.03,305.3,23.4,D,0
3.0079,-60.8661,322.7,1.6,1.2,2023-01-30,1728,Aqua,MODIS,71,61.03,294.2,27.9,D,0
3.2521,-59.905,326.5,1.3,1.1,2023-01-30,1728,Aqua,MODIS,73,61.03,306.1,18.8,D,0
3.2503,-59.9168,325.6,1.3,1.1,2023-01-30,1728,Aqua,MODIS,76,61.03,305,16.2,D,0
3.4056,-59.5589,320.2,1.3,1.1,2023-01-30,1728,Aqua,MODIS,45,61.03,296.7,13.3,D,0
3.6255,-59.3128,319.6,1.2,1.1,2023-01-30,1728,Aqua,MODIS,65,61.03,301,11.1,D,0
3.6478,-59.5108,331.2,1.2,1.1,2023-01-30,1728,Aqua,MODIS,79,61.03,305.1,25.6,D,0
3.6576,-59.5123,321.3,1.2,1.1,2023-01-30,1728,Aqua,MODIS,52,61.03,303.6,9.1,D,0
3.6259,-59.8655,320.4,1.3,1.1,2023-01-30,1728,Aqua,MODIS,27,61.03,301,8.7,D,0
3.6825,-59.6935,328.6,1.3,1.1,2023-01-30,1728,Aqua,MODIS,74,61.03,304.4,21.3,D,0
3.8826,-59.3032,319.5,1.2,1.1,2023-01-30,1728,Aqua,MODIS,62,61.03,297.7,11.2,D,0
3.8811,-59.3139,321.1,1.2,1.1,2023-01-30,1728,Aqua,MODIS,69,61.03,300.7,13,D,0
3.8395,-59.734,329.7,1.3,1.1,2023-01-30,1728,Aqua,MODIS,81,61.03,307.3,17.9,D,0
3.8378,-59.7453,326.5,1.3,1.1,2023-01-30,1728,Aqua,MODIS,78,61.03,305.3,12,D,0
3.9648,-59.7186,332.6,1.3,1.1,2023-01-30,1728,Aqua,MODIS,85,61.03,302.6,32,D,0
3.9962,-59.8507,316.8,1.3,1.1,2023-01-30,1728,Aqua,MODIS,47,61.03,299,10.3,D,0
4.1932,-60.039,326.3,1.3,1.1,2023-01-30,1728,Aqua,MODIS,57,61.03,302.5,22,D,0
4.1914,-60.0509,334.4,1.3,1.1,2023-01-30,1728,Aqua,MODIS,86,61.03,303.1,38.3,D,0
4.2033,-60.0406,319.1,1.3,1.1,2023-01-30,1728,Aqua,MODIS,44,61.03,302.1,13.2,D,0
4.2016,-60.052,321,1.3,1.1,2023-01-30,1728,Aqua,MODIS,68,61.03,299.9,16.9,D,0
1.8094,-60.51,318.1,1.5,1.2,2023-01-30,1728,Aqua,MODIS,74,61.03,296.3,19.7,D,0
1.3109,-60.6853,313.9,1.6,1.2,2023-01-30,1728,Aqua,MODIS,44,61.03,294,13,D,0
1.3088,-60.6996,321.9,1.6,1.3,2023-01-30,1728,Aqua,MODIS,77,61.03,293.4,28.9,D,0
4.8063,-59.9091,310.6,1.3,1.1,2023-01-30,1729,Aqua,MODIS,38,61.03,295.8,9.5,D,0
4.6672,-61.224,312.7,1.6,1.2,2023-01-30,1729,Aqua,MODIS,60,61.03,296.2,14.1,D,0
5.0093,-60.396,309.9,1.4,1.2,2023-01-30,1729,Aqua,MODIS,60,61.03,294.5,10.3,D,0
5.0075,-60.4079,317,1.4,1.2,2023-01-30,1729,Aqua,MODIS,73,61.03,295,18.6,D,0
5.0882,-60.7009,313.7,1.4,1.2,2023-01-30,1729,Aqua,MODIS,29,61.03,300.1,11.3,D,0
5.1036,-60.7088,314,1.4,1.2,2023-01-30,1729,Aqua,MODIS,48,61.03,294.6,13.2,D,0
5.2144,-61.4033,322.4,1.6,1.2,2023-01-30,1729,Aqua,MODIS,72,61.03,301.7,21.8,D,0
5.2254,-61.4048,331.7,1.6,1.2,2023-01-30,1729,Aqua,MODIS,86,61.03,303,42.3,D,0
5.2233,-61.419,321.9,1.6,1.2,2023-01-30,1729,Aqua,MODIS,35,61.03,301.5,21.4,D,0
5.2364,-61.4066,326,1.6,1.2,2023-01-30,1729,Aqua,MODIS,52,61.03,301.5,28,D,0
5.2343,-61.4206,329.4,1.6,1.2,2023-01-30,1729,Aqua,MODIS,70,61.03,300.7,37.7,D,0
4.5464,-66.6754,314.1,4.2,1.9,2023-01-30,1729,Aqua,MODIS,49,61.03,295.1,57.7,D,0
5.3894,-61.2442,316.8,1.5,1.2,2023-01-30,1729,Aqua,MODIS,72,61.03,298.9,15.4,D,0
4.5498,-66.68,311.9,4.2,1.9,2023-01-30,1729,Aqua,MODIS,37,61.03,294.9,45.5,D,0
4.7726,-66.3944,308.1,3.9,1.8,2023-01-30,1729,Aqua,MODIS,49,61.03,293.6,29.2,D,0
4.7617,-66.3966,308.6,3.9,1.8,2023-01-30,1729,Aqua,MODIS,55,61.03,293.7,32.4,D,0
5.6705,-67.7262,320.7,4.8,2,2023-01-30,1729,Aqua,MODIS,78,61.03,299.4,74.1,D,0
-6.3331,-77.8927,316.2,1,1,2023-01-30,1904,Aqua,MODIS,61,61.03,299,7.3,D,0
-6.221,-78.9566,330.7,1,1,2023-01-30,1904,Aqua,MODIS,78,61.03,294.6,22.7,D,0
-5.8938,-77.9684,322.8,1,1,2023-01-30,1904,Aqua,MODIS,75,61.03,297.8,15.9,D,0
-5.8951,-77.9779,322,1,1,2023-01-30,1904,Aqua,MODIS,74,61.03,297.6,14.8,D,0
-5.7731,-78.532,321.5,1,1,2023-01-30,1904,Aqua,MODIS,44,61.03,299.5,7.6,D,0
-4.8631,-80.9692,333.4,1.1,1,2023-01-30,1905,Aqua,MODIS,42,61.03,308.9,14.1,D,0
-2.5692,-78.7935,327.2,1,1,2023-01-30,1905,Aqua,MODIS,81,61.03,303.4,19.5,D,0
-2.4549,-78.636,312.6,1.1,1,2023-01-30,1905,Aqua,MODIS,40,61.03,291.3,9.1,D,0
-1.3135,-78.8943,322.3,1.1,1,2023-01-30,1906,Aqua,MODIS,65,61.03,294.9,14.1,D,0
-0.3683,-74.7718,316.5,2,1.4,2023-01-30,1906,Aqua,MODIS,64,61.03,295.3,19.8,D,0
-0.2079,-74.885,324.2,1.9,1.4,2023-01-30,1906,Aqua,MODIS,64,61.03,295.6,37.5,D,0
-0.0532,-74.6992,316,2,1.4,2023-01-30,1906,Aqua,MODIS,54,61.03,295.9,16.7,D,0
0.1914,-74.9153,346.6,1.9,1.4,2023-01-30,1906,Aqua,MODIS,93,61.03,297.3,125.2,D,0
0.1889,-74.9325,353.9,1.9,1.4,2023-01-30,1906,Aqua,MODIS,97,61.03,297.9,166.5,D,0
0.0896,-75.7788,328.8,1.7,1.3,2023-01-30,1906,Aqua,MODIS,82,61.03,296.4,42.6,D,0
0.08,-75.9991,318,1.6,1.2,2023-01-30,1906,Aqua,MODIS,70,61.03,296.6,19.1,D,0
0.2333,-74.997,316.2,1.9,1.4,2023-01-30,1906,Aqua,MODIS,63,61.03,296.8,19,D,0
0.2649,-74.9489,319.5,1.9,1.4,2023-01-30,1906,Aqua,MODIS,0,61.03,296.4,25.7,D,0
0.3665,-75.0578,317.3,1.9,1.3,2023-01-30,1906,Aqua,MODIS,47,61.03,297,18.3,D,0
0.3972,-75.1819,353.1,1.9,1.3,2023-01-30,1906,Aqua,MODIS,97,61.03,298.8,153.6,D,0
0.3898,-75.1866,342.8,1.9,1.3,2023-01-30,1906,Aqua,MODIS,92,61.03,297.3,101.3,D,0
0.4067,-75.3227,316.9,1.8,1.3,2023-01-30,1906,Aqua,MODIS,68,61.03,294.9,17.9,D,0
0.3077,-76.1653,336,1.6,1.2,2023-01-30,1906,Aqua,MODIS,88,61.03,296.1,59.7,D,0
0.3057,-76.1792,323.4,1.6,1.2,2023-01-30,1906,Aqua,MODIS,77,61.03,294.9,29.2,D,0
0.4396,-75.5062,357.7,1.8,1.3,2023-01-30,1906,Aqua,MODIS,99,61.03,295.3,169.6,D,0
0.4373,-75.5219,313.4,1.8,1.3,2023-01-30,1906,Aqua,MODIS,62,61.03,293.9,12.5,D,0
0.438,-75.4159,318.1,1.8,1.3,2023-01-30,1906,Aqua,MODIS,71,61.03,295.7,19.1,D,0
0.4386,-75.4969,337.2,1.8,1.3,2023-01-30,1906,Aqua,MODIS,88,61.03,295.1,73.8,D,0
0.4363,-75.5126,345.9,1.8,1.3,2023-01-30,1906,Aqua,MODIS,93,61.03,294.8,109.3,D,0
0.5588,-75.0809,324.8,1.9,1.4,2023-01-30,1906,Aqua,MODIS,78,61.03,297.5,37.1,D,0
0.5564,-75.0977,325.3,1.9,1.3,2023-01-30,1906,Aqua,MODIS,79,61.03,296.7,38.5,D,0
0.3904,-76.3104,344,1.5,1.2,2023-01-30,1906,Aqua,MODIS,87,61.03,294.9,83.3,D,0
0.5178,-75.5242,317,1.8,1.3,2023-01-30,1906,Aqua,MODIS,69,61.03,296.7,19,D,0
0.5129,-75.5292,321.8,1.8,1.3,2023-01-30,1906,Aqua,MODIS,75,61.03,296.7,27.8,D,0
0.568,-75.3086,324.7,1.8,1.3,2023-01-30,1906,Aqua,MODIS,77,61.03,296.9,29.4,D,0
0.5728,-75.3592,372.3,1.8,1.3,2023-01-30,1906,Aqua,MODIS,100,61.03,299.5,274.6,D,0
0.5527,-75.5826,331.2,1.8,1.3,2023-01-30,1906,Aqua,MODIS,84,61.03,297.7,51.1,D,0
0.5505,-75.5981,338.9,1.7,1.3,2023-01-30,1906,Aqua,MODIS,89,61.03,297.4,75.7,D,0
0.5965,-75.4444,351.8,1.8,1.3,2023-01-30,1906,Aqua,MODIS,96,61.03,297.8,133.2,D,0
0.4158,-76.6842,312.3,1.4,1.2,2023-01-30,1906,Aqua,MODIS,56,61.03,289.3,10.3,D,0
0.6247,-75.4162,322,1.8,1.3,2023-01-30,1906,Aqua,MODIS,76,61.03,299.3,22,D,0
0.613,-75.5755,318.3,1.8,1.3,2023-01-30,1906,Aqua,MODIS,32,61.03,293.6,17.1,D,0
0.6193,-75.5992,322.9,1.8,1.3,2023-01-30,1906,Aqua,MODIS,76,61.03,297.9,28,D,0
0.6376,-75.5541,322.3,1.8,1.3,2023-01-30,1906,Aqua,MODIS,65,61.03,296.9,25.6,D,0
0.6608,-75.5575,343.5,1.8,1.3,2023-01-30,1906,Aqua,MODIS,92,61.03,298.4,88.9,D,0
0.6725,-75.5591,324.7,1.8,1.3,2023-01-30,1906,Aqua,MODIS,70,61.03,298,29,D,0
0.6864,-75.545,364.9,1.8,1.3,2023-01-30,1906,Aqua,MODIS,100,61.03,300.3,206.7,D,0
0.6732,-75.7942,330.3,1.7,1.3,2023-01-30,1906,Aqua,MODIS,83,61.03,295.8,48.1,D,0
0.6643,-75.8539,335.6,1.7,1.3,2023-01-30,1906,Aqua,MODIS,87,61.03,297.1,63.6,D,0
0.693,-75.5517,327.7,1.8,1.3,2023-01-30,1906,Aqua,MODIS,81,61.03,298.9,36.6,D,0
0.6836,-75.7861,317.4,1.7,1.3,2023-01-30,1906,Aqua,MODIS,28,61.03,295.9,15.2,D,0
0.6814,-75.8011,331.5,1.7,1.3,2023-01-30,1906,Aqua,MODIS,84,61.03,296.2,51.8,D,0
0.6751,-75.846,340.3,1.7,1.3,2023-01-30,1906,Aqua,MODIS,90,61.03,295.9,78.4,D,0
0.673,-75.8609,351,1.7,1.3,2023-01-30,1906,Aqua,MODIS,96,61.03,296.4,122.5,D,0
0.695,-75.7876,333.7,1.7,1.3,2023-01-30,1906,Aqua,MODIS,86,61.03,297,55.4,D,0
0.6929,-75.8028,377.7,1.7,1.3,2023-01-30,1906,Aqua,MODIS,100,61.03,299.9,297.1,D,0
0.7086,-75.774,342.8,1.7,1.3,2023-01-30,1906,Aqua,MODIS,91,61.03,300,87.1,D,0
0.7222,-75.7607,341,1.7,1.3,2023-01-30,1906,Aqua,MODIS,90,61.03,298.1,78.7,D,0
0.7201,-75.7757,382.1,1.7,1.3,2023-01-30,1906,Aqua,MODIS,100,61.03,299,334.3,D,0
0.7049,-75.8807,318.8,1.7,1.3,2023-01-30,1906,Aqua,MODIS,41,61.03,294.9,19.7,D,0
0.7162,-75.8823,328.7,1.7,1.3,2023-01-30,1906,Aqua,MODIS,82,61.03,295.7,41.8,D,0
1.0603,-74.3369,330.9,2.2,1.4,2023-01-30,1906,Aqua,MODIS,83,61.03,299.5,67.3,D,0
0.9255,-75.1986,320.3,1.9,1.3,2023-01-30,1906,Aqua,MODIS,71,61.03,296.5,24.5,D,0
1.0577,-74.3417,332.1,2.2,1.4,2023-01-30,1906,Aqua,MODIS,84,61.03,299.8,71.6,D,0
1.1094,-74.3492,321.5,2.2,1.4,2023-01-30,1906,Aqua,MODIS,72,61.03,300.1,28.5,D,0
1.1066,-74.3689,334.6,2.2,1.4,2023-01-30,1906,Aqua,MODIS,86,61.03,299.8,79.5,D,0
1.1038,-74.3886,321.9,2.2,1.4,2023-01-30,1906,Aqua,MODIS,74,61.03,299.8,27.9,D,0
1.2308,-74.3334,333,2.3,1.5,2023-01-30,1906,Aqua,MODIS,85,61.03,301.1,72,D,0
1.2221,-74.3927,323.4,2.2,1.4,2023-01-30,1906,Aqua,MODIS,75,61.03,301.2,35.9,D,0
1.2163,-74.4323,342.1,2.2,1.4,2023-01-30,1906,Aqua,MODIS,91,61.03,301.7,116.2,D,0
1.2135,-74.4519,325.7,2.2,1.4,2023-01-30,1906,Aqua,MODIS,78,61.03,300.3,41.9,D,0
1.2279,-74.3381,329.1,2.3,1.5,2023-01-30,1906,Aqua,MODIS,81,61.03,301.5,53.7,D,0
1.2142,-74.4372,335.9,2.2,1.4,2023-01-30,1906,Aqua,MODIS,87,61.03,301.3,81,D,0
1.3854,-73.9664,315.4,2.4,1.5,2023-01-30,1906,Aqua,MODIS,40,61.03,293.5,19.7,D,0
1.0669,-76.2454,313.8,1.6,1.2,2023-01-30,1906,Aqua,MODIS,49,61.03,292.3,13.6,D,0
1.8782,-72.4855,323.9,3.2,1.7,2023-01-30,1906,Aqua,MODIS,55,61.03,286.3,92.3,D,0
2.2921,-75.0423,321.5,2.1,1.4,2023-01-30,1906,Aqua,MODIS,75,61.03,293.9,43,D,0
3.1607,-71.4545,317.4,4.1,1.9,2023-01-30,1906,Aqua,MODIS,68,61.03,292.7,73.3,D,0
3.2904,-71.9481,324.3,3.8,1.8,2023-01-30,1907,Aqua,MODIS,77,61.03,295.7,93,D,0
3.3066,-71.9505,329.4,3.8,1.8,2023-01-30,1907,Aqua,MODIS,82,61.03,297.2,128.6,D,0
3.3032,-71.9235,325.5,3.8,1.8,2023-01-30,1907,Aqua,MODIS,78,61.03,296.4,99.9,D,0
3.2988,-71.9571,330.6,3.8,1.8,2023-01-30,1907,Aqua,MODIS,83,61.03,297,137.4,D,0
3.447,-72.4712,322.2,3.4,1.7,2023-01-30,1907,Aqua,MODIS,65,61.03,300.7,51.7,D,0
3.4427,-72.4786,320,3.4,1.7,2023-01-30,1907,Aqua,MODIS,65,61.03,300.3,42.6,D,0
3.6275,-72.019,320.3,3.8,1.8,2023-01-30,1907,Aqua,MODIS,15,61.03,299,35.7,D,0
3.6722,-71.8159,323.4,3.9,1.8,2023-01-30,1907,Aqua,MODIS,74,61.03,298.8,80.4,D,0
3.6886,-71.8182,321.1,3.9,1.8,2023-01-30,1907,Aqua,MODIS,67,61.03,299.1,61.2,D,0
3.6599,-72.0237,319.8,3.8,1.8,2023-01-30,1907,Aqua,MODIS,30,61.03,299.2,39.6,D,0
3.6626,-71.8227,319.7,3.9,1.8,2023-01-30,1907,Aqua,MODIS,37,61.03,298,47.6,D,0
3.6956,-71.8273,319.8,3.9,1.8,2023-01-30,1907,Aqua,MODIS,45,61.03,298.5,50,D,0
3.6682,-72.0327,321.1,3.8,1.8,2023-01-30,1907,Aqua,MODIS,62,61.03,299.1,52.4,D,0
3.809,-72.257,325.3,3.6,1.8,2023-01-30,1907,Aqua,MODIS,76,61.03,301.3,84.6,D,0
3.8045,-72.2892,321.2,3.6,1.8,2023-01-30,1907,Aqua,MODIS,68,61.03,299.3,52.7,D,0
3.9166,-71.6076,325.3,4.1,1.9,2023-01-30,1907,Aqua,MODIS,76,61.03,298.8,100,D,0
3.8027,-72.2638,321.7,3.6,1.8,2023-01-30,1907,Aqua,MODIS,62,61.03,300.9,55.3,D,0
3.8187,-72.2659,324.5,3.6,1.8,2023-01-30,1907,Aqua,MODIS,75,61.03,300.6,75.8,D,0
3.9221,-71.6163,329.3,4.1,1.9,2023-01-30,1907,Aqua,MODIS,80,61.03,299,138.1,D,0
3.8447,-72.4324,321.5,3.5,1.8,2023-01-30,1907,Aqua,MODIS,71,61.03,300.8,48.7,D,0
3.3274,-76.3184,319.6,1.7,1.3,2023-01-30,1907,Aqua,MODIS,62,61.03,300.4,17.4,D,0
3.3894,-76.4396,326.3,1.7,1.3,2023-01-30,1907,Aqua,MODIS,75,61.03,299.6,30.4,D,0
4.2692,-71.1693,324.5,4.5,2,2023-01-30,1907,Aqua,MODIS,75,61.03,297.1,109.3,D,0
4.2689,-71.1744,326.2,4.5,2,2023-01-30,1907,Aqua,MODIS,77,61.03,297.2,128.2,D,0
4.519,-74.8169,317.7,2.3,1.5,2023-01-30,1907,Aqua,MODIS,58,61.03,299.2,25.3,D,0
-15.8872,-63.1952,306.7,1.1,1.1,2023-01-31,0224,Terra,MODIS,69,61.03,290.5,7.2,N,0
-15.8886,-63.2057,311.6,1.1,1.1,2023-01-31,0224,Terra,MODIS,83,61.03,290.6,11.3,N,0
1.3195,-60.6933,303.9,1.5,1.2,2023-01-31,0228,Terra,MODIS,29,61.03,285.6,8.7,N,0
1.3177,-60.7062,302.7,1.5,1.2,2023-01-31,0228,Terra,MODIS,14,61.03,284.4,7.6,N,0
1.3283,-60.7078,304.1,1.5,1.2,2023-01-31,0228,Terra,MODIS,17,61.03,285.8,9.1,N,0
1.3371,-60.7221,311.5,1.5,1.2,2023-01-31,0228,Terra,MODIS,61,61.03,284,17.1,N,0
1.7875,-72.6731,309,3,1.6,2023-01-31,0229,Terra,MODIS,76,61.03,290.3,38.9,N,0
1.7836,-72.6994,301.5,3,1.6,2023-01-31,0229,Terra,MODIS,30,61.03,290.2,16.7,N,0
1.7744,-72.6765,307.4,3,1.6,2023-01-31,0229,Terra,MODIS,53,61.03,290.7,32.2,N,0
1.789,-72.6786,307.9,3,1.6,2023-01-31,0229,Terra,MODIS,62,61.03,290.3,33.6,N,0
1.8403,-72.633,301,2.9,1.6,2023-01-31,0229,Terra,MODIS,37,61.03,290.3,17.1,N,0
4.0832,-60.0159,305,1.8,1.3,2023-01-31,0229,Terra,MODIS,63,61.03,293.6,10.3,N,0
4.0361,-61.2849,303.5,1.5,1.2,2023-01-31,0229,Terra,MODIS,53,61.03,291.9,7.2,N,0
3.1678,-71.4563,304.8,2.2,1.5,2023-01-31,0229,Terra,MODIS,37,61.03,292.3,16.4,N,0
3.1806,-71.4583,305.4,2.2,1.5,2023-01-31,0229,Terra,MODIS,49,61.03,292,17.6,N,0
3.1795,-71.4646,303.3,2.2,1.5,2023-01-31,0229,Terra,MODIS,54,61.03,291.8,15.1,N,0
3.5906,-71.9535,304.7,2.4,1.5,2023-01-31,0229,Terra,MODIS,61,61.03,291.4,19.4,N,0
3.6039,-71.9555,314.6,2.4,1.5,2023-01-31,0229,Terra,MODIS,90,61.03,291.7,43.7,N,0
3.6344,-72.0253,304.7,2.4,1.5,2023-01-31,0229,Terra,MODIS,61,61.03,291.8,18.4,N,0
3.633,-72.0096,303.6,2.4,1.5,2023-01-31,0229,Terra,MODIS,56,61.03,292.1,16.7,N,0
3.7016,-71.8266,305.8,2.3,1.5,2023-01-31,0229,Terra,MODIS,66,61.03,292.2,21.3,N,0
5.2393,-61.4085,303.9,1.5,1.2,2023-01-31,0229,Terra,MODIS,57,61.03,289.2,11.2,N,0
5.0778,-69.3207,308.7,1.4,1.2,2023-01-31,0230,Terra,MODIS,75,61.03,294.2,12.7,N,0
5.1375,-69.2784,307.1,1.4,1.2,2023-01-31,0230,Terra,MODIS,12,61.03,294.3,9.1,N,0
5.1357,-69.291,306.6,1.4,1.2,2023-01-31,0230,Terra,MODIS,60,61.03,293.8,9.2,N,0
5.1573,-69.2622,309.4,1.4,1.2,2023-01-31,0230,Terra,MODIS,29,61.03,294,11.5,N,0
5.1026,-70.6945,304.5,1.8,1.3,2023-01-31,0230,Terra,MODIS,60,61.03,292.6,12.6,N,0
5.4527,-69.0806,306.6,1.4,1.2,2023-01-31,0230,Terra,MODIS,69,61.03,294.4,8.7,N,0
5.6586,-69.8932,308.3,1.5,1.2,2023-01-31,0230,Terra,MODIS,74,61.03,293.9,14.3,N,0
5.7065,-69.8923,303.3,1.5,1.2,2023-01-31,0230,Terra,MODIS,55,61.03,293.2,8.9,N,0
5.8612,-69.6243,323.4,1.5,1.2,2023-01-31,0230,Terra,MODIS,100,61.03,293.4,36.8,N,0
5.8592,-69.6372,307.7,1.5,1.2,2023-01-31,0230,Terra,MODIS,72,61.03,292.4,13.6,N,0
3.9496,-59.8519,304.3,1,1,2023-01-31,0547,Aqua,MODIS,60,61.03,293.1,5.1,N,0
4.1941,-60.0621,307.1,1,1,2023-01-31,0547,Aqua,MODIS,70,61.03,292.7,6.4,N,0
5.2037,-61.2264,300,1,1,2023-01-31,0547,Aqua,MODIS,10,61.03,288.6,5.3,N,0
1.33,-60.7014,304.9,1,1,2023-01-31,0548,Aqua,MODIS,18,61.03,293.6,4.7,N,0
1.3326,-60.7192,307.3,1,1,2023-01-31,0548,Aqua,MODIS,71,61.03,293.2,6.5,N,0
0.4462,-60.5273,327.2,1,1,2023-01-31,0548,Aqua,MODIS,100,61.03,293,24.3,N,0
0.4539,-60.5171,313.5,1,1,2023-01-31,0548,Aqua,MODIS,87,61.03,292.5,11.3,N,0
0.8802,-60.2873,305.3,1,1,2023-01-31,0548,Aqua,MODIS,64,61.03,292.3,5.9,N,0
1.3287,-60.6926,308.9,1,1,2023-01-31,0548,Aqua,MODIS,76,61.03,293.6,7.6,N,0
0.4525,-60.5082,306.8,1,1,2023-01-31,0548,Aqua,MODIS,69,61.03,292.3,6.5,N,0
0.4359,-60.5197,303.5,1,1,2023-01-31,0548,Aqua,MODIS,28,61.03,291.7,4.3,N,0
0.4373,-60.5286,314.1,1,1,2023-01-31,0548,Aqua,MODIS,88,61.03,292.1,11.6,N,0
0.4449,-60.5184,328.5,1,1,2023-01-31,0548,Aqua,MODIS,100,61.03,293.5,26.1,N,0
-15.8873,-63.1955,311.9,1.1,1,2023-01-31,0553,Aqua,MODIS,84,61.03,282.2,12.3,N,0
-2.012,-78.3062,303.9,3,1.6,2023-01-31,0727,Aqua,MODIS,58,61.03,271.5,49.1,N,1
-17.2263,-50.5731,318.8,1.1,1,2023-01-31,1315,Terra,MODIS,38,61.03,298.7,10,D,0
-17.4893,-49.8326,315,1,1,2023-01-31,1315,Terra,MODIS,19,61.03,297.6,7.6,D,0
-17.6511,-49.6171,310.4,1,1,2023-01-31,1315,Terra,MODIS,36,61.03,291.2,5.5,D,0
5.091,-70.724,316.2,1.1,1.1,2023-01-31,1447,Terra,MODIS,46,61.03,302.8,6.5,D,0
5.2482,-61.3895,312.4,2.5,1.5,2023-01-31,1447,Terra,MODIS,40,61.03,296.7,20.1,D,0
5.2378,-61.4116,317.5,2.5,1.5,2023-01-31,1447,Terra,MODIS,75,61.03,297.4,36.6,D,0
5.2346,-61.3911,327.7,2.5,1.5,2023-01-31,1447,Terra,MODIS,84,61.03,297.3,77.8,D,0
5.9506,-67.6225,337.4,1,1,2023-01-31,1447,Terra,MODIS,88,61.03,309,27,D,0
5.9492,-67.6135,343.6,1,1,2023-01-31,1447,Terra,MODIS,92,61.03,308.8,37.8,D,0
4.9956,-61.7972,315.5,2.4,1.5,2023-01-31,1447,Terra,MODIS,57,61.03,299,26.2,D,0
4.9854,-61.8046,312.8,2.4,1.5,2023-01-31,1447,Terra,MODIS,33,61.03,297.6,20.4,D,0
5.7934,-67.4374,346.5,1,1,2023-01-31,1447,Terra,MODIS,93,61.03,304.9,46.1,D,0
5.792,-67.4284,328.9,1,1,2023-01-31,1447,Terra,MODIS,77,61.03,304.1,18.6,D,0
5.7277,-67.8646,321.9,1,1,2023-01-31,1447,Terra,MODIS,52,61.03,307.8,7.9,D,0
5.7188,-67.8659,322.6,1,1,2023-01-31,1447,Terra,MODIS,58,61.03,305.9,8.4,D,0
5.9553,-69.7525,342.4,1.1,1,2023-01-31,1447,Terra,MODIS,90,61.03,303.1,42.2,D,0
5.9539,-69.7431,328.9,1.1,1,2023-01-31,1447,Terra,MODIS,80,61.03,302.9,19.7,D,0
5.4017,-65.973,338.3,1.2,1.1,2023-01-31,1447,Terra,MODIS,90,61.03,304.8,40,D,0
5.4002,-65.9627,338.9,1.2,1.1,2023-01-31,1447,Terra,MODIS,85,61.03,304.1,41.7,D,0
5.3922,-65.9744,319.3,1.2,1.1,2023-01-31,1447,Terra,MODIS,73,61.03,300.7,11.3,D,0
5.7247,-68.4132,320.1,1,1,2023-01-31,1447,Terra,MODIS,49,61.03,306.6,7.8,D,0
5.8677,-69.5937,326.7,1,1,2023-01-31,1447,Terra,MODIS,77,61.03,304.3,16.6,D,0
5.8664,-69.5845,315.9,1,1,2023-01-31,1447,Terra,MODIS,45,61.03,302.1,5.5,D,0
5.8561,-69.6396,323,1,1,2023-01-31,1447,Terra,MODIS,64,61.03,302.7,11.5,D,0
5.8547,-69.6303,332,1,1,2023-01-31,1447,Terra,MODIS,82,61.03,305.6,22.8,D,0
5.7244,-69.4947,327.9,1,1,2023-01-31,1447,Terra,MODIS,78,61.03,303.2,17.3,D,0
5.7231,-69.4855,360.6,1,1,2023-01-31,1447,Terra,MODIS,100,61.03,306.5,82.8,D,0
5.7218,-69.4763,319.9,1,1,2023-01-31,1447,Terra,MODIS,45,61.03,306.4,8.9,D,0
5.7154,-69.4959,322.2,1,1,2023-01-31,1447,Terra,MODIS,70,61.03,303.1,11.3,D,0
5.7141,-69.4867,336.6,1,1,2023-01-31,1447,Terra,MODIS,86,61.03,304.9,30.6,D,0
5.4685,-68.0469,320.9,1,1,2023-01-31,1447,Terra,MODIS,49,61.03,303.9,6.5,D,0
5.4596,-68.0482,319.7,1,1,2023-01-31,1447,Terra,MODIS,43,61.03,302.9,5.8,D,0
5.462,-69.0823,325.7,1,1,2023-01-31,1447,Terra,MODIS,75,61.03,306.6,12.9,D,0
5.0537,-66.3082,315.5,1.1,1.1,2023-01-31,1447,Terra,MODIS,54,61.03,305,10.9,D,0
5.4531,-69.0835,322.2,1,1,2023-01-31,1447,Terra,MODIS,54,61.03,304.8,9.4,D,0
5.4518,-69.0746,326.6,1,1,2023-01-31,1447,Terra,MODIS,72,61.03,306.3,14.1,D,0
5.4505,-69.0656,325,1,1,2023-01-31,1447,Terra,MODIS,54,61.03,304.5,12,D,0
5.2932,-68.0482,322.5,1,1,2023-01-31,1447,Terra,MODIS,60,61.03,305.9,9.4,D,0
5.5527,-70.4895,328.2,1.1,1.1,2023-01-31,1447,Terra,MODIS,79,61.03,301.9,21.3,D,0
5.5513,-70.4795,348.4,1.1,1.1,2023-01-31,1447,Terra,MODIS,94,61.03,301.9,59.8,D,0
5.5433,-70.4908,322.4,1.1,1.1,2023-01-31,1447,Terra,MODIS,72,61.03,304.3,14.4,D,0
5.5419,-70.4808,347.5,1.1,1.1,2023-01-31,1447,Terra,MODIS,93,61.03,304.5,58.6,D,0
5.017,-68.0521,322.2,1,1,2023-01-31,1447,Terra,MODIS,75,61.03,303.6,10,D,0
5.0157,-68.0433,336.3,1,1,2023-01-31,1447,Terra,MODIS,87,61.03,303.7,27.9,D,0
5.158,-69.2783,323.2,1,1,2023-01-31,1447,Terra,MODIS,42,61.03,304.5,10.2,D,0
5.1567,-69.2693,333.5,1,1,2023-01-31,1447,Terra,MODIS,84,61.03,307.2,22.7,D,0
5.1554,-69.2603,335.3,1,1,2023-01-31,1447,Terra,MODIS,85,61.03,307.6,24.5,D,0
5.1541,-69.2513,334,1,1,2023-01-31,1447,Terra,MODIS,84,61.03,306.1,23.6,D,0
5.1414,-69.2898,335.7,1,1,2023-01-31,1447,Terra,MODIS,79,61.03,305.2,24.9,D,0
5.1401,-69.2808,327.9,1,1,2023-01-31,1447,Terra,MODIS,47,61.03,307.1,12.8,D,0
5.2439,-70.2607,319.8,1.1,1,2023-01-31,1447,Terra,MODIS,63,61.03,305,8.3,D,0
5.2207,-70.0976,321.9,1.1,1,2023-01-31,1447,Terra,MODIS,70,61.03,304.7,10.8,D,0
5.0904,-69.3153,322.8,1,1,2023-01-31,1447,Terra,MODIS,58,61.03,304.3,10.6,D,0
5.0828,-69.332,321.1,1,1,2023-01-31,1447,Terra,MODIS,45,61.03,303.4,9.9,D,0
5.0815,-69.323,335.4,1,1,2023-01-31,1447,Terra,MODIS,56,61.03,305.5,29,D,0
4.9712,-68.5674,328.7,1,1,2023-01-31,1447,Terra,MODIS,80,61.03,302.9,19,D,0
5.1378,-69.8374,328,1.1,1,2023-01-31,1447,Terra,MODIS,69,61.03,306.2,15.9,D,0
5.1351,-69.8188,325,1.1,1,2023-01-31,1447,Terra,MODIS,25,61.03,306,10.9,D,0
5.1873,-70.6467,316.4,1.1,1.1,2023-01-31,1447,Terra,MODIS,38,61.03,302.2,7.6,D,0
5.1859,-70.6367,328.5,1.1,1.1,2023-01-31,1447,Terra,MODIS,79,61.03,301.4,22.8,D,0
5.181,-70.6435,319.9,1.1,1.1,2023-01-31,1447,Terra,MODIS,67,61.03,302.1,12.4,D,0
4.8352,-68.2683,327.6,1,1,2023-01-31,1447,Terra,MODIS,64,61.03,302.6,17.3,D,0
4.5292,-66.6939,320.4,1.1,1,2023-01-31,1447,Terra,MODIS,31,61.03,301.5,12.5,D,0
5.1034,-70.7055,326.2,1.1,1.1,2023-01-31,1447,Terra,MODIS,77,61.03,303.8,17.3,D,0
5.099,-70.7126,328.6,1.1,1.1,2023-01-31,1447,Terra,MODIS,79,61.03,303.6,22.2,D,0
5.0975,-70.7025,321,1.1,1.1,2023-01-31,1447,Terra,MODIS,69,61.03,303.4,12.3,D,0
5.0895,-70.7139,331.4,1.1,1.1,2023-01-31,1447,Terra,MODIS,82,61.03,303.2,26.6,D,0
4.7898,-68.6506,327.5,1,1,2023-01-31,1447,Terra,MODIS,79,61.03,303.4,15.4,D,0
4.7886,-68.6418,326.1,1,1,2023-01-31,1447,Terra,MODIS,75,61.03,303.5,13.9,D,0
4.781,-68.6519,341.4,1,1,2023-01-31,1447,Terra,MODIS,90,61.03,306.4,35.8,D,0
4.7797,-68.643,323.8,1,1,2023-01-31,1447,Terra,MODIS,75,61.03,305.7,11.6,D,0
4.4905,-66.736,313.8,1.1,1,2023-01-31,1447,Terra,MODIS,55,61.03,300.3,7.3,D,0
4.7452,-68.5309,317,1,1,2023-01-31,1447,Terra,MODIS,29,61.03,303.5,5.9,D,0
4.3546,-66.761,316,1.1,1,2023-01-31,1447,Terra,MODIS,62,61.03,300.2,8.2,D,0
4.3439,-66.7526,315.7,1.1,1,2023-01-31,1447,Terra,MODIS,26,61.03,301.1,7,D,0
4.6782,-69.2125,322.2,1,1,2023-01-31,1447,Terra,MODIS,72,61.03,304.3,11.7,D,0
4.9567,-71.6366,334.4,1.3,1.1,2023-01-31,1447,Terra,MODIS,86,61.03,303.3,35.4,D,0
4.9569,-71.6428,322.6,1.3,1.1,2023-01-31,1447,Terra,MODIS,74,61.03,302.9,15.2,D,0
4.9553,-71.6315,326.4,1.3,1.1,2023-01-31,1447,Terra,MODIS,78,61.03,302.9,21,D,0
4.8981,-71.2356,318.9,1.2,1.1,2023-01-31,1447,Terra,MODIS,66,61.03,301.4,11.8,D,0
3.4008,-61.2064,313.4,2.8,1.6,2023-01-31,1447,Terra,MODIS,49,61.03,295.5,24.1,D,0
3.33,-61.2174,312.6,2.8,1.6,2023-01-31,1447,Terra,MODIS,63,61.03,294.5,25.8,D,0
4.1636,-66.781,322.4,1.1,1,2023-01-31,1447,Terra,MODIS,78,61.03,300.1,14.5,D,0
4.1622,-66.7713,318.6,1.1,1,2023-01-31,1447,Terra,MODIS,66,61.03,299.6,11,D,0
4.1577,-66.7883,314,1.1,1,2023-01-31,1447,Terra,MODIS,63,61.03,299.8,6.5,D,0
4.1563,-66.7786,312.4,1.1,1,2023-01-31,1447,Terra,MODIS,54,61.03,299.5,5.7,D,0
4.5294,-69.5209,317.5,1,1,2023-01-31,1447,Terra,MODIS,57,61.03,304.1,6.8,D,0
4.5489,-70.3582,325.6,1.1,1,2023-01-31,1447,Terra,MODIS,77,61.03,304,16.3,D,0
4.6547,-71.5321,317.1,1.3,1.1,2023-01-31,1447,Terra,MODIS,62,61.03,298.1,13.4,D,0
4.399,-70.4014,323.5,1.1,1,2023-01-31,1447,Terra,MODIS,75,61.03,302.9,13.9,D,0
4.4549,-71.4935,336.1,1.2,1.1,2023-01-31,1447,Terra,MODIS,86,61.03,303.6,36.2,D,0
4.4533,-71.4826,328.8,1.2,1.1,2023-01-31,1447,Terra,MODIS,80,61.03,303.8,22.5,D,0
4.3057,-71.0973,320.8,1.2,1.1,2023-01-31,1448,Terra,MODIS,70,61.03,304.4,11.8,D,0
3.405,-69.9076,311.3,1,1,2023-01-31,1448,Terra,MODIS,51,61.03,299.8,5.3,D,0
3.7235,-72.3168,316,1.4,1.2,2023-01-31,1448,Terra,MODIS,54,61.03,301.1,10.2,D,0
3.6849,-72.0453,327.7,1.3,1.1,2023-01-31,1448,Terra,MODIS,76,61.03,303.2,21.9,D,0
3.6832,-72.0337,323.8,1.3,1.1,2023-01-31,1448,Terra,MODIS,46,61.03,303.7,15.5,D,0
3.6414,-72.0277,352.4,1.3,1.1,2023-01-31,1448,Terra,MODIS,96,61.03,303.6,80.8,D,0
3.6398,-72.0162,348.7,1.3,1.1,2023-01-31,1448,Terra,MODIS,94,61.03,304.7,69.8,D,0
3.6314,-72.0291,381.6,1.3,1.1,2023-01-31,1448,Terra,MODIS,100,61.03,305.6,217.5,D,0
3.6298,-72.0176,339.5,1.3,1.1,2023-01-31,1448,Terra,MODIS,89,61.03,305.4,43.6,D,0
3.6325,-72.0356,351.3,1.3,1.1,2023-01-31,1448,Terra,MODIS,96,61.03,303.7,76.1,D,0
3.6309,-72.0241,369.8,1.3,1.1,2023-01-31,1448,Terra,MODIS,100,61.03,306.4,150.7,D,0
3.6225,-72.0369,321.2,1.3,1.1,2023-01-31,1448,Terra,MODIS,72,61.03,303.8,9,D,0
3.5993,-71.947,327.6,1.3,1.1,2023-01-31,1448,Terra,MODIS,80,61.03,302.9,23.2,D,0
3.4135,-72.0782,320.7,1.3,1.1,2023-01-31,1448,Terra,MODIS,60,61.03,302.2,12,D,0
3.4035,-72.0796,319.8,1.3,1.1,2023-01-31,1448,Terra,MODIS,36,61.03,303.5,10.1,D,0
3.4469,-72.4606,320.1,1.4,1.2,2023-01-31,1448,Terra,MODIS,69,61.03,301.5,13.3,D,0
3.3882,-72.1169,320.2,1.3,1.1,2023-01-31,1448,Terra,MODIS,72,61.03,301.9,12.5,D,0
3.3695,-72.4153,315.3,1.4,1.2,2023-01-31,1448,Terra,MODIS,64,61.03,299,11.5,D,0
3.3961,-72.7536,316.8,1.4,1.2,2023-01-31,1448,Terra,MODIS,58,61.03,300.3,9.6,D,0
3.0827,-72.4862,321.3,1.4,1.2,2023-01-31,1448,Terra,MODIS,74,61.03,298.9,18.4,D,0
3.0724,-72.4877,320.4,1.4,1.2,2023-01-31,1448,Terra,MODIS,59,61.03,299,16.8,D,0
3.0707,-72.4756,317.8,1.4,1.2,2023-01-31,1448,Terra,MODIS,38,61.03,299.1,13.3,D,0
1.3286,-60.7056,312,3.4,1.7,2023-01-31,1448,Terra,MODIS,68,61.03,294.3,39.8,D,0
3.0418,-72.4183,314.9,1.4,1.2,2023-01-31,1448,Terra,MODIS,58,61.03,297.3,10,D,0
3.0427,-72.4121,311.6,1.4,1.2,2023-01-31,1448,Terra,MODIS,32,61.03,297.2,6,D,0
3.2054,-73.6873,314.5,1.7,1.3,2023-01-31,1448,Terra,MODIS,49,61.03,296.3,13,D,0
2.6651,-72.2087,319,1.3,1.1,2023-01-31,1448,Terra,MODIS,72,61.03,300.6,13.2,D,0
2.6634,-72.1972,344,1.3,1.1,2023-01-31,1448,Terra,MODIS,92,61.03,301.7,62.6,D,0
0.4454,-60.5138,319.6,3.6,1.8,2023-01-31,1448,Terra,MODIS,76,61.03,292.9,83.6,D,0
0.4515,-60.5199,310.7,3.6,1.8,2023-01-31,1448,Terra,MODIS,64,61.03,292.6,37.6,D,0
0.4358,-60.5222,325.4,3.6,1.8,2023-01-31,1448,Terra,MODIS,82,61.03,292.5,122.8,D,0
1.7815,-72.6748,347.7,1.4,1.2,2023-01-31,1448,Terra,MODIS,94,61.03,303.1,77.4,D,0
3.6728,-71.6801,315.7,1.2,1.1,2023-01-31,1448,Terra,MODIS,37,61.03,300.9,6.5,D,0
3.6755,-71.6848,316,1.2,1.1,2023-01-31,1448,Terra,MODIS,58,61.03,301.3,6.4,D,0
3.7039,-71.8164,340.7,1.3,1.1,2023-01-31,1448,Terra,MODIS,90,61.03,303.9,48.9,D,0
3.7055,-71.8276,344.7,1.3,1.1,2023-01-31,1448,Terra,MODIS,92,61.03,303.8,59.6,D,0
3.7054,-71.406,314.9,1.2,1.1,2023-01-31,1448,Terra,MODIS,52,61.03,299.9,7.2,D,0
3.707,-71.4166,315,1.2,1.1,2023-01-31,1448,Terra,MODIS,52,61.03,301,7.6,D,0
2.1771,-60.7677,312.6,3.2,1.7,2023-01-31,1448,Terra,MODIS,68,61.03,293.6,38.8,D,0
2.1755,-60.7612,309.4,3.2,1.7,2023-01-31,1448,Terra,MODIS,62,61.03,293.4,28,D,0
2.1798,-60.7893,309.3,3.2,1.7,2023-01-31,1448,Terra,MODIS,62,61.03,293.6,27.8,D,0
2.8151,-64.2113,317.4,1.7,1.3,2023-01-31,1448,Terra,MODIS,75,61.03,293.4,26.1,D,0
4.0369,-71.5651,326.6,1.2,1.1,2023-01-31,1448,Terra,MODIS,78,61.03,302.5,21.1,D,0
4.0467,-71.5637,316.2,1.2,1.1,2023-01-31,1448,Terra,MODIS,60,61.03,301.8,7,D,0
4.0801,-71.4487,319.5,1.2,1.1,2023-01-31,1448,Terra,MODIS,68,61.03,302.7,11.2,D,0
4.174,-71.4622,319.8,1.2,1.1,2023-01-31,1448,Terra,MODIS,64,61.03,303,10.6,D,0
-2.0054,-78.333,342.8,3.3,1.7,2023-01-31,1449,Terra,MODIS,0,61.03,286.9,259.4,D,1
-2.7045,-49.3371,312.1,3.1,1.7,2023-01-31,1631,Aqua,MODIS,64,61.03,288.6,38,D,0
-2.7082,-49.3645,313.6,3.1,1.7,2023-01-31,1631,Aqua,MODIS,70,61.03,289.4,42.6,D,0
-2.7054,-49.3417,315.5,3.1,1.7,2023-01-31,1631,Aqua,MODIS,69,61.03,288.9,51.8,D,0
-2.7094,-49.369,310.1,3.1,1.7,2023-01-31,1631,Aqua,MODIS,64,61.03,289.3,29.3,D,0
-12.0732,-55.5124,314.4,3.1,1.7,2023-01-31,1806,Aqua,MODIS,53,61.03,291.9,35,D,0
-13.5028,-66.3728,316.3,1.2,1.1,2023-01-31,1806,Aqua,MODIS,37,61.03,290.6,7.3,D,0
-13.3663,-66.5755,312.9,1.2,1.1,2023-01-31,1806,Aqua,MODIS,64,61.03,290.1,7,D,0
-12.5881,-67.3075,328.7,1.3,1.1,2023-01-31,1807,Aqua,MODIS,83,61.03,291.4,33.6,D,0
-9.8603,-55.6219,312.1,3.3,1.7,2023-01-31,1807,Aqua,MODIS,40,61.03,290.6,30.8,D,0
-5.6982,-72.3723,304.1,2.5,1.5,2023-01-31,1809,Aqua,MODIS,21,61.03,283.5,9.5,D,0
-0.157,-60.7477,318.6,2,1.4,2023-01-31,1810,Aqua,MODIS,49,61.03,291.6,24.6,D,0
-0.729,-70.2666,327,1.4,1.2,2023-01-31,1810,Aqua,MODIS,0,61.03,295,35.9,D,0
-0.7308,-70.2795,309.7,1.4,1.2,2023-01-31,1810,Aqua,MODIS,0,61.03,294.2,8.8,D,0
-0.7243,-70.2739,325.3,1.4,1.2,2023-01-31,1810,Aqua,MODIS,0,61.03,294.8,31.7,D,0
-0.3673,-70.7979,313,1.6,1.2,2023-01-31,1810,Aqua,MODIS,36,61.03,293.8,11.3,D,0
-0.3693,-70.8118,321.3,1.6,1.2,2023-01-31,1810,Aqua,MODIS,55,61.03,293.3,25,D,0
-0.0249,-70.1102,312.8,1.4,1.2,2023-01-31,1810,Aqua,MODIS,66,61.03,294.3,11.5,D,0
-0.0267,-70.1224,315.3,1.4,1.2,2023-01-31,1810,Aqua,MODIS,70,61.03,293.8,15,D,0
0.0448,-70.2654,331.6,1.4,1.2,2023-01-31,1810,Aqua,MODIS,86,61.03,288.9,46.8,D,0
0.043,-70.278,339.8,1.4,1.2,2023-01-31,1810,Aqua,MODIS,91,61.03,286.6,67.8,D,0
0.0306,-70.5104,312.8,1.5,1.2,2023-01-31,1810,Aqua,MODIS,61,61.03,284.6,11.4,D,0
0.0019,-70.7084,323.6,1.5,1.2,2023-01-31,1810,Aqua,MODIS,79,61.03,295.9,29,D,0
-0.425,-73.7756,316.5,2.7,1.6,2023-01-31,1810,Aqua,MODIS,53,61.03,291.6,42.6,D,0
0.2648,-69.8784,316.1,1.3,1.1,2023-01-31,1810,Aqua,MODIS,71,61.03,295,13.5,D,0
1.6866,-60.3912,320,2.3,1.5,2023-01-31,1810,Aqua,MODIS,64,61.03,294.8,37.6,D,0
0.3409,-69.8537,310.4,1.3,1.1,2023-01-31,1810,Aqua,MODIS,59,61.03,293,6.9,D,2
1.7318,-60.5235,324.8,2.2,1.4,2023-01-31,1810,Aqua,MODIS,79,61.03,293.9,50.8,D,0
-0.3409,-74.8313,311.6,3.2,1.7,2023-01-31,1810,Aqua,MODIS,60,61.03,292.5,33,D,0
1.795,-60.2673,311.8,2.3,1.5,2023-01-31,1810,Aqua,MODIS,0,61.03,290.2,17.6,D,0
0.0292,-75.9093,309.5,3.9,1.8,2023-01-31,1810,Aqua,MODIS,47,61.03,290.6,34.5,D,0
0.9498,-70.0918,318.1,1.3,1.1,2023-01-31,1810,Aqua,MODIS,71,61.03,293.8,16.4,D,0
0.9481,-70.1036,310.9,1.3,1.1,2023-01-31,1810,Aqua,MODIS,55,61.03,293.8,7.3,D,0
0.2827,-74.9366,325.3,3.2,1.7,2023-01-31,1810,Aqua,MODIS,75,61.03,293.7,92.7,D,0
0.2979,-74.9387,313.7,3.2,1.7,2023-01-31,1810,Aqua,MODIS,59,61.03,294.8,36.8,D,0
0.1605,-75.8665,310.7,3.8,1.8,2023-01-31,1810,Aqua,MODIS,0,61.03,291.8,34.2,D,0
1.0609,-69.8199,312.4,1.3,1.1,2023-01-31,1810,Aqua,MODIS,39,61.03,294,9.6,D,0
0.3114,-75.0581,310.5,3.3,1.7,2023-01-31,1810,Aqua,MODIS,49,61.03,293.3,27,D,0
0.167,-75.8719,311,3.8,1.8,2023-01-31,1810,Aqua,MODIS,42,61.03,291.9,35,D,0
0.3866,-75.1633,313.7,3.3,1.7,2023-01-31,1810,Aqua,MODIS,43,61.03,293.2,36.2,D,0
0.4019,-75.1658,317.2,3.3,1.7,2023-01-31,1810,Aqua,MODIS,70,61.03,293.6,54.3,D,0
0.3977,-75.1954,312.9,3.4,1.7,2023-01-31,1810,Aqua,MODIS,60,61.03,292.8,34,D,0
0.3985,-75.1724,326.3,3.3,1.7,2023-01-31,1810,Aqua,MODIS,80,61.03,293.8,108.8,D,0
1.165,-70.154,316,1.3,1.1,2023-01-31,1810,Aqua,MODIS,63,61.03,297.6,12.6,D,0
1.1633,-70.1655,321.7,1.3,1.1,2023-01-31,1810,Aqua,MODIS,76,61.03,297.8,21.2,D,0
2.7155,-59.6913,322.4,2.7,1.6,2023-01-31,1810,Aqua,MODIS,74,61.03,296.5,42.5,D,0
0.4557,-75.4277,318.8,3.5,1.8,2023-01-31,1810,Aqua,MODIS,33,61.03,292.8,59.6,D,0
0.4423,-75.5207,346.4,3.6,1.8,2023-01-31,1810,Aqua,MODIS,94,61.03,292.2,306.8,D,0
1.2296,-70.1394,318.2,1.3,1.1,2023-01-31,1810,Aqua,MODIS,69,61.03,296.7,14.4,D,0
0.4933,-75.2776,330.3,3.4,1.7,2023-01-31,1810,Aqua,MODIS,84,61.03,293.1,135.3,D,0
0.4625,-75.4919,321.9,3.5,1.8,2023-01-31,1810,Aqua,MODIS,45,61.03,292.1,79.3,D,0
0.458,-75.523,357.9,3.6,1.8,2023-01-31,1810,Aqua,MODIS,99,61.03,292.5,470.9,D,0
1.2284,-70.1327,321.1,1.3,1.1,2023-01-31,1810,Aqua,MODIS,75,61.03,296.7,18.3,D,0
2.7194,-59.6972,320.1,2.7,1.6,2023-01-31,1810,Aqua,MODIS,71,61.03,295.1,33.5,D,0
0.4498,-75.4312,315.5,3.5,1.8,2023-01-31,1810,Aqua,MODIS,66,61.03,292.8,49.2,D,0
0.4884,-75.2814,329.4,3.4,1.7,2023-01-31,1810,Aqua,MODIS,83,61.03,293.1,127.5,D,0
0.4654,-75.4336,312.6,3.5,1.8,2023-01-31,1810,Aqua,MODIS,48,61.03,292.5,35.2,D,0
0.4561,-75.4954,343.7,3.5,1.8,2023-01-31,1810,Aqua,MODIS,92,61.03,292.2,276.4,D,0
0.4514,-75.5265,366,3.6,1.8,2023-01-31,1810,Aqua,MODIS,100,61.03,293.3,620.7,D,0
0.5701,-75.2631,317.9,3.4,1.7,2023-01-31,1810,Aqua,MODIS,30,61.03,293.2,47.2,D,0
0.5614,-75.323,317.4,3.4,1.7,2023-01-31,1810,Aqua,MODIS,37,61.03,292.2,42.6,D,0
0.5571,-75.3532,330.6,3.4,1.7,2023-01-31,1810,Aqua,MODIS,84,61.03,292.7,132.7,D,0
0.5504,-75.5098,325.1,3.5,1.8,2023-01-31,1810,Aqua,MODIS,79,61.03,293.4,102.4,D,0
0.5663,-75.2695,318.3,3.4,1.7,2023-01-31,1810,Aqua,MODIS,39,61.03,293.8,52.3,D,0
0.5571,-75.3293,320.3,3.4,1.7,2023-01-31,1810,Aqua,MODIS,67,61.03,291.6,62.1,D,0
0.5525,-75.3595,327.1,3.4,1.7,2023-01-31,1810,Aqua,MODIS,81,61.03,292.7,109.8,D,0
0.5651,-75.4871,320.3,3.5,1.8,2023-01-31,1810,Aqua,MODIS,73,61.03,293.6,68.9,D,0
0.5604,-75.5182,375.3,3.5,1.8,2023-01-31,1810,Aqua,MODIS,100,61.03,295,803.8,D,0
0.5557,-75.5496,313.5,3.6,1.8,2023-01-31,1810,Aqua,MODIS,26,61.03,292.6,35.8,D,0
0.6147,-75.3686,368.6,3.4,1.7,2023-01-31,1810,Aqua,MODIS,100,61.03,294.2,612.3,D,0
0.6103,-75.3988,366.9,3.4,1.7,2023-01-31,1810,Aqua,MODIS,100,61.03,294.1,583.5,D,0
2.9066,-59.6329,322.4,2.7,1.6,2023-01-31,1810,Aqua,MODIS,53,61.03,294.7,46,D,0
0.5938,-75.6199,330.6,3.6,1.8,2023-01-31,1810,Aqua,MODIS,84,61.03,292.7,151,D,0
0.5797,-75.716,313.3,3.7,1.8,2023-01-31,1810,Aqua,MODIS,21,61.03,292.2,38.7,D,0
1.4147,-70.0594,331.9,1.3,1.1,2023-01-31,1810,Aqua,MODIS,85,61.03,298.2,37.2,D,0
1.413,-70.071,322.4,1.3,1.1,2023-01-31,1810,Aqua,MODIS,77,61.03,298.4,20.6,D,0
0.637,-75.4342,330.4,3.5,1.8,2023-01-31,1810,Aqua,MODIS,49,61.03,293.8,118.3,D,0
0.6143,-75.5903,326.2,3.6,1.8,2023-01-31,1810,Aqua,MODIS,80,61.03,293.1,112,D,0
0.6097,-75.6222,334,3.6,1.8,2023-01-31,1810,Aqua,MODIS,86,61.03,293.3,179.4,D,0
0.5957,-75.7182,315.2,3.7,1.8,2023-01-31,1810,Aqua,MODIS,52,61.03,292.1,48.8,D,0
0.591,-75.7507,314.7,3.7,1.8,2023-01-31,1810,Aqua,MODIS,47,61.03,292,49.4,D,0
0.6249,-75.3748,379.2,3.4,1.7,2023-01-31,1810,Aqua,MODIS,100,61.03,294.8,851.1,D,0
0.6203,-75.4049,359.6,3.4,1.7,2023-01-31,1810,Aqua,MODIS,99,61.03,294.7,464.6,D,0
0.6155,-75.4358,325.5,3.5,1.8,2023-01-31,1810,Aqua,MODIS,79,61.03,294.4,93.6,D,0
0.5915,-75.5916,313.8,3.6,1.8,2023-01-31,1810,Aqua,MODIS,60,61.03,292.7,38.2,D,0
0.5866,-75.6233,325.5,3.6,1.8,2023-01-31,1810,Aqua,MODIS,79,61.03,292.6,111.4,D,0
0.5718,-75.7192,313.1,3.7,1.8,2023-01-31,1810,Aqua,MODIS,20,61.03,292.1,37.6,D,0
0.6073,-75.5938,332.6,3.6,1.8,2023-01-31,1810,Aqua,MODIS,85,61.03,293.3,163.6,D,0
0.6024,-75.6256,329.3,3.6,1.8,2023-01-31,1810,Aqua,MODIS,82,61.03,293.1,138.4,D,0
0.5877,-75.7216,313.3,3.7,1.8,2023-01-31,1810,Aqua,MODIS,32,61.03,292.1,39.2,D,0
0.6651,-75.3196,312.8,3.4,1.7,2023-01-31,1810,Aqua,MODIS,54,61.03,293.5,32.1,D,0
0.6514,-75.4097,335.5,3.4,1.7,2023-01-31,1810,Aqua,MODIS,87,61.03,294.5,172,D,0
0.6468,-75.4403,336.4,3.5,1.8,2023-01-31,1810,Aqua,MODIS,88,61.03,294.3,181.5,D,0
0.6452,-75.6645,327.5,3.6,1.8,2023-01-31,1810,Aqua,MODIS,81,61.03,293.2,123.4,D,0
0.5651,-76.2009,309.8,4,1.9,2023-01-31,1810,Aqua,MODIS,34,61.03,291.3,37.4,D,0
0.6981,-75.4171,318.4,3.4,1.7,2023-01-31,1810,Aqua,MODIS,70,61.03,294.1,56.6,D,0
0.6323,-75.8618,357.8,3.8,1.8,2023-01-31,1810,Aqua,MODIS,99,61.03,290.7,510.7,D,0
0.5604,-76.3468,314.5,4.1,1.9,2023-01-31,1810,Aqua,MODIS,62,61.03,291.1,64.2,D,0
1.4832,-70.2184,318.7,1.3,1.1,2023-01-31,1810,Aqua,MODIS,72,61.03,298.2,16.2,D,0
2.943,-60.2024,332.3,2.4,1.5,2023-01-31,1810,Aqua,MODIS,84,61.03,298.5,84,D,0
0.7877,-75.1272,311.7,3.3,1.7,2023-01-31,1810,Aqua,MODIS,53,61.03,293.2,25.7,D,0
0.6948,-75.7708,323.2,3.7,1.8,2023-01-31,1810,Aqua,MODIS,77,61.03,292.7,89.8,D,0
0.6902,-75.8031,362.2,3.7,1.8,2023-01-31,1810,Aqua,MODIS,100,61.03,293.7,558.4,D,0
0.6854,-75.8359,344.1,3.7,1.8,2023-01-31,1810,Aqua,MODIS,92,61.03,292.5,290.2,D,0
0.6806,-75.8691,323.5,3.8,1.8,2023-01-31,1810,Aqua,MODIS,71,61.03,291.3,101.8,D,0
1.6142,-69.4029,335.9,1.2,1.1,2023-01-31,1810,Aqua,MODIS,88,61.03,297.7,41,D,0
0.6932,-75.4238,318.4,3.4,1.7,2023-01-31,1810,Aqua,MODIS,70,61.03,294,56.2,D,0
0.6543,-75.6733,322.8,3.6,1.8,2023-01-31,1810,Aqua,MODIS,76,61.03,293.3,85.2,D,0
0.6291,-75.8352,322.3,3.7,1.8,2023-01-31,1810,Aqua,MODIS,75,61.03,291.3,93.7,D,0
0.6239,-75.868,339.2,3.8,1.8,2023-01-31,1810,Aqua,MODIS,89,61.03,291.1,248.6,D,0
1.6254,-69.3938,330.2,1.2,1.1,2023-01-31,1810,Aqua,MODIS,79,61.03,293.1,30.6,D,0
1.6238,-69.4043,332.4,1.2,1.1,2023-01-31,1810,Aqua,MODIS,85,61.03,296.8,34.2,D,0
0.565,-76.3551,313.9,4.1,1.9,2023-01-31,1810,Aqua,MODIS,60,61.03,291,60.8,D,0
2.9384,-60.2092,327.2,2.4,1.5,2023-01-31,1810,Aqua,MODIS,80,61.03,297.3,59.5,D,0
1.6747,-69.1264,317.7,1.1,1.1,2023-01-31,1810,Aqua,MODIS,71,61.03,295.3,12.6,D,0
0.785,-75.134,312.6,3.3,1.7,2023-01-31,1810,Aqua,MODIS,56,61.03,293.1,30.4,D,0
0.6922,-75.7446,312.2,3.7,1.8,2023-01-31,1810,Aqua,MODIS,54,61.03,292.4,28,D,0
0.6873,-75.7769,328.6,3.7,1.8,2023-01-31,1810,Aqua,MODIS,82,61.03,293.1,135.1,D,0
0.6824,-75.8093,373.3,3.7,1.8,2023-01-31,1810,Aqua,MODIS,100,61.03,294.3,799.9,D,0
0.6774,-75.8421,333,3.7,1.8,2023-01-31,1810,Aqua,MODIS,85,61.03,291.5,175.4,D,0
1.7048,-69.1204,316.6,1.1,1.1,2023-01-31,1810,Aqua,MODIS,68,61.03,293.1,10.9,D,0
1.7033,-69.1306,315.5,1.1,1.1,2023-01-31,1810,Aqua,MODIS,51,61.03,297.1,9.7,D,0
0.7757,-75.4051,310.8,3.4,1.7,2023-01-31,1810,Aqua,MODIS,35,61.03,293.4,24.1,D,0
0.7096,-75.8469,339,3.7,1.8,2023-01-31,1810,Aqua,MODIS,89,61.03,292.9,237.1,D,0
0.7046,-75.88,321.7,3.8,1.8,2023-01-31,1810,Aqua,MODIS,75,61.03,292.4,89.5,D,0
0.9383,-74.4139,317,2.8,1.6,2023-01-31,1810,Aqua,MODIS,52,61.03,296.3,35.4,D,0
0.7449,-75.7194,312.6,3.6,1.8,2023-01-31,1810,Aqua,MODIS,56,61.03,292.4,29.6,D,0
0.7402,-75.7516,350.5,3.7,1.8,2023-01-31,1810,Aqua,MODIS,95,61.03,293.1,372.2,D,0
0.96,-74.366,341.6,2.8,1.6,2023-01-31,1810,Aqua,MODIS,91,61.03,298.2,172.6,D,0
0.7561,-75.754,334.1,3.7,1.8,2023-01-31,1810,Aqua,MODIS,86,61.03,293.5,180.7,D,0
0.732,-75.9182,329.3,3.8,1.8,2023-01-31,1810,Aqua,MODIS,82,61.03,292.5,151.4,D,0
0.7334,-76.0216,313,3.8,1.8,2023-01-31,1810,Aqua,MODIS,57,61.03,292.3,47.8,D,0
1.346,-71.8882,319.8,1.8,1.3,2023-01-31,1810,Aqua,MODIS,54,61.03,296.5,24,D,0
0.7146,-76.267,315.4,4,1.9,2023-01-31,1810,Aqua,MODIS,64,61.03,291.4,64.7,D,0
0.717,-75.8522,318.8,3.7,1.8,2023-01-31,1810,Aqua,MODIS,70,61.03,292.7,65.4,D,0
1.344,-71.877,315.3,1.8,1.3,2023-01-31,1810,Aqua,MODIS,38,61.03,297.1,15.4,D,0
0.9662,-74.3463,320.2,2.8,1.6,2023-01-31,1810,Aqua,MODIS,51,61.03,294.6,41.2,D,0
0.9624,-74.3711,336.7,2.8,1.6,2023-01-31,1810,Aqua,MODIS,88,61.03,298.3,130.8,D,0
0.7532,-75.7249,323.9,3.6,1.8,2023-01-31,1810,Aqua,MODIS,77,61.03,292.8,95.3,D,0
0.7482,-75.757,358.2,3.7,1.8,2023-01-31,1810,Aqua,MODIS,99,61.03,293.7,490.8,D,0
0.7228,-75.9209,331.2,3.8,1.8,2023-01-31,1810,Aqua,MODIS,84,61.03,292.6,164.7,D,0
1.3811,-71.7877,316.5,1.7,1.3,2023-01-31,1810,Aqua,MODIS,67,61.03,298.7,19.5,D,0
1.3788,-71.8031,317.9,1.7,1.3,2023-01-31,1810,Aqua,MODIS,69,61.03,299.1,22.3,D,0
0.7398,-76.0266,313.9,3.8,1.8,2023-01-31,1810,Aqua,MODIS,60,61.03,292.3,53.6,D,0
1.009,-74.3529,350.2,2.8,1.6,2023-01-31,1810,Aqua,MODIS,95,61.03,299,247.1,D,0
1.0052,-74.3777,324.8,2.8,1.6,2023-01-31,1810,Aqua,MODIS,78,61.03,297.7,66.1,D,0
0.7194,-76.2716,314,4,1.9,2023-01-31,1810,Aqua,MODIS,60,61.03,291.5,60.2,D,0
1.7249,-69.6095,322.4,1.2,1.1,2023-01-31,1810,Aqua,MODIS,62,61.03,294.7,16.4,D,0
1.6531,-70.1003,314.3,1.3,1.1,2023-01-31,1810,Aqua,MODIS,63,61.03,298.3,10.4,D,0
1.6581,-70.1365,313.4,1.3,1.1,2023-01-31,1810,Aqua,MODIS,61,61.03,298,9.2,D,0
1.6564,-70.1481,328.7,1.3,1.1,2023-01-31,1810,Aqua,MODIS,82,61.03,298.3,32.5,D,0
1.7111,-69.8424,347.6,1.3,1.1,2023-01-31,1810,Aqua,MODIS,94,61.03,299.2,71.5,D,0
1.7095,-69.8536,357,1.3,1.1,2023-01-31,1810,Aqua,MODIS,98,61.03,300,101,D,0
1.4022,-71.9661,322.2,1.8,1.3,2023-01-31,1810,Aqua,MODIS,75,61.03,299,30.2,D,0
1.3999,-71.9819,314.6,1.8,1.3,2023-01-31,1810,Aqua,MODIS,50,61.03,297.7,14.5,D,0
1.7338,-69.7554,320.1,1.2,1.1,2023-01-31,1810,Aqua,MODIS,73,61.03,298.6,16.3,D,0
0.9559,-75.2238,313.8,3.3,1.7,2023-01-31,1810,Aqua,MODIS,51,61.03,293.7,33,D,0
0.9389,-75.3414,312.3,3.4,1.7,2023-01-31,1810,Aqua,MODIS,54,61.03,293,26.1,D,0
0.9574,-75.2014,312.5,3.3,1.7,2023-01-31,1810,Aqua,MODIS,55,61.03,293.4,27.6,D,0
1.8842,-69.0865,362,1.1,1.1,2023-01-31,1810,Aqua,MODIS,100,61.03,297.4,102.2,D,0
1.1016,-74.3486,327.6,2.8,1.6,2023-01-31,1810,Aqua,MODIS,81,61.03,297.6,81.4,D,0
1.8936,-69.0879,372.7,1.1,1.1,2023-01-31,1810,Aqua,MODIS,100,61.03,296.6,142.8,D,0
1.8922,-69.098,334,1.1,1.1,2023-01-31,1810,Aqua,MODIS,86,61.03,299,32.7,D,0
1.1514,-74.4066,316.2,2.8,1.6,2023-01-31,1810,Aqua,MODIS,66,61.03,297.5,30.6,D,0
1.4557,-72.4008,324.6,1.9,1.4,2023-01-31,1810,Aqua,MODIS,78,61.03,300.2,41.1,D,0
1.4596,-72.4062,321.4,1.9,1.4,2023-01-31,1810,Aqua,MODIS,74,61.03,300.2,34.5,D,0
1.1538,-74.4116,315.7,2.8,1.6,2023-01-31,1810,Aqua,MODIS,65,61.03,297.3,28.4,D,0
1.2009,-74.293,321.2,2.8,1.6,2023-01-31,1810,Aqua,MODIS,74,61.03,298.6,47.8,D,0
1.2216,-74.4472,316.3,2.8,1.6,2023-01-31,1810,Aqua,MODIS,66,61.03,296.8,29,D,0
1.3397,-73.9833,344.3,2.6,1.5,2023-01-31,1810,Aqua,MODIS,92,61.03,298.5,176.9,D,0
1.0277,-76.2657,312.8,4,1.9,2023-01-31,1811,Aqua,MODIS,38,61.03,290.5,45.2,D,0
1.0225,-76.3007,316.4,4,1.9,2023-01-31,1811,Aqua,MODIS,66,61.03,290.6,69.2,D,0
1.2104,-75.251,312.2,3.3,1.7,2023-01-31,1811,Aqua,MODIS,55,61.03,293,24.9,D,0
1.1107,-75.9309,312.5,3.7,1.8,2023-01-31,1811,Aqua,MODIS,56,61.03,291.6,33.8,D,0
1.0489,-76.0624,319.3,3.8,1.8,2023-01-31,1811,Aqua,MODIS,0,61.03,291.7,78.9,D,0
1.033,-76.2706,315.5,4,1.9,2023-01-31,1811,Aqua,MODIS,61,61.03,290.3,60.2,D,0
1.0275,-76.3056,314.5,4,1.9,2023-01-31,1811,Aqua,MODIS,62,61.03,290.3,56,D,0
1.2069,-75.255,313.4,3.3,1.7,2023-01-31,1811,Aqua,MODIS,59,61.03,292.7,30.5,D,0
1.4555,-74.0053,321.2,2.6,1.5,2023-01-31,1811,Aqua,MODIS,44,61.03,296.2,41,D,0
1.4521,-74.0283,366,2.6,1.5,2023-01-31,1811,Aqua,MODIS,100,61.03,299.4,384.7,D,0
1.4487,-74.0514,323,2.6,1.6,2023-01-31,1811,Aqua,MODIS,60,61.03,294.9,51.5,D,0
1.4584,-74.0363,327.8,2.6,1.5,2023-01-31,1811,Aqua,MODIS,79,61.03,297.6,71,D,0
1.7714,-72.6667,354.1,2,1.4,2023-01-31,1811,Aqua,MODIS,97,61.03,299.5,177.2,D,0
1.7688,-72.6845,335.2,2,1.4,2023-01-31,1811,Aqua,MODIS,87,61.03,300,80.9,D,0
1.7837,-72.6686,336.3,2,1.4,2023-01-31,1811,Aqua,MODIS,88,61.03,295.3,82.5,D,0
1.7811,-72.6864,338.6,2,1.4,2023-01-31,1811,Aqua,MODIS,89,61.03,299.5,93.4,D,0
1.7739,-72.6722,363.8,2,1.4,2023-01-31,1811,Aqua,MODIS,100,61.03,300.9,246.1,D,0
1.7862,-72.674,341.7,2,1.4,2023-01-31,1811,Aqua,MODIS,91,61.03,296,104.8,D,0
1.7835,-72.6918,325,2,1.4,2023-01-31,1811,Aqua,MODIS,70,61.03,297.9,41.1,D,0
1.8552,-72.3003,315.7,1.9,1.3,2023-01-31,1811,Aqua,MODIS,65,61.03,300.5,19.4,D,0
2.3989,-68.9078,318.1,1.1,1,2023-01-31,1811,Aqua,MODIS,57,61.03,295.7,12.9,D,0
1.8906,-72.3906,312.7,1.9,1.3,2023-01-31,1811,Aqua,MODIS,57,61.03,295.7,11.4,D,0
1.9484,-72.4578,313.8,1.9,1.3,2023-01-31,1811,Aqua,MODIS,26,61.03,295.6,12.7,D,0
3.6135,-60.9995,325.5,2.2,1.4,2023-01-31,1811,Aqua,MODIS,61,61.03,298.7,41.3,D,0
2.023,-72.2824,326.6,1.8,1.3,2023-01-31,1811,Aqua,MODIS,80,61.03,299.1,43,D,0
2.0286,-72.2883,323.9,1.8,1.3,2023-01-31,1811,Aqua,MODIS,77,61.03,298.5,36.3,D,0
3.1486,-65.5649,317.3,1.1,1,2023-01-31,1811,Aqua,MODIS,50,61.03,297.4,8.7,D,0
2.9256,-67.4344,326.9,1,1,2023-01-31,1811,Aqua,MODIS,81,61.03,293.8,20.1,D,0
2.6865,-69.5306,320.5,1.2,1.1,2023-01-31,1811,Aqua,MODIS,70,61.03,299.9,14.4,D,0
2.685,-69.541,314.1,1.2,1.1,2023-01-31,1811,Aqua,MODIS,45,61.03,299.5,7.5,D,0
2.6961,-69.532,317.7,1.2,1.1,2023-01-31,1811,Aqua,MODIS,59,61.03,299.1,10.9,D,0
3.0244,-67.4553,320.3,1,1,2023-01-31,1811,Aqua,MODIS,74,61.03,284.5,16.7,D,0
2.7698,-69.1954,320.8,1.1,1.1,2023-01-31,1811,Aqua,MODIS,56,61.03,296.1,14.2,D,0
2.7683,-69.2054,321,1.1,1.1,2023-01-31,1811,Aqua,MODIS,56,61.03,294.9,14.4,D,0
2.7444,-69.3669,316.1,1.1,1.1,2023-01-31,1811,Aqua,MODIS,51,61.03,297.5,9.6,D,0
2.3648,-72.2093,314,1.8,1.3,2023-01-31,1811,Aqua,MODIS,61,61.03,298.4,15.7,D,0
2.3384,-72.3871,315.9,1.9,1.3,2023-01-31,1811,Aqua,MODIS,63,61.03,300.1,19.7,D,0
2.4178,-72.3043,316.1,1.8,1.3,2023-01-31,1811,Aqua,MODIS,66,61.03,300.2,18.6,D,0
2.9498,-68.788,313.6,1.1,1,2023-01-31,1811,Aqua,MODIS,0,61.03,298.2,7.2,D,0
2.4627,-72.2453,318.8,1.8,1.3,2023-01-31,1811,Aqua,MODIS,71,61.03,300.1,23.9,D,0
2.8614,-70.6414,318.5,1.4,1.2,2023-01-31,1811,Aqua,MODIS,0,61.03,299.9,17.1,D,0
2.1849,-75.1361,353.8,3.1,1.7,2023-01-31,1811,Aqua,MODIS,0,61.03,288.7,344.3,D,0
2.6633,-72.4266,314.7,1.8,1.3,2023-01-31,1811,Aqua,MODIS,58,61.03,299,16.1,D,0
2.7107,-72.4338,313.7,1.8,1.3,2023-01-31,1811,Aqua,MODIS,58,61.03,294.9,17.3,D,0
2.711,-72.7128,324.8,1.9,1.4,2023-01-31,1811,Aqua,MODIS,79,61.03,298.1,39.3,D,0
2.8504,-71.8731,319.8,1.7,1.3,2023-01-31,1811,Aqua,MODIS,0,61.03,299,23.6,D,0
3.4325,-68.0026,347.4,1,1,2023-01-31,1811,Aqua,MODIS,89,61.03,300.9,50.5,D,0
3.4312,-68.0116,346.1,1,1,2023-01-31,1811,Aqua,MODIS,88,61.03,297.2,48.2,D,0
2.9746,-71.6621,391.9,1.6,1.2,2023-01-31,1811,Aqua,MODIS,100,61.03,303.2,397.3,D,0
2.9725,-71.6764,401.3,1.6,1.2,2023-01-31,1811,Aqua,MODIS,100,61.03,305.1,503.7,D,0
2.9857,-71.6637,369.9,1.6,1.2,2023-01-31,1811,Aqua,MODIS,100,61.03,302.1,213.3,D,0
2.9836,-71.678,377.3,1.6,1.2,2023-01-31,1811,Aqua,MODIS,100,61.03,302.6,266.8,D,0
2.975,-71.7351,319.6,1.6,1.3,2023-01-31,1811,Aqua,MODIS,72,61.03,299.5,16.5,D,0
3.1521,-71.3841,312.8,1.5,1.2,2023-01-31,1811,Aqua,MODIS,56,61.03,299.5,11.9,D,0
3.1684,-71.4485,320.2,1.5,1.2,2023-01-31,1811,Aqua,MODIS,72,61.03,296.6,23.5,D,0
3.1664,-71.462,322.1,1.5,1.2,2023-01-31,1811,Aqua,MODIS,75,61.03,300.3,26.5,D,0
3.3684,-70.192,312,1.3,1.1,2023-01-31,1811,Aqua,MODIS,51,61.03,300.8,6.8,D,0
3.6657,-68.7383,312.1,1.1,1,2023-01-31,1811,Aqua,MODIS,53,61.03,296.5,5.7,D,0
3.1745,-72.1608,341.6,1.7,1.3,2023-01-31,1811,Aqua,MODIS,91,61.03,298.9,85.7,D,0
3.3322,-71.4094,345.5,1.5,1.2,2023-01-31,1811,Aqua,MODIS,93,61.03,299.6,87,D,0
3.3566,-71.3179,334.3,1.5,1.2,2023-01-31,1811,Aqua,MODIS,86,61.03,301.2,50.5,D,0
3.3547,-71.3311,323.3,1.5,1.2,2023-01-31,1811,Aqua,MODIS,76,61.03,300.1,26.7,D,0
3.3372,-71.4032,329,1.5,1.2,2023-01-31,1811,Aqua,MODIS,82,61.03,297.8,40.3,D,0
3.3352,-71.4165,325.5,1.5,1.2,2023-01-31,1811,Aqua,MODIS,78,61.03,298.9,32.3,D,0
3.3622,-71.312,313.4,1.5,1.2,2023-01-31,1811,Aqua,MODIS,55,61.03,300.3,9.7,D,0
3.3602,-71.3252,336.5,1.5,1.2,2023-01-31,1811,Aqua,MODIS,87,61.03,301.2,56.1,D,0
3.8918,-67.8253,318.8,1,1,2023-01-31,1811,Aqua,MODIS,52,61.03,302.1,7.4,D,0
3.9007,-67.8266,325.7,1,1,2023-01-31,1811,Aqua,MODIS,76,61.03,300.1,14.2,D,0
3.8994,-67.8356,330.1,1,1,2023-01-31,1811,Aqua,MODIS,82,61.03,300,19.8,D,0
3.885,-67.9985,333.4,1,1,2023-01-31,1811,Aqua,MODIS,85,61.03,301.4,26.9,D,0
3.6135,-69.9839,328.9,1.2,1.1,2023-01-31,1811,Aqua,MODIS,82,61.03,300.9,28.6,D,0
3.9136,-68.3044,315.9,1,1,2023-01-31,1811,Aqua,MODIS,65,61.03,298.9,9,D,0
3.8658,-68.8863,315.5,1.1,1,2023-01-31,1811,Aqua,MODIS,65,61.03,299,8.4,D,0
3.3869,-72.127,321.9,1.7,1.3,2023-01-31,1811,Aqua,MODIS,64,61.03,302.7,18.9,D,0
3.8925,-69.014,314.3,1.1,1,2023-01-31,1811,Aqua,MODIS,59,61.03,301.6,7.2,D,0
3.5978,-71.4821,315.8,1.5,1.2,2023-01-31,1811,Aqua,MODIS,29,61.03,299.2,8.5,D,0
3.5999,-71.4878,320.2,1.5,1.2,2023-01-31,1811,Aqua,MODIS,53,61.03,299.7,16,D,0
3.598,-71.9444,326.5,1.6,1.3,2023-01-31,1811,Aqua,MODIS,63,61.03,304.5,29,D,0
3.7589,-71.1974,337.6,1.4,1.2,2023-01-31,1811,Aqua,MODIS,87,61.03,306.5,44.3,D,0
3.7569,-71.2101,333.7,1.4,1.2,2023-01-31,1811,Aqua,MODIS,84,61.03,306,34.4,D,0
3.6291,-72.0454,327.5,1.7,1.3,2023-01-31,1811,Aqua,MODIS,76,61.03,300.8,27.6,D,0
3.6449,-72.0178,330.9,1.7,1.3,2023-01-31,1811,Aqua,MODIS,70,61.03,301.9,35.6,D,0
3.6878,-72.0393,331.3,1.7,1.3,2023-01-31,1811,Aqua,MODIS,78,61.03,303.3,38.9,D,0
3.6856,-72.0541,331.3,1.7,1.3,2023-01-31,1811,Aqua,MODIS,79,61.03,301.9,39.2,D,0
3.6951,-72.0608,318.3,1.7,1.3,2023-01-31,1811,Aqua,MODIS,18,61.03,298,12.2,D,0
4.0568,-70.4462,337.7,1.3,1.1,2023-01-31,1811,Aqua,MODIS,87,61.03,307.3,38.6,D,0
4.0551,-70.4575,321.8,1.3,1.1,2023-01-31,1811,Aqua,MODIS,69,61.03,307.9,9.7,D,0
3.9861,-70.9136,326.2,1.4,1.2,2023-01-31,1811,Aqua,MODIS,74,61.03,303.2,22.6,D,0
3.8993,-71.4833,321.1,1.5,1.2,2023-01-31,1811,Aqua,MODIS,66,61.03,303.5,14,D,0
3.8959,-71.8762,325.2,1.6,1.2,2023-01-31,1811,Aqua,MODIS,66,61.03,304.4,20.4,D,0
4.317,-69.2549,321.6,1.1,1,2023-01-31,1811,Aqua,MODIS,64,61.03,301.5,13,D,0
4.5361,-67.8251,329.5,1,1,2023-01-31,1811,Aqua,MODIS,82,61.03,303,19.4,D,0
4.7643,-66.2972,316.1,1,1,2023-01-31,1811,Aqua,MODIS,59,61.03,301.9,7.2,D,0
4.763,-66.3064,320.9,1,1,2023-01-31,1811,Aqua,MODIS,70,61.03,304.2,11.4,D,0
4.7707,-66.383,332.9,1,1,2023-01-31,1811,Aqua,MODIS,64,61.03,307.8,25.6,D,0
4.7693,-66.3922,315.8,1,1,2023-01-31,1811,Aqua,MODIS,41,61.03,302.5,6.4,D,0
4.2036,-70.3483,324.6,1.2,1.1,2023-01-31,1811,Aqua,MODIS,69,61.03,308.9,12.6,D,0
4.202,-70.3595,325.3,1.3,1.1,2023-01-31,1811,Aqua,MODIS,69,61.03,306.9,13.3,D,0
4.263,-70.0135,348.4,1.2,1.1,2023-01-31,1811,Aqua,MODIS,94,61.03,302.8,67.9,D,0
4.0278,-71.6044,322,1.5,1.2,2023-01-31,1811,Aqua,MODIS,68,61.03,304.8,12.5,D,0
5.5146,-61.4293,316.2,2.2,1.4,2023-01-31,1811,Aqua,MODIS,60,61.03,300.9,19.1,D,0
4.4059,-69.3446,315.4,1.1,1,2023-01-31,1811,Aqua,MODIS,8,61.03,302.3,5.8,D,0
4.4928,-68.8197,328.9,1.1,1,2023-01-31,1811,Aqua,MODIS,77,61.03,305.3,16.4,D,0
4.3454,-69.8821,317.7,1.2,1.1,2023-01-31,1811,Aqua,MODIS,51,61.03,302.5,10.5,D,0
4.3703,-69.7802,325.2,1.2,1.1,2023-01-31,1811,Aqua,MODIS,65,61.03,303.8,16.6,D,0
4.4259,-69.4684,345.7,1.1,1.1,2023-01-31,1811,Aqua,MODIS,92,61.03,304.8,52.1,D,0
4.4245,-69.4784,323.3,1.1,1.1,2023-01-31,1811,Aqua,MODIS,68,61.03,302.8,13.9,D,0
4.3398,-70.0534,322.9,1.2,1.1,2023-01-31,1811,Aqua,MODIS,59,61.03,308,13.4,D,0
4.393,-69.8257,324.6,1.2,1.1,2023-01-31,1811,Aqua,MODIS,33,61.03,307.1,14.3,D,0
4.2817,-70.5851,322.2,1.3,1.1,2023-01-31,1811,Aqua,MODIS,60,61.03,307,10.2,D,0
4.7194,-67.6398,335.1,1,1,2023-01-31,1811,Aqua,MODIS,86,61.03,303,28.7,D,0
4.7181,-67.6488,326.2,1,1,2023-01-31,1811,Aqua,MODIS,79,61.03,301.6,17.3,D,0
4.1644,-71.4547,328.6,1.5,1.2,2023-01-31,1811,Aqua,MODIS,77,61.03,306,26.2,D,0
4.1625,-71.4679,325.7,1.5,1.2,2023-01-31,1811,Aqua,MODIS,74,61.03,308.5,20,D,0
4.1675,-71.4607,335.6,1.5,1.2,2023-01-31,1811,Aqua,MODIS,84,61.03,307,43.2,D,0
4.5012,-69.3844,324.8,1.1,1,2023-01-31,1811,Aqua,MODIS,68,61.03,304.8,13.4,D,0
4.3081,-70.6771,345.1,1.3,1.1,2023-01-31,1811,Aqua,MODIS,91,61.03,308.6,57.5,D,0
4.5105,-69.3858,323.6,1.1,1,2023-01-31,1811,Aqua,MODIS,63,61.03,304.6,11,D,0
4.4546,-69.8298,325.8,1.2,1.1,2023-01-31,1811,Aqua,MODIS,39,61.03,307.8,11.7,D,0
4.4641,-69.8312,325.4,1.2,1.1,2023-01-31,1811,Aqua,MODIS,29,61.03,309.5,11.2,D,0
4.6453,-68.6581,321.1,1,1,2023-01-31,1811,Aqua,MODIS,51,61.03,302.9,8,D,0
4.3098,-71.1368,321.8,1.4,1.2,2023-01-31,1811,Aqua,MODIS,34,61.03,305.4,9.7,D,0
4.736,-68.4807,342.7,1,1,2023-01-31,1811,Aqua,MODIS,90,61.03,305.1,36.5,D,0
4.7347,-68.4898,328.1,1,1,2023-01-31,1811,Aqua,MODIS,77,61.03,306.1,15.6,D,0
5.0578,-66.3108,322.7,1,1,2023-01-31,1811,Aqua,MODIS,0,61.03,304.9,12.2,D,0
4.4716,-70.3392,320.9,1.2,1.1,2023-01-31,1811,Aqua,MODIS,52,61.03,308,8.3,D,0
4.6767,-69.2083,322.2,1.1,1,2023-01-31,1811,Aqua,MODIS,47,61.03,305,9.8,D,0
4.8309,-68.2686,325.8,1,1,2023-01-31,1811,Aqua,MODIS,70,61.03,306,14.3,D,0
4.827,-68.2957,320.7,1,1,2023-01-31,1811,Aqua,MODIS,38,61.03,304,9.7,D,0
4.7735,-68.6608,338.3,1,1,2023-01-31,1811,Aqua,MODIS,78,61.03,309.3,24.9,D,0
3.9766,-74.1128,312.2,2.4,1.5,2023-01-31,1811,Aqua,MODIS,39,61.03,294.8,30.4,D,0
4.6824,-69.5345,330.8,1.1,1.1,2023-01-31,1811,Aqua,MODIS,78,61.03,305.2,21.9,D,0
4.6809,-69.5445,325.6,1.1,1.1,2023-01-31,1811,Aqua,MODIS,70,61.03,306.3,13.8,D,0
4.3205,-71.9557,319.6,1.6,1.2,2023-01-31,1811,Aqua,MODIS,50,61.03,303.5,12.7,D,0
4.643,-69.9337,326.8,1.2,1.1,2023-01-31,1811,Aqua,MODIS,53,61.03,305.4,15.6,D,0
4.6415,-69.9441,326.6,1.2,1.1,2023-01-31,1811,Aqua,MODIS,50,61.03,306.2,15.5,D,0
4.6526,-69.9351,339.5,1.2,1.1,2023-01-31,1811,Aqua,MODIS,85,61.03,310.3,36.3,D,0
4.6511,-69.9455,337.4,1.2,1.1,2023-01-31,1811,Aqua,MODIS,85,61.03,308.5,33.3,D,0
4.6622,-69.9365,348.6,1.2,1.1,2023-01-31,1811,Aqua,MODIS,93,61.03,310.1,58.2,D,0
4.6607,-69.9469,329,1.2,1.1,2023-01-31,1811,Aqua,MODIS,72,61.03,303.6,19.4,D,0
4.667,-69.9332,327.4,1.2,1.1,2023-01-31,1811,Aqua,MODIS,73,61.03,309.1,17.8,D,0
4.6655,-69.9436,320,1.2,1.1,2023-01-31,1811,Aqua,MODIS,16,61.03,305,7,D,0
4.2685,-72.7459,314.1,1.8,1.3,2023-01-31,1811,Aqua,MODIS,24,61.03,300.5,10.9,D,0
4.4491,-71.6442,331.2,1.5,1.2,2023-01-31,1811,Aqua,MODIS,81,61.03,306.2,34.4,D,0
5.0112,-68.0443,322.9,1,1,2023-01-31,1811,Aqua,MODIS,53,61.03,307.5,7.2,D,0
5.0099,-68.0533,325.2,1,1,2023-01-31,1811,Aqua,MODIS,68,61.03,307.9,10.1,D,0
4.7528,-70.0372,327,1.2,1.1,2023-01-31,1811,Aqua,MODIS,73,61.03,309.6,15.9,D,0
5.323,-66.1854,329.2,1.1,1,2023-01-31,1811,Aqua,MODIS,82,61.03,305.3,19.9,D,0
4.5431,-71.5554,324.7,1.5,1.2,2023-01-31,1811,Aqua,MODIS,62,61.03,306.8,20.7,D,0
4.6128,-71.2385,331.9,1.4,1.2,2023-01-31,1811,Aqua,MODIS,81,61.03,305.7,30.5,D,0
4.6109,-71.251,328.1,1.4,1.2,2023-01-31,1811,Aqua,MODIS,63,61.03,306.8,22.5,D,0
4.6195,-71.2652,324.8,1.4,1.2,2023-01-31,1811,Aqua,MODIS,49,61.03,307.5,17.3,D,0
4.5831,-71.508,320.6,1.5,1.2,2023-01-31,1811,Aqua,MODIS,50,61.03,304.5,13.2,D,0
5.4014,-65.9634,339.3,1.1,1,2023-01-31,1811,Aqua,MODIS,78,61.03,308,33.7,D,0
5.4001,-65.973,333.5,1.1,1,2023-01-31,1811,Aqua,MODIS,79,61.03,311,23.2,D,0
4.9065,-69.5666,324.6,1.1,1.1,2023-01-31,1811,Aqua,MODIS,53,61.03,307.2,14,D,0
4.905,-69.5765,324.1,1.1,1.1,2023-01-31,1811,Aqua,MODIS,55,61.03,308.5,13.8,D,0
4.6879,-71.1428,335.7,1.4,1.2,2023-01-31,1811,Aqua,MODIS,84,61.03,306.5,38.2,D,0
4.686,-71.1551,330,1.4,1.2,2023-01-31,1811,Aqua,MODIS,79,61.03,306.3,25.9,D,0
5.3235,-67.2826,330,1,1,2023-01-31,1811,Aqua,MODIS,81,61.03,301.8,22.5,D,0
5.3223,-67.2916,321.6,1,1,2023-01-31,1811,Aqua,MODIS,70,61.03,301.7,13,D,0
4.7677,-71.105,325.1,1.4,1.2,2023-01-31,1811,Aqua,MODIS,72,61.03,304.6,20.1,D,0
4.7737,-71.1115,327.2,1.4,1.2,2023-01-31,1811,Aqua,MODIS,75,61.03,305.2,23,D,0
5.052,-69.3336,332.6,1.1,1,2023-01-31,1811,Aqua,MODIS,80,61.03,306.4,21.1,D,0
5.0613,-69.3349,337.1,1.1,1,2023-01-31,1811,Aqua,MODIS,82,61.03,309.5,27.2,D,0
5.0598,-69.3446,336.5,1.1,1,2023-01-31,1811,Aqua,MODIS,84,61.03,309.9,26.9,D,0
5.0705,-69.3363,345.9,1.1,1,2023-01-31,1811,Aqua,MODIS,91,61.03,310.1,44,D,0
5.0691,-69.346,333.5,1.1,1,2023-01-31,1811,Aqua,MODIS,79,61.03,308.9,21.3,D,0
5.0827,-69.3184,328.4,1.1,1,2023-01-31,1811,Aqua,MODIS,47,61.03,311.1,14.4,D,0
5.0812,-69.328,351.4,1.1,1,2023-01-31,1811,Aqua,MODIS,95,61.03,311.3,57.9,D,0
5.0798,-69.3377,349.2,1.1,1,2023-01-31,1811,Aqua,MODIS,94,61.03,309.4,51.8,D,0
5.2762,-68.0555,362.2,1,1,2023-01-31,1811,Aqua,MODIS,100,61.03,309.3,76.6,D,0
5.0919,-69.3198,334.6,1.1,1,2023-01-31,1811,Aqua,MODIS,80,61.03,307.7,22.9,D,0
5.2851,-68.0568,332.8,1,1,2023-01-31,1811,Aqua,MODIS,66,61.03,311.8,15.9,D,0
5.3521,-67.6566,368,1,1,2023-01-31,1811,Aqua,MODIS,100,61.03,306.4,99.6,D,0
5.3508,-67.6655,331.7,1,1,2023-01-31,1811,Aqua,MODIS,82,61.03,304.6,20.5,D,0
5.156,-69.2573,332.7,1.1,1,2023-01-31,1811,Aqua,MODIS,80,61.03,309.6,20.5,D,0
5.0066,-70.2566,324.2,1.2,1.1,2023-01-31,1811,Aqua,MODIS,62,61.03,309.1,12.4,D,0
5.8785,-64.2505,331.3,1.3,1.2,2023-01-31,1811,Aqua,MODIS,77,61.03,293.8,35.8,D,0
5.1624,-69.2779,336.1,1.1,1,2023-01-31,1811,Aqua,MODIS,63,61.03,308.9,25.6,D,0
5.1133,-69.8044,332.1,1.1,1.1,2023-01-31,1811,Aqua,MODIS,71,61.03,311.5,18.6,D,0
5.1228,-69.8058,344.1,1.1,1.1,2023-01-31,1811,Aqua,MODIS,90,61.03,313,40.7,D,0
5.1308,-69.8173,331.9,1.1,1.1,2023-01-31,1811,Aqua,MODIS,62,61.03,311.2,16.8,D,0
5.6633,-66.3166,331.3,1.1,1,2023-01-31,1811,Aqua,MODIS,84,61.03,311.1,15.7,D,0
5.4421,-68.0555,331.9,1,1,2023-01-31,1811,Aqua,MODIS,72,61.03,308.8,16,D,0
4.4069,-74.8753,320.8,2.7,1.6,2023-01-31,1811,Aqua,MODIS,68,61.03,298.4,55,D,0
5.0703,-70.7118,326.2,1.3,1.1,2023-01-31,1811,Aqua,MODIS,66,61.03,305.1,16.4,D,0
5.0803,-70.7133,326,1.3,1.1,2023-01-31,1811,Aqua,MODIS,46,61.03,307.6,15.8,D,0
5.1003,-70.7163,336.3,1.3,1.1,2023-01-31,1811,Aqua,MODIS,84,61.03,306.8,33.6,D,0
5.1016,-70.7115,331.9,1.3,1.1,2023-01-31,1811,Aqua,MODIS,81,61.03,307.6,24.7,D,0
5.0998,-70.7228,325.4,1.3,1.1,2023-01-31,1811,Aqua,MODIS,46,61.03,306,13.3,D,0
5.5116,-68.0266,334.2,1,1,2023-01-31,1811,Aqua,MODIS,46,61.03,312.3,15.7,D,0
5.5103,-68.0356,351.5,1,1,2023-01-31,1811,Aqua,MODIS,95,61.03,315.7,46.1,D,0
5.2025,-70.1142,339.9,1.2,1.1,2023-01-31,1811,Aqua,MODIS,88,61.03,310.6,35.3,D,0
5.2009,-70.1247,339.1,1.2,1.1,2023-01-31,1811,Aqua,MODIS,87,61.03,310.6,33.7,D,0
5.2121,-70.1157,324.2,1.2,1.1,2023-01-31,1811,Aqua,MODIS,39,61.03,308.8,7.9,D,0
5.6016,-67.53,322.3,1,1,2023-01-31,1811,Aqua,MODIS,66,61.03,307.2,9.5,D,0
5.1965,-70.4861,346.5,1.2,1.1,2023-01-31,1811,Aqua,MODIS,92,61.03,309,56.2,D,0
5.1949,-70.4971,360.7,1.2,1.1,2023-01-31,1811,Aqua,MODIS,100,61.03,312.6,102.1,D,0
5.2063,-70.4876,331.4,1.2,1.1,2023-01-31,1811,Aqua,MODIS,75,61.03,310.7,22.9,D,0
5.2047,-70.4986,328.8,1.2,1.1,2023-01-31,1811,Aqua,MODIS,73,61.03,310.9,19.4,D,0
5.185,-70.6318,334.6,1.3,1.1,2023-01-31,1811,Aqua,MODIS,83,61.03,303.5,34.5,D,0
5.1833,-70.6431,340.5,1.3,1.1,2023-01-31,1811,Aqua,MODIS,88,61.03,306.4,48.2,D,0
5.7261,-67.5537,333.1,1,1,2023-01-31,1811,Aqua,MODIS,82,61.03,308.7,18.3,D,0
5.3997,-70.0284,330.9,1.2,1.1,2023-01-31,1811,Aqua,MODIS,79,61.03,309.4,23.1,D,0
5.4092,-70.0299,328.4,1.2,1.1,2023-01-31,1811,Aqua,MODIS,76,61.03,307.2,18.7,D,0
5.1647,-71.7069,319.3,1.5,1.2,2023-01-31,1811,Aqua,MODIS,67,61.03,302.8,14.5,D,0
5.1691,-71.9695,324.8,1.6,1.2,2023-01-31,1811,Aqua,MODIS,76,61.03,304.4,24.1,D,0
5.1671,-71.9833,331.7,1.6,1.2,2023-01-31,1811,Aqua,MODIS,83,61.03,304.3,40.1,D,0
5.8545,-67.3693,326.4,1,1,2023-01-31,1811,Aqua,MODIS,64,61.03,307.1,13.3,D,0
5.8532,-67.3783,324.3,1,1,2023-01-31,1811,Aqua,MODIS,61,61.03,309.4,11.4,D,0
5.7204,-68.4238,327.8,1,1,2023-01-31,1811,Aqua,MODIS,71,61.03,312.1,12.1,D,0
5.856,-67.8671,328.8,1,1,2023-01-31,1811,Aqua,MODIS,66,61.03,312,10.8,D,0
5.8534,-67.885,334.6,1,1,2023-01-31,1811,Aqua,MODIS,76,61.03,313.4,16.3,D,0
5.8496,-67.9117,331.1,1,1,2023-01-31,1811,Aqua,MODIS,35,61.03,312.8,11.7,D,0
5.8483,-67.9206,328.8,1,1,2023-01-31,1811,Aqua,MODIS,40,61.03,308.1,9.8,D,0
5.9381,-67.4236,344.3,1,1,2023-01-31,1811,Aqua,MODIS,90,61.03,308.6,38.1,D,0
5.7222,-69.4867,330.2,1.1,1,2023-01-31,1811,Aqua,MODIS,77,61.03,310.7,18.5,D,0
5.7243,-69.5367,324.1,1.1,1,2023-01-31,1811,Aqua,MODIS,60,61.03,307,9.7,D,0
5.7229,-69.5464,323.5,1.1,1,2023-01-31,1811,Aqua,MODIS,35,61.03,307.8,8.4,D,0
5.4347,-71.8883,321.8,1.5,1.2,2023-01-31,1812,Aqua,MODIS,51,61.03,305.5,16.2,D,0
5.8628,-69.5895,339.7,1.1,1,2023-01-31,1812,Aqua,MODIS,87,61.03,308.2,35.1,D,0
5.8157,-69.9068,326,1.1,1.1,2023-01-31,1812,Aqua,MODIS,61,61.03,309.3,14.4,D,0
5.6614,-71.1418,340.1,1.3,1.1,2023-01-31,1812,Aqua,MODIS,89,61.03,302.1,51.4,D,0
5.9282,-69.7659,336.4,1.1,1.1,2023-01-31,1812,Aqua,MODIS,85,61.03,306.2,29.8,D,0
5.9267,-69.7758,335.4,1.1,1.1,2023-01-31,1812,Aqua,MODIS,84,61.03,306.1,29,D,0
5.9376,-69.7673,321.3,1.1,1.1,2023-01-31,1812,Aqua,MODIS,46,61.03,306.6,7.9,D,0
5.9499,-69.7489,327.1,1.1,1.1,2023-01-31,1812,Aqua,MODIS,73,61.03,306.1,13.2,D,0
5.9484,-69.7588,329.9,1.1,1.1,2023-01-31,1812,Aqua,MODIS,78,61.03,308.5,18,D,0
5.9982,-69.6621,329.9,1.1,1,2023-01-31,1812,Aqua,MODIS,78,61.03,305.9,19.1,D,0
5.9967,-69.6719,325.5,1.1,1,2023-01-31,1812,Aqua,MODIS,55,61.03,304.8,13.3,D,0
5.7524,-72.6674,309.9,1.7,1.3,2023-01-31,1812,Aqua,MODIS,50,61.03,294.2,16.8,D,0
5.8528,-72.3146,319.4,1.6,1.2,2023-01-31,1812,Aqua,MODIS,55,61.03,300,26.5,D,0
5.8509,-72.3271,311.9,1.6,1.2,2023-01-31,1812,Aqua,MODIS,27,61.03,295,16.5,D,0
